"school_id","school_name","activity_name","alg","level_of_play","event_date","event_time","score","event_name","location","source_activity_url","matchup_link"
"953","Battle High School","Cross Country Boys","11","Varsity","9/2","","","Fleet Feet Classic","tournament","https://www.mshsaa.org/MySchool/Schedule.aspx?s=953&alg=11","https://www.mshsaa.org/MySchool/Tournament.aspx?s=953&alg=11&tournament=597909"
"953","Battle High School","Cross Country Girls","12","Varsity","9/2","","","Fleet Feet Classic","tournament","https://www.mshsaa.org/MySchool/Schedule.aspx?s=953&alg=12","https://www.mshsaa.org/MySchool/Tournament.aspx?s=953&alg=12&tournament=597914"
"953","Battle High School","Golf Girls","24","Varsity","9/2","","","Lady Laker Golf Invitational","tournament","https://www.mshsaa.org/MySchool/Schedule.aspx?s=953&alg=24","https://www.mshsaa.org/MySchool/Tournament.aspx?s=953&alg=24&tournament=589039"
"16","Boonville High School","Tennis Girls","49","Varsity","9/2","","7 - 2","Carrollton","home","https://www.mshsaa.org/MySchool/Schedule.aspx?s=16&alg=49","https://www.mshsaa.org/MySchool/Matchup.aspx?s=16&alg=49&comp=2677075"
"582","California High School","Cross Country Boys","11","Varsity","9/2","","","Versailles Warm-UP","tournament","https://www.mshsaa.org/MySchool/Schedule.aspx?s=582&alg=11","https://www.mshsaa.org/MySchool/Tournament.aspx?s=582&alg=11&tournament=583329"
"26","Camdenton High School","Golf Girls","24","Varsity","9/2","","","Laker Golf Invitational at Lake Valley","tournament","https://www.mshsaa.org/MySchool/Schedule.aspx?s=26&alg=24","https://www.mshsaa.org/MySchool/Tournament.aspx?s=26&alg=24&tournament=568359"
"26","Camdenton High School","Softball Fall Season","38","Varsity","9/2","","10 - 14","Bolivar","away","https://www.mshsaa.org/MySchool/Schedule.aspx?s=26&alg=38","https://www.mshsaa.org/MySchool/Matchup.aspx?s=26&alg=38&comp=2650261"
"26","Camdenton High School","Tennis Girls","49","Varsity","9/2","","2 - 7","Lebanon","away","https://www.mshsaa.org/MySchool/Schedule.aspx?s=26&alg=49","https://www.mshsaa.org/MySchool/Matchup.aspx?s=26&alg=49&comp=2742707"
"1540","Capital City High School","Golf Girls","24","Varsity","9/2","","","Lady Laker Golf Invitational","tournament","https://www.mshsaa.org/MySchool/Schedule.aspx?s=1540&alg=24","https://www.mshsaa.org/MySchool/Tournament.aspx?s=1540&alg=24&tournament=563801"
"1540","Capital City High School","Softball Fall Season","38","Varsity","9/2","","3 - 2","Linn","away","https://www.mshsaa.org/MySchool/Schedule.aspx?s=1540&alg=38","https://www.mshsaa.org/MySchool/Matchup.aspx?s=1540&alg=38&comp=2623137"
"1099","Christian Fellowship","Softball Fall Season","38","Varsity","9/2","","0 - 7","Harrisburg","away","https://www.mshsaa.org/MySchool/Schedule.aspx?s=1099&alg=38","https://www.mshsaa.org/MySchool/Matchup.aspx?s=1099&alg=38&comp=2616926"
"278","Eldon High School","Volleyball Girls","57","Varsity","9/2","","1 - 3","Linn","away","https://www.mshsaa.org/MySchool/Schedule.aspx?s=278&alg=57","https://www.mshsaa.org/MySchool/Matchup.aspx?s=278&alg=57&comp=2655808"
"917","Father Tolton","Golf Girls","24","Varsity","9/2","","","Lady Laker Golf Invitational","tournament","https://www.mshsaa.org/MySchool/Schedule.aspx?s=917&alg=24","https://www.mshsaa.org/MySchool/Tournament.aspx?s=917&alg=24&tournament=581501"
"917","Father Tolton","Soccer Boys","33","Varsity","9/2","","0 - 4","Rock Bridge","home","https://www.mshsaa.org/MySchool/Schedule.aspx?s=917&alg=33","https://www.mshsaa.org/MySchool/Matchup.aspx?s=917&alg=33&comp=2776023"
"294","Fayette High School","Golf Girls","24","Varsity","9/2","","","Salisbury Match - Salisbury, Glasgow, Paris, Fayette, South Shelby, Monroe City","tournament","https://www.mshsaa.org/MySchool/Schedule.aspx?s=294&alg=24","https://www.mshsaa.org/MySchool/Tournament.aspx?s=294&alg=24&tournament=572299"
"80","Fulton High School","Tennis Girls","49","Varsity","9/2","","0 - 9","Hannibal","away","https://www.mshsaa.org/MySchool/Schedule.aspx?s=80&alg=49","https://www.mshsaa.org/MySchool/Matchup.aspx?s=80&alg=49&comp=2682009"
"302","Glasgow High School","Golf Girls","24","Varsity","9/2","","","Salisbury Match - Salisbury, Glasgow, Paris, Fayette, South Shelby, Monroe City","tournament","https://www.mshsaa.org/MySchool/Schedule.aspx?s=302&alg=24","https://www.mshsaa.org/MySchool/Tournament.aspx?s=302&alg=24&tournament=585050"
"311","Hallsville High School","Softball Fall Season","38","Varsity","9/2","","0 - 7","Harrisburg","away","https://www.mshsaa.org/MySchool/Schedule.aspx?s=311&alg=38","https://www.mshsaa.org/MySchool/Matchup.aspx?s=311&alg=38&comp=2616926"
"313","Harrisburg High School","Softball Fall Season","38","Varsity","9/2","","7 - 0","Hallsville with Christian Fellowship Sr.","home","https://www.mshsaa.org/MySchool/Schedule.aspx?s=313&alg=38","https://www.mshsaa.org/MySchool/Matchup.aspx?s=313&alg=38&comp=2615652"
"522","Helias High School","Golf Girls","24","Varsity","9/2","","","Lady Laker Golf Invitational","tournament","https://www.mshsaa.org/MySchool/Schedule.aspx?s=522&alg=24","https://www.mshsaa.org/MySchool/Tournament.aspx?s=522&alg=24&tournament=547254"
"522","Helias High School","Volleyball Girls","57","Varsity","9/2","","3 - 0","Rolla","home","https://www.mshsaa.org/MySchool/Schedule.aspx?s=522&alg=57","https://www.mshsaa.org/MySchool/Matchup.aspx?s=522&alg=57&comp=2657413"
"85","Hickman High School","Tennis Girls","49","Varsity","9/2","","7 - 2","Rolla","away","https://www.mshsaa.org/MySchool/Schedule.aspx?s=85&alg=49","https://www.mshsaa.org/MySchool/Matchup.aspx?s=85&alg=49&comp=2674536"
"84","Jefferson City High School","Softball Fall Season","38","Varsity","9/2","","6 - 18","Warrensburg","home","https://www.mshsaa.org/MySchool/Schedule.aspx?s=84&alg=38","https://www.mshsaa.org/MySchool/Matchup.aspx?s=84&alg=38&comp=2639938"
"360","Marshall High School","Softball Fall Season","38","Varsity","9/2","","0 - 11","Oak Grove","home","https://www.mshsaa.org/MySchool/Schedule.aspx?s=360&alg=38","https://www.mshsaa.org/MySchool/Matchup.aspx?s=360&alg=38&comp=2650335"
"360","Marshall High School","Swimming and Diving Boys","44","Varsity","9/2","","","Ray Pec","tournament","https://www.mshsaa.org/MySchool/Schedule.aspx?s=360&alg=44","https://www.mshsaa.org/MySchool/Tournament.aspx?s=360&alg=44&tournament=592976"
"360","Marshall High School","Tennis Girls","49","Varsity","9/2","","2 - 7","Moberly","home","https://www.mshsaa.org/MySchool/Schedule.aspx?s=360&alg=49","https://www.mshsaa.org/MySchool/Matchup.aspx?s=360&alg=49&comp=2661597"
"128","Mexico High School","Softball Fall Season","38","Varsity","9/2","","15 - 4","Bowling Green","home","https://www.mshsaa.org/MySchool/Schedule.aspx?s=128&alg=38","https://www.mshsaa.org/MySchool/Matchup.aspx?s=128&alg=38&comp=2633659"
"128","Mexico High School","Volleyball Girls","57","Varsity","9/2","","","Kirksville","home","https://www.mshsaa.org/MySchool/Schedule.aspx?s=128&alg=57","https://www.mshsaa.org/MySchool/Matchup.aspx?s=128&alg=57&comp=2754483"
"132","Moberly High School","Golf Girls","24","Varsity","9/2","","","Lady Laker Golf Invitational","tournament","https://www.mshsaa.org/MySchool/Schedule.aspx?s=132&alg=24","https://www.mshsaa.org/MySchool/Tournament.aspx?s=132&alg=24&tournament=583615"
"132","Moberly High School","Softball Fall Season","38","Varsity","9/2","","3 - 11","Salisbury","home","https://www.mshsaa.org/MySchool/Schedule.aspx?s=132&alg=38","https://www.mshsaa.org/MySchool/Matchup.aspx?s=132&alg=38&comp=2756837"
"132","Moberly High School","Tennis Girls","49","Varsity","9/2","","7 - 2","Marshall","away","https://www.mshsaa.org/MySchool/Schedule.aspx?s=132&alg=49","https://www.mshsaa.org/MySchool/Matchup.aspx?s=132&alg=49&comp=2766806"
"152","Osage High School","Golf Girls","24","Varsity","9/2","","","Lady Laker Golf Invitational","tournament","https://www.mshsaa.org/MySchool/Schedule.aspx?s=152&alg=24","https://www.mshsaa.org/MySchool/Tournament.aspx?s=152&alg=24&tournament=581416"
"578","Rock Bridge High School","Golf Girls","24","Varsity","9/2","","","Lady Laker Golf Invitational","tournament","https://www.mshsaa.org/MySchool/Schedule.aspx?s=578&alg=24","https://www.mshsaa.org/MySchool/Tournament.aspx?s=578&alg=24&tournament=581573"
"578","Rock Bridge High School","Soccer Boys","33","Varsity","9/2","","4 - 0","Father Tolton","away","https://www.mshsaa.org/MySchool/Schedule.aspx?s=578&alg=33","https://www.mshsaa.org/MySchool/Matchup.aspx?s=578&alg=33&comp=2776032"
"430","Russellville High School","Cross Country Boys","11","Varsity","9/2","","","Versailles Warm-UP","tournament","https://www.mshsaa.org/MySchool/Schedule.aspx?s=430&alg=11","https://www.mshsaa.org/MySchool/Tournament.aspx?s=430&alg=11&tournament=584783"
"430","Russellville High School","Cross Country Girls","12","Varsity","9/2","","","Versailles Warm-UP","tournament","https://www.mshsaa.org/MySchool/Schedule.aspx?s=430&alg=12","https://www.mshsaa.org/MySchool/Tournament.aspx?s=430&alg=12&tournament=596280"
"431","Salisbury High School","Softball Fall Season","38","Varsity","9/2","","11 - 3","Moberly","away","https://www.mshsaa.org/MySchool/Schedule.aspx?s=431&alg=38","https://www.mshsaa.org/MySchool/Matchup.aspx?s=431&alg=38&comp=2632144"
"194","Smith-Cotton High School","Soccer Boys","33","Varsity","9/2","","10 - 9 (PK)","Raytown","away","https://www.mshsaa.org/MySchool/Schedule.aspx?s=194&alg=33","https://www.mshsaa.org/MySchool/Matchup.aspx?s=194&alg=33&comp=2663082"
"197","South Callaway High School","Golf Girls","24","Varsity","9/2","","","Eugene Quad","tournament","https://www.mshsaa.org/MySchool/Schedule.aspx?s=197&alg=24","https://www.mshsaa.org/MySchool/Tournament.aspx?s=197&alg=24&tournament=573915"
"197","South Callaway High School","Softball Fall Season","38","Varsity","9/2","","0 - 11","Vienna","away","https://www.mshsaa.org/MySchool/Schedule.aspx?s=197&alg=38","https://www.mshsaa.org/MySchool/Matchup.aspx?s=197&alg=38&comp=2724554"
"474","Tipton High School","Cross Country Boys","11","Varsity","9/2","","","Versailles Warm-UP","tournament","https://www.mshsaa.org/MySchool/Schedule.aspx?s=474&alg=11","https://www.mshsaa.org/MySchool/Tournament.aspx?s=474&alg=11&tournament=583137"
"474","Tipton High School","Cross Country Girls","12","Varsity","9/2","","","Versailles Warm-UP","tournament","https://www.mshsaa.org/MySchool/Schedule.aspx?s=474&alg=12","https://www.mshsaa.org/MySchool/Tournament.aspx?s=474&alg=12&tournament=596302"
"474","Tipton High School","Volleyball Girls","57","Varsity","9/2","","3 - 0","Prairie Home","away","https://www.mshsaa.org/MySchool/Schedule.aspx?s=474&alg=57","https://www.mshsaa.org/MySchool/Matchup.aspx?s=474&alg=57&comp=2635290"
"485","Versailles High School","Cross Country Boys","11","Varsity","9/2","4:00 pm","","Versailles Warm-UP","tournament","https://www.mshsaa.org/MySchool/Schedule.aspx?s=485&alg=11","https://www.mshsaa.org/MySchool/Tournament.aspx?s=485&alg=11&tournament=583089"
"485","Versailles High School","Cross Country Girls","12","Varsity","9/2","4:00 pm","","Versailles Warm-UP","tournament","https://www.mshsaa.org/MySchool/Schedule.aspx?s=485&alg=12","https://www.mshsaa.org/MySchool/Tournament.aspx?s=485&alg=12&tournament=585912"
"953","Battle High School","Soccer Boys","33","Varsity","9/3","","6 - 0","Sunnydale Adventist Acad HS","home","https://www.mshsaa.org/MySchool/Schedule.aspx?s=953&alg=33","https://www.mshsaa.org/MySchool/Matchup.aspx?s=953&alg=33&comp=2784981"
"953","Battle High School","Softball Fall Season","38","Varsity","9/3","","0 - 17","Centralia","away","https://www.mshsaa.org/MySchool/Schedule.aspx?s=953&alg=38","https://www.mshsaa.org/MySchool/Matchup.aspx?s=953&alg=38&comp=2762380"
"953","Battle High School","Tennis Girls","49","Varsity","9/3","","0 - 9","Smith-Cotton","away","https://www.mshsaa.org/MySchool/Schedule.aspx?s=953&alg=49","https://www.mshsaa.org/MySchool/Matchup.aspx?s=953&alg=49&comp=2766952"
"953","Battle High School","Volleyball Girls","57","Varsity","9/3","","","CMAC vs. OMC Crossover Tournament","tournament","https://www.mshsaa.org/MySchool/Schedule.aspx?s=953&alg=57","https://www.mshsaa.org/MySchool/Tournament.aspx?s=953&alg=57&tournament=589259"
"953","Battle High School","Volleyball Girls","57","Varsity","⤷ 9/3","","2 - 0","Bolivar","tournament","https://www.mshsaa.org/MySchool/Schedule.aspx?s=953&alg=57","https://www.mshsaa.org/MySchool/Matchup.aspx?s=953&alg=57&comp=2794602"
"953","Battle High School","Volleyball Girls","57","Varsity","⤷ 9/3","","2 - 0","Fair Grove","tournament","https://www.mshsaa.org/MySchool/Schedule.aspx?s=953&alg=57","https://www.mshsaa.org/MySchool/Matchup.aspx?s=953&alg=57&comp=2794603"
"953","Battle High School","Volleyball Girls","57","Varsity","⤷ 9/3","","2 - 0","Carl Junction","tournament","https://www.mshsaa.org/MySchool/Schedule.aspx?s=953&alg=57","https://www.mshsaa.org/MySchool/Matchup.aspx?s=953&alg=57&comp=2794604"
"217","Blair Oaks High School","Softball Fall Season","38","Varsity","9/3","","8 - 7","Eugene","away","https://www.mshsaa.org/MySchool/Schedule.aspx?s=217&alg=38","https://www.mshsaa.org/MySchool/Matchup.aspx?s=217&alg=38&comp=2632316"
"217","Blair Oaks High School","Volleyball Girls","57","Varsity","9/3","","3 - 1","Osage","away","https://www.mshsaa.org/MySchool/Schedule.aspx?s=217&alg=57","https://www.mshsaa.org/MySchool/Matchup.aspx?s=217&alg=57&comp=2632333"
"16","Boonville High School","Golf Girls","24","Varsity","9/3","","","Versailles","home","https://www.mshsaa.org/MySchool/Schedule.aspx?s=16&alg=24","https://www.mshsaa.org/MySchool/Matchup.aspx?s=16&alg=24&comp=2754010"
"16","Boonville High School","Soccer Boys","33","Varsity","9/3","","6 - 0","Smithton","home","https://www.mshsaa.org/MySchool/Schedule.aspx?s=16&alg=33","https://www.mshsaa.org/MySchool/Matchup.aspx?s=16&alg=33&comp=2641415"
"16","Boonville High School","Softball Fall Season","38","Varsity","9/3","","0 - 10","Hallsville with Christian Fellowship Sr.","away","https://www.mshsaa.org/MySchool/Schedule.aspx?s=16&alg=38","https://www.mshsaa.org/MySchool/Matchup.aspx?s=16&alg=38&comp=2633468"
"16","Boonville High School","Tennis Girls","49","Varsity","9/3","","4 - 5","Osage","home","https://www.mshsaa.org/MySchool/Schedule.aspx?s=16&alg=49","https://www.mshsaa.org/MySchool/Matchup.aspx?s=16&alg=49&comp=2747914"
"16","Boonville High School","Volleyball Girls","57","Varsity","9/3","","1 - 3","California","home","https://www.mshsaa.org/MySchool/Schedule.aspx?s=16&alg=57","https://www.mshsaa.org/MySchool/Matchup.aspx?s=16&alg=57&comp=2642369"
"582","California High School","Golf Girls","24","Varsity","9/3","","","Eldon","away","https://www.mshsaa.org/MySchool/Schedule.aspx?s=582&alg=24","https://www.mshsaa.org/MySchool/Matchup.aspx?s=582&alg=24&comp=2777754"
"582","California High School","Softball Fall Season","38","Varsity","9/3","","3 - 10","St. Elizabeth","away","https://www.mshsaa.org/MySchool/Schedule.aspx?s=582&alg=38","https://www.mshsaa.org/MySchool/Matchup.aspx?s=582&alg=38&comp=2618134"
"582","California High School","Volleyball Girls","57","Varsity","9/3","","3 - 1","Boonville","away","https://www.mshsaa.org/MySchool/Schedule.aspx?s=582&alg=57","https://www.mshsaa.org/MySchool/Matchup.aspx?s=582&alg=57&comp=2618089"
"26","Camdenton High School","Soccer Boys","33","Varsity","9/3","","6 - 1","West Plains","home","https://www.mshsaa.org/MySchool/Schedule.aspx?s=26&alg=33","https://www.mshsaa.org/MySchool/Matchup.aspx?s=26&alg=33&comp=2715169"
"26","Camdenton High School","Softball Fall Season","38","Varsity","9/3","","5 - 15","Russellville","away","https://www.mshsaa.org/MySchool/Schedule.aspx?s=26&alg=38","https://www.mshsaa.org/MySchool/Matchup.aspx?s=26&alg=38&comp=2650262"
"26","Camdenton High School","Volleyball Girls","57","Varsity","9/3","","","CMAC vs. OMC Crossover Tournament","tournament","https://www.mshsaa.org/MySchool/Schedule.aspx?s=26&alg=57","https://www.mshsaa.org/MySchool/Tournament.aspx?s=26&alg=57&tournament=578978"
"1540","Capital City High School","Soccer Boys","33","Varsity","9/3","","8 - 0","Paseo Academy","home","https://www.mshsaa.org/MySchool/Schedule.aspx?s=1540&alg=33","https://www.mshsaa.org/MySchool/Matchup.aspx?s=1540&alg=33&comp=2721205"
"1540","Capital City High School","Volleyball Girls","57","Varsity","9/3","","","CMAC vs. OMC Crossover Tournament @ Columbia Fieldhouse","tournament","https://www.mshsaa.org/MySchool/Schedule.aspx?s=1540&alg=57","https://www.mshsaa.org/MySchool/Tournament.aspx?s=1540&alg=57&tournament=547989"
"1540","Capital City High School","Volleyball Girls","57","Varsity","⤷ 9/3","","","Hillcrest","tournament","https://www.mshsaa.org/MySchool/Schedule.aspx?s=1540&alg=57","https://www.mshsaa.org/MySchool/Matchup.aspx?s=1540&alg=57&comp=2794765"
"1540","Capital City High School","Volleyball Girls","57","Varsity","⤷ 9/3","","","West Plains","tournament","https://www.mshsaa.org/MySchool/Schedule.aspx?s=1540&alg=57","https://www.mshsaa.org/MySchool/Matchup.aspx?s=1540&alg=57&comp=2794766"
"1540","Capital City High School","Volleyball Girls","57","Varsity","⤷ 9/3","","","Bolivar","tournament","https://www.mshsaa.org/MySchool/Schedule.aspx?s=1540&alg=57","https://www.mshsaa.org/MySchool/Matchup.aspx?s=1540&alg=57&comp=2794768"
"53","Centralia High School","Golf Girls","24","Varsity","9/3","","","Westran: Cairo, Paris, Centralia, North Shelby","tournament","https://www.mshsaa.org/MySchool/Schedule.aspx?s=53&alg=24","https://www.mshsaa.org/MySchool/Tournament.aspx?s=53&alg=24&tournament=552251"
"53","Centralia High School","Softball Fall Season","38","Varsity","9/3","","17 - 0","Battle","home","https://www.mshsaa.org/MySchool/Schedule.aspx?s=53&alg=38","https://www.mshsaa.org/MySchool/Matchup.aspx?s=53&alg=38&comp=2655427"
"53","Centralia High School","Volleyball Girls","57","Varsity","9/3","","1 - 3","Eldon","away","https://www.mshsaa.org/MySchool/Schedule.aspx?s=53&alg=57","https://www.mshsaa.org/MySchool/Matchup.aspx?s=53&alg=57&comp=2655576"
"1099","Christian Fellowship","Soccer Boys","33","Varsity","9/3","","2 - 1","Wright City","away","https://www.mshsaa.org/MySchool/Schedule.aspx?s=1099&alg=33","https://www.mshsaa.org/MySchool/Matchup.aspx?s=1099&alg=33&comp=2673458"
"1099","Christian Fellowship","Softball Fall Season","38","Varsity","9/3","","10 - 0","Boonville","home","https://www.mshsaa.org/MySchool/Schedule.aspx?s=1099&alg=38","https://www.mshsaa.org/MySchool/Matchup.aspx?s=1099&alg=38&comp=2633017"
"1099","Christian Fellowship","Volleyball Girls","57","Varsity","9/3","","0 - 3","Father Tolton","home","https://www.mshsaa.org/MySchool/Schedule.aspx?s=1099&alg=57","https://www.mshsaa.org/MySchool/Matchup.aspx?s=1099&alg=57&comp=2735873"
"566","Columbia Independent","Soccer Boys","33","Varsity","9/3","","6 - 0","Sunnydale Adventist Acad HS","home","https://www.mshsaa.org/MySchool/Schedule.aspx?s=566&alg=33","https://www.mshsaa.org/MySchool/Matchup.aspx?s=566&alg=33&comp=2784981"
"566","Columbia Independent","Volleyball Girls","57","Varsity","9/3","","3 - 0","Chamois","home","https://www.mshsaa.org/MySchool/Schedule.aspx?s=566&alg=57","https://www.mshsaa.org/MySchool/Matchup.aspx?s=566&alg=57&comp=2674303"
"278","Eldon High School","Golf Girls","24","Varsity","9/3","","","California","home","https://www.mshsaa.org/MySchool/Schedule.aspx?s=278&alg=24","https://www.mshsaa.org/MySchool/Matchup.aspx?s=278&alg=24&comp=2779968"
"278","Eldon High School","Softball Fall Season","38","Varsity","9/3","","1 - 13","Southern Boone","home","https://www.mshsaa.org/MySchool/Schedule.aspx?s=278&alg=38","https://www.mshsaa.org/MySchool/Matchup.aspx?s=278&alg=38&comp=2628670"
"278","Eldon High School","Volleyball Girls","57","Varsity","9/3","","3 - 1","Centralia","home","https://www.mshsaa.org/MySchool/Schedule.aspx?s=278&alg=57","https://www.mshsaa.org/MySchool/Matchup.aspx?s=278&alg=57&comp=2623017"
"917","Father Tolton","Softball Fall Season","38","Varsity","9/3","","1 - 11","Harrisburg","away","https://www.mshsaa.org/MySchool/Schedule.aspx?s=917&alg=38","https://www.mshsaa.org/MySchool/Matchup.aspx?s=917&alg=38&comp=2666115"
"917","Father Tolton","Tennis Girls","49","Varsity","9/3-4","","","Bolivar Duals","tournament","https://www.mshsaa.org/MySchool/Schedule.aspx?s=917&alg=49","https://www.mshsaa.org/MySchool/Tournament.aspx?s=917&alg=49&tournament=588892"
"917","Father Tolton","Tennis Girls","49","Varsity","⤷ 9/3","","5 - 4","Springfield Catholic","tournament","https://www.mshsaa.org/MySchool/Schedule.aspx?s=917&alg=49","https://www.mshsaa.org/MySchool/Matchup.aspx?s=917&alg=49&comp=2788202"
"917","Father Tolton","Volleyball Girls","57","Varsity","9/3","","3 - 0","Christian Fellowship Sr.","away","https://www.mshsaa.org/MySchool/Schedule.aspx?s=917&alg=57","https://www.mshsaa.org/MySchool/Matchup.aspx?s=917&alg=57&comp=2748532"
"294","Fayette High School","Golf Girls","24","Varsity","9/3","","","Marceline Open","tournament","https://www.mshsaa.org/MySchool/Schedule.aspx?s=294&alg=24","https://www.mshsaa.org/MySchool/Tournament.aspx?s=294&alg=24&tournament=572300"
"294","Fayette High School","Softball Fall Season","38","Varsity","9/3","","15 - 2","Sturgeon","home","https://www.mshsaa.org/MySchool/Schedule.aspx?s=294&alg=38","https://www.mshsaa.org/MySchool/Matchup.aspx?s=294&alg=38&comp=2635044"
"80","Fulton High School","Soccer Boys","33","Varsity","9/3","","2 - 1","Mexico","away","https://www.mshsaa.org/MySchool/Schedule.aspx?s=80&alg=33","https://www.mshsaa.org/MySchool/Matchup.aspx?s=80&alg=33&comp=2647563"
"80","Fulton High School","Softball Fall Season","38","Varsity","9/3","","5 - 17","Osage","away","https://www.mshsaa.org/MySchool/Schedule.aspx?s=80&alg=38","https://www.mshsaa.org/MySchool/Matchup.aspx?s=80&alg=38&comp=2653045"
"80","Fulton High School","Volleyball Girls","57","Varsity","9/3","","2 - 3","Marshall","away","https://www.mshsaa.org/MySchool/Schedule.aspx?s=80&alg=57","https://www.mshsaa.org/MySchool/Matchup.aspx?s=80&alg=57&comp=2642108"
"302","Glasgow High School","Baseball Fall Season","66","Varsity","9/3","","6 - 11","Community","away","https://www.mshsaa.org/MySchool/Schedule.aspx?s=302&alg=66","https://www.mshsaa.org/MySchool/Matchup.aspx?s=302&alg=66&comp=2783057"
"311","Hallsville High School","Soccer Boys","33","Varsity","9/3","","2 - 1","Wright City","away","https://www.mshsaa.org/MySchool/Schedule.aspx?s=311&alg=33","https://www.mshsaa.org/MySchool/Matchup.aspx?s=311&alg=33&comp=2673458"
"311","Hallsville High School","Softball Fall Season","38","Varsity","9/3","","10 - 0","Boonville","home","https://www.mshsaa.org/MySchool/Schedule.aspx?s=311&alg=38","https://www.mshsaa.org/MySchool/Matchup.aspx?s=311&alg=38&comp=2633017"
"311","Hallsville High School","Volleyball Girls","57","Varsity","9/3","","3 - 0","Sunnydale Adventist Acad HS","home","https://www.mshsaa.org/MySchool/Schedule.aspx?s=311&alg=57","https://www.mshsaa.org/MySchool/Matchup.aspx?s=311&alg=57&comp=2638632"
"313","Harrisburg High School","Softball Fall Season","38","Varsity","9/3","","11 - 1","Father Tolton","home","https://www.mshsaa.org/MySchool/Schedule.aspx?s=313&alg=38","https://www.mshsaa.org/MySchool/Matchup.aspx?s=313&alg=38&comp=2666031"
"522","Helias High School","Soccer Boys","33","Varsity","9/3","","1 - 0","Ozark","away","https://www.mshsaa.org/MySchool/Schedule.aspx?s=522&alg=33","https://www.mshsaa.org/MySchool/Matchup.aspx?s=522&alg=33&comp=2665468"
"522","Helias High School","Softball Fall Season","38","Varsity","9/3","","","Grain Valley","away","https://www.mshsaa.org/MySchool/Schedule.aspx?s=522&alg=38","https://www.mshsaa.org/MySchool/Matchup.aspx?s=522&alg=38&comp=2688081"
"522","Helias High School","Volleyball Girls","57","Varsity","9/3","","","CMAC VS OMC","tournament","https://www.mshsaa.org/MySchool/Schedule.aspx?s=522&alg=57","https://www.mshsaa.org/MySchool/Tournament.aspx?s=522&alg=57&tournament=556414"
"522","Helias High School","Volleyball Girls","57","Varsity","⤷ 9/3","","2 - 0","Logan-Rogersville","tournament","https://www.mshsaa.org/MySchool/Schedule.aspx?s=522&alg=57","https://www.mshsaa.org/MySchool/Matchup.aspx?s=522&alg=57&comp=2789022"
"522","Helias High School","Volleyball Girls","57","Varsity","⤷ 9/3","","2 - 0","West Plains","tournament","https://www.mshsaa.org/MySchool/Schedule.aspx?s=522&alg=57","https://www.mshsaa.org/MySchool/Matchup.aspx?s=522&alg=57&comp=2789024"
"522","Helias High School","Volleyball Girls","57","Varsity","⤷ 9/3","","2 - 0","Branson","tournament","https://www.mshsaa.org/MySchool/Schedule.aspx?s=522&alg=57","https://www.mshsaa.org/MySchool/Matchup.aspx?s=522&alg=57&comp=2794189"
"85","Hickman High School","Softball Fall Season","38","Varsity","9/3","","5 - 0","Rolla","away","https://www.mshsaa.org/MySchool/Schedule.aspx?s=85&alg=38","https://www.mshsaa.org/MySchool/Matchup.aspx?s=85&alg=38&comp=2712421"
"85","Hickman High School","Volleyball Girls","57","Varsity","9/3","","","CMAC vs. OMC Crossover Tournament","tournament","https://www.mshsaa.org/MySchool/Schedule.aspx?s=85&alg=57","https://www.mshsaa.org/MySchool/Tournament.aspx?s=85&alg=57&tournament=579353"
"85","Hickman High School","Volleyball Girls","57","Varsity","⤷ 9/3","","2 - 1","Carl Junction","tournament","https://www.mshsaa.org/MySchool/Schedule.aspx?s=85&alg=57","https://www.mshsaa.org/MySchool/Matchup.aspx?s=85&alg=57&comp=2794181"
"85","Hickman High School","Volleyball Girls","57","Varsity","⤷ 9/3","","2 - 0","Hillcrest","tournament","https://www.mshsaa.org/MySchool/Schedule.aspx?s=85&alg=57","https://www.mshsaa.org/MySchool/Matchup.aspx?s=85&alg=57&comp=2794182"
"85","Hickman High School","Volleyball Girls","57","Varsity","⤷ 9/3","","2 - 0","Fair Grove","tournament","https://www.mshsaa.org/MySchool/Schedule.aspx?s=85&alg=57","https://www.mshsaa.org/MySchool/Matchup.aspx?s=85&alg=57&comp=2794183"
"317","Higbee High School","Baseball Fall Season","66","Varsity","9/3","","10 - 5","La Plata","away","https://www.mshsaa.org/MySchool/Schedule.aspx?s=317&alg=66","https://www.mshsaa.org/MySchool/Matchup.aspx?s=317&alg=66&comp=2626881"
"317","Higbee High School","Softball Fall Season","38","Varsity","9/3","","7 - 8","La Plata","away","https://www.mshsaa.org/MySchool/Schedule.aspx?s=317&alg=38","https://www.mshsaa.org/MySchool/Matchup.aspx?s=317&alg=38&comp=2626899"
"84","Jefferson City High School","Soccer Boys","33","Varsity","9/3","","1 - 3","Central (Springfield)","home","https://www.mshsaa.org/MySchool/Schedule.aspx?s=84&alg=33","https://www.mshsaa.org/MySchool/Matchup.aspx?s=84&alg=33&comp=2756194"
"84","Jefferson City High School","Volleyball Girls","57","Varsity","9/3","","2 - 0","Marshfield","away","https://www.mshsaa.org/MySchool/Schedule.aspx?s=84&alg=57","https://www.mshsaa.org/MySchool/Matchup.aspx?s=84&alg=57&comp=2794925"
"84","Jefferson City High School","Volleyball Girls","57","Varsity","9/3","","1 - 2","Branson","away","https://www.mshsaa.org/MySchool/Schedule.aspx?s=84&alg=57","https://www.mshsaa.org/MySchool/Matchup.aspx?s=84&alg=57&comp=2794926"
"84","Jefferson City High School","Volleyball Girls","57","Varsity","9/3","","0 - 2","West Plains","away","https://www.mshsaa.org/MySchool/Schedule.aspx?s=84&alg=57","https://www.mshsaa.org/MySchool/Matchup.aspx?s=84&alg=57&comp=2794927"
"84","Jefferson City High School","Volleyball Girls","57","Varsity","9/3","","","CMAC vs. OMC Crossover Tournament","tournament","https://www.mshsaa.org/MySchool/Schedule.aspx?s=84&alg=57","https://www.mshsaa.org/MySchool/Tournament.aspx?s=84&alg=57&tournament=551664"
"360","Marshall High School","Golf Girls","24","Varsity","9/3","4:00 pm","","Marshall Quad","tournament","https://www.mshsaa.org/MySchool/Schedule.aspx?s=360&alg=24","https://www.mshsaa.org/MySchool/Tournament.aspx?s=360&alg=24&tournament=554356"
"360","Marshall High School","Golf Girls","24","Varsity","⤷ 9/3","","189 - 205","Smith-Cotton","tournament","https://www.mshsaa.org/MySchool/Schedule.aspx?s=360&alg=24","https://www.mshsaa.org/MySchool/Matchup.aspx?s=360&alg=24&comp=2792681"
"360","Marshall High School","Golf Girls","24","Varsity","⤷ 9/3","","189 - 200","Moberly","tournament","https://www.mshsaa.org/MySchool/Schedule.aspx?s=360&alg=24","https://www.mshsaa.org/MySchool/Matchup.aspx?s=360&alg=24&comp=2792682"
"360","Marshall High School","Golf Girls","24","Varsity","⤷ 9/3","","","Slater","tournament","https://www.mshsaa.org/MySchool/Schedule.aspx?s=360&alg=24","https://www.mshsaa.org/MySchool/Matchup.aspx?s=360&alg=24&comp=2792683"
"360","Marshall High School","Soccer Boys","33","Varsity","9/3","","5 - 0","Chillicothe","away","https://www.mshsaa.org/MySchool/Schedule.aspx?s=360&alg=33","https://www.mshsaa.org/MySchool/Matchup.aspx?s=360&alg=33&comp=2661576"
"360","Marshall High School","Tennis Girls","49","Varsity","9/3","","5 - 4","Kirksville","away","https://www.mshsaa.org/MySchool/Schedule.aspx?s=360&alg=49","https://www.mshsaa.org/MySchool/Matchup.aspx?s=360&alg=49&comp=2661598"
"360","Marshall High School","Volleyball Girls","57","Varsity","9/3","","3 - 2","Fulton","home","https://www.mshsaa.org/MySchool/Schedule.aspx?s=360&alg=57","https://www.mshsaa.org/MySchool/Matchup.aspx?s=360&alg=57&comp=2661607"
"128","Mexico High School","Golf Girls","24","Varsity","9/3","","","Mexico-Harrisburg-Palmyra-SoBoCo","tournament","https://www.mshsaa.org/MySchool/Schedule.aspx?s=128&alg=24","https://www.mshsaa.org/MySchool/Tournament.aspx?s=128&alg=24&tournament=586784"
"128","Mexico High School","Soccer Boys","33","Varsity","9/3","","1 - 2","Fulton","home","https://www.mshsaa.org/MySchool/Schedule.aspx?s=128&alg=33","https://www.mshsaa.org/MySchool/Matchup.aspx?s=128&alg=33&comp=2756448"
"132","Moberly High School","Golf Girls","24","Varsity","9/3","","","Marshall Quad","tournament","https://www.mshsaa.org/MySchool/Schedule.aspx?s=132&alg=24","https://www.mshsaa.org/MySchool/Tournament.aspx?s=132&alg=24&tournament=586013"
"132","Moberly High School","Soccer Boys","33","Varsity","9/3","","8 - 0","Canton","away","https://www.mshsaa.org/MySchool/Schedule.aspx?s=132&alg=33","https://www.mshsaa.org/MySchool/Matchup.aspx?s=132&alg=33&comp=2718485"
"132","Moberly High School","Softball Fall Season","38","Varsity","9/3","","","Kirksville","away","https://www.mshsaa.org/MySchool/Schedule.aspx?s=132&alg=38","https://www.mshsaa.org/MySchool/Matchup.aspx?s=132&alg=38&comp=2671684"
"139","North Callaway High School","Softball Fall Season","38","Varsity","9/3","","12 - 2","Van-Far","away","https://www.mshsaa.org/MySchool/Schedule.aspx?s=139&alg=38","https://www.mshsaa.org/MySchool/Matchup.aspx?s=139&alg=38&comp=2614149"
"139","North Callaway High School","Volleyball Girls","57","Varsity","9/3","","3 - 0","Montgomery County","home","https://www.mshsaa.org/MySchool/Schedule.aspx?s=139&alg=57","https://www.mshsaa.org/MySchool/Matchup.aspx?s=139&alg=57&comp=2615031"
"152","Osage High School","Softball Fall Season","38","Varsity","9/3","","17 - 5","Fulton","home","https://www.mshsaa.org/MySchool/Schedule.aspx?s=152&alg=38","https://www.mshsaa.org/MySchool/Matchup.aspx?s=152&alg=38&comp=2652982"
"152","Osage High School","Tennis Girls","49","Varsity","9/3","","5 - 4","Boonville","away","https://www.mshsaa.org/MySchool/Schedule.aspx?s=152&alg=49","https://www.mshsaa.org/MySchool/Matchup.aspx?s=152&alg=49&comp=2697348"
"152","Osage High School","Volleyball Girls","57","Varsity","9/3","","1 - 3","Blair Oaks","home","https://www.mshsaa.org/MySchool/Schedule.aspx?s=152&alg=57","https://www.mshsaa.org/MySchool/Matchup.aspx?s=152&alg=57&comp=2709003"
"578","Rock Bridge High School","Softball Fall Season","38","Varsity","9/3","","","at Papio South Papillion, NE","away","https://www.mshsaa.org/MySchool/Schedule.aspx?s=578&alg=38",""
"578","Rock Bridge High School","Volleyball Girls","57","Varsity","9/3","","","CMAC vs. OMC Crossover","tournament","https://www.mshsaa.org/MySchool/Schedule.aspx?s=578&alg=57","https://www.mshsaa.org/MySchool/Tournament.aspx?s=578&alg=57&tournament=579202"
"578","Rock Bridge High School","Volleyball Girls","57","Varsity","⤷ 9/3","","1 - 2","West Plains","tournament","https://www.mshsaa.org/MySchool/Schedule.aspx?s=578&alg=57","https://www.mshsaa.org/MySchool/Matchup.aspx?s=578&alg=57&comp=2786708"
"578","Rock Bridge High School","Volleyball Girls","57","Varsity","⤷ 9/3","","","Logan-Rogersville","tournament","https://www.mshsaa.org/MySchool/Schedule.aspx?s=578&alg=57","https://www.mshsaa.org/MySchool/Matchup.aspx?s=578&alg=57&comp=2786710"
"430","Russellville High School","Softball Fall Season","38","Varsity","9/3","","15 - 5","Camdenton","home","https://www.mshsaa.org/MySchool/Schedule.aspx?s=430&alg=38","https://www.mshsaa.org/MySchool/Matchup.aspx?s=430&alg=38&comp=2616298"
"430","Russellville High School","Volleyball Girls","57","Varsity","9/3","","3 - 1","La Monte","away","https://www.mshsaa.org/MySchool/Schedule.aspx?s=430&alg=57","https://www.mshsaa.org/MySchool/Matchup.aspx?s=430&alg=57&comp=2612877"
"431","Salisbury High School","Golf Girls","24","Varsity","9/3","","","Marceline Open","tournament","https://www.mshsaa.org/MySchool/Schedule.aspx?s=431&alg=24","https://www.mshsaa.org/MySchool/Tournament.aspx?s=431&alg=24&tournament=545809"
"194","Smith-Cotton High School","Golf Girls","24","Varsity","9/3","","","Marshall Quad","tournament","https://www.mshsaa.org/MySchool/Schedule.aspx?s=194&alg=24","https://www.mshsaa.org/MySchool/Tournament.aspx?s=194&alg=24&tournament=557511"
"194","Smith-Cotton High School","Tennis Girls","49","Varsity","9/3","","9 - 0","Battle","home","https://www.mshsaa.org/MySchool/Schedule.aspx?s=194&alg=49","https://www.mshsaa.org/MySchool/Matchup.aspx?s=194&alg=49&comp=2669518"
"194","Smith-Cotton High School","Volleyball Girls","57","Varsity","9/3","","","CMAC vs. OMC Crossover Tournament","tournament","https://www.mshsaa.org/MySchool/Schedule.aspx?s=194&alg=57","https://www.mshsaa.org/MySchool/Tournament.aspx?s=194&alg=57&tournament=548483"
"197","South Callaway High School","Softball Fall Season","38","Varsity","9/3","","6 - 4","St. James","home","https://www.mshsaa.org/MySchool/Schedule.aspx?s=197&alg=38","https://www.mshsaa.org/MySchool/Matchup.aspx?s=197&alg=38&comp=2732805"
"2","Southern Boone High School","Golf Girls","24","Varsity","9/3","4:00 pm","","Mexico-Harrisburg-Palmyra-SoBoCo","tournament","https://www.mshsaa.org/MySchool/Schedule.aspx?s=2&alg=24","https://www.mshsaa.org/MySchool/Tournament.aspx?s=2&alg=24&tournament=564530"
"2","Southern Boone High School","Soccer Boys","33","Varsity","9/3","","5 - 0","Elsberry with Silex","away","https://www.mshsaa.org/MySchool/Schedule.aspx?s=2&alg=33","https://www.mshsaa.org/MySchool/Matchup.aspx?s=2&alg=33&comp=2703027"
"2","Southern Boone High School","Softball Fall Season","38","Varsity","9/3","","13 - 1","Eldon","away","https://www.mshsaa.org/MySchool/Schedule.aspx?s=2&alg=38","https://www.mshsaa.org/MySchool/Matchup.aspx?s=2&alg=38&comp=2650862"
"2","Southern Boone High School","Volleyball Girls","57","Varsity","9/3","","","New Bloomfield","home","https://www.mshsaa.org/MySchool/Schedule.aspx?s=2&alg=57","https://www.mshsaa.org/MySchool/Matchup.aspx?s=2&alg=57&comp=2653880"
"474","Tipton High School","Volleyball Girls","57","Varsity","9/3","","0 - 3","Versailles","home","https://www.mshsaa.org/MySchool/Schedule.aspx?s=474&alg=57","https://www.mshsaa.org/MySchool/Matchup.aspx?s=474&alg=57&comp=2635291"
"485","Versailles High School","Golf Girls","24","Varsity","9/3","","","Boonville","away","https://www.mshsaa.org/MySchool/Schedule.aspx?s=485&alg=24","https://www.mshsaa.org/MySchool/Matchup.aspx?s=485&alg=24&comp=2629948"
"485","Versailles High School","Volleyball Girls","57","Varsity","9/3","","3 - 0","Tipton","away","https://www.mshsaa.org/MySchool/Schedule.aspx?s=485&alg=57","https://www.mshsaa.org/MySchool/Matchup.aspx?s=485&alg=57&comp=2643112"
"953","Battle High School","Football","19","Varsity","9/4","","0 - 38","Capital City","home","https://www.mshsaa.org/MySchool/Schedule.aspx?s=953&alg=19","https://www.mshsaa.org/MySchool/Matchup.aspx?s=953&alg=19&comp=2666891"
"953","Battle High School","Softball Fall Season","38","Varsity","9/4-5","","","Battle Round Robin","tournament","https://www.mshsaa.org/MySchool/Schedule.aspx?s=953&alg=38","https://www.mshsaa.org/MySchool/Tournament.aspx?s=953&alg=38&tournament=587103"
"953","Battle High School","Softball Fall Season","38","Varsity","⤷ 9/4","","4 - 7","Father Tolton","tournament","https://www.mshsaa.org/MySchool/Schedule.aspx?s=953&alg=38","https://www.mshsaa.org/MySchool/Matchup.aspx?s=953&alg=38&comp=2794779"
"953","Battle High School","Softball Fall Season","38","Varsity","⤷ 9/4","","16 - 6","Grandview","tournament","https://www.mshsaa.org/MySchool/Schedule.aspx?s=953&alg=38","https://www.mshsaa.org/MySchool/Matchup.aspx?s=953&alg=38&comp=2794781"
"953","Battle High School","Tennis Girls","49","Varsity","9/4","","","Mexico Dual Tennis Tournament","tournament","https://www.mshsaa.org/MySchool/Schedule.aspx?s=953&alg=49","https://www.mshsaa.org/MySchool/Tournament.aspx?s=953&alg=49&tournament=589101"
"953","Battle High School","Tennis Girls","49","Varsity","⤷ 9/4","","2 - 3","St. Charles West","tournament","https://www.mshsaa.org/MySchool/Schedule.aspx?s=953&alg=49","https://www.mshsaa.org/MySchool/Matchup.aspx?s=953&alg=49&comp=2794833"
"953","Battle High School","Tennis Girls","49","Varsity","⤷ 9/4","","1 - 4","Potosi","tournament","https://www.mshsaa.org/MySchool/Schedule.aspx?s=953&alg=49","https://www.mshsaa.org/MySchool/Matchup.aspx?s=953&alg=49&comp=2794834"
"953","Battle High School","Tennis Girls","49","Varsity","⤷ 9/4","","2 - 3","Fulton","tournament","https://www.mshsaa.org/MySchool/Schedule.aspx?s=953&alg=49","https://www.mshsaa.org/MySchool/Matchup.aspx?s=953&alg=49&comp=2794835"
"953","Battle High School","Tennis Girls","49","Varsity","⤷ 9/4","","3 - 2","Richmond","tournament","https://www.mshsaa.org/MySchool/Schedule.aspx?s=953&alg=49","https://www.mshsaa.org/MySchool/Matchup.aspx?s=953&alg=49&comp=2794836"
"217","Blair Oaks High School","Football","19","Varsity","9/4","","49 - 35","Lutheran North","away","https://www.mshsaa.org/MySchool/Schedule.aspx?s=217&alg=19","https://www.mshsaa.org/MySchool/Matchup.aspx?s=217&alg=19&comp=2627487"
"16","Boonville High School","Football","19","Varsity","9/4","","62 - 20","Marshall","away","https://www.mshsaa.org/MySchool/Schedule.aspx?s=16&alg=19","https://www.mshsaa.org/MySchool/Matchup.aspx?s=16&alg=19&comp=2651113"
"582","California High School","Football","19","Varsity","9/4","","33 - 6","Montgomery County","away","https://www.mshsaa.org/MySchool/Schedule.aspx?s=582&alg=19","https://www.mshsaa.org/MySchool/Matchup.aspx?s=582&alg=19&comp=2532062"
"26","Camdenton High School","Football","19","Varsity","9/4","","61 - 34","Jefferson City","away","https://www.mshsaa.org/MySchool/Schedule.aspx?s=26&alg=19","https://www.mshsaa.org/MySchool/Matchup.aspx?s=26&alg=19&comp=2696912"
"26","Camdenton High School","Swimming and Diving Boys","44","Varsity","9/4","","","Glendale","away","https://www.mshsaa.org/MySchool/Schedule.aspx?s=26&alg=44","https://www.mshsaa.org/MySchool/Matchup.aspx?s=26&alg=44&comp=2794029"
"1540","Capital City High School","Football","19","Varsity","9/4","","38 - 0","Battle","away","https://www.mshsaa.org/MySchool/Schedule.aspx?s=1540&alg=19","https://www.mshsaa.org/MySchool/Matchup.aspx?s=1540&alg=19&comp=2622647"
"1540","Capital City High School","Softball Fall Season","38","Varsity","9/4","","2 - 12","Fatima","away","https://www.mshsaa.org/MySchool/Schedule.aspx?s=1540&alg=38","https://www.mshsaa.org/MySchool/Matchup.aspx?s=1540&alg=38&comp=2623138"
"53","Centralia High School","Cross Country Boys","11","Varsity","9/4","","","Mexico Cross Country Invitational","tournament","https://www.mshsaa.org/MySchool/Schedule.aspx?s=53&alg=11","https://www.mshsaa.org/MySchool/Tournament.aspx?s=53&alg=11&tournament=589514"
"53","Centralia High School","Cross Country Girls","12","Varsity","9/4","","","Mexico Cross Country Invitational","tournament","https://www.mshsaa.org/MySchool/Schedule.aspx?s=53&alg=12","https://www.mshsaa.org/MySchool/Tournament.aspx?s=53&alg=12&tournament=589515"
"53","Centralia High School","Football","19","Varsity","9/4","","52 - 21","Hallsville","home","https://www.mshsaa.org/MySchool/Schedule.aspx?s=53&alg=19","https://www.mshsaa.org/MySchool/Matchup.aspx?s=53&alg=19&comp=2584442"
"1099","Christian Fellowship","Soccer Boys","33","Varsity","9/4","","3 - 2","Smithton","away","https://www.mshsaa.org/MySchool/Schedule.aspx?s=1099&alg=33","https://www.mshsaa.org/MySchool/Matchup.aspx?s=1099&alg=33&comp=2657233"
"278","Eldon High School","Football","19","Varsity","9/4","","0 - 28","Versailles","home","https://www.mshsaa.org/MySchool/Schedule.aspx?s=278&alg=19","https://www.mshsaa.org/MySchool/Matchup.aspx?s=278&alg=19&comp=2609436"
"917","Father Tolton","Football","19","Varsity","9/4","","26 - 40","St. Clair","home","https://www.mshsaa.org/MySchool/Schedule.aspx?s=917&alg=19","https://www.mshsaa.org/MySchool/Matchup.aspx?s=917&alg=19&comp=2571310"
"917","Father Tolton","Softball Fall Season","38","Varsity","9/4-5","","","Battle Round Robin","tournament","https://www.mshsaa.org/MySchool/Schedule.aspx?s=917&alg=38","https://www.mshsaa.org/MySchool/Tournament.aspx?s=917&alg=38&tournament=582148"
"917","Father Tolton","Softball Fall Season","38","Varsity","⤷ 9/4","","7 - 4","Battle","tournament","https://www.mshsaa.org/MySchool/Schedule.aspx?s=917&alg=38","https://www.mshsaa.org/MySchool/Matchup.aspx?s=917&alg=38&comp=2786096"
"917","Father Tolton","Tennis Girls","49","Varsity","⤷ 9/4","","","Nixa","tournament","https://www.mshsaa.org/MySchool/Schedule.aspx?s=917&alg=49","https://www.mshsaa.org/MySchool/Matchup.aspx?s=917&alg=49&comp=2788203"
"917","Father Tolton","Tennis Girls","49","Varsity","⤷ 9/4","","4 - 5","Bolivar","tournament","https://www.mshsaa.org/MySchool/Schedule.aspx?s=917&alg=49","https://www.mshsaa.org/MySchool/Matchup.aspx?s=917&alg=49&comp=2788204"
"294","Fayette High School","Football","19","Varsity","9/4","","12 - 7","Trenton","home","https://www.mshsaa.org/MySchool/Schedule.aspx?s=294&alg=19","https://www.mshsaa.org/MySchool/Matchup.aspx?s=294&alg=19&comp=2645746"
"80","Fulton High School","Football","19","Varsity","9/4","","19 - 26","Mexico","away","https://www.mshsaa.org/MySchool/Schedule.aspx?s=80&alg=19","https://www.mshsaa.org/MySchool/Matchup.aspx?s=80&alg=19&comp=2586573"
"80","Fulton High School","Tennis Girls","49","Varsity","9/4","","","Mexico Dual Tennis Tournament","tournament","https://www.mshsaa.org/MySchool/Schedule.aspx?s=80&alg=49","https://www.mshsaa.org/MySchool/Tournament.aspx?s=80&alg=49&tournament=585819"
"80","Fulton High School","Tennis Girls","49","Varsity","⤷ 9/4","","0 - 5","Potosi","tournament","https://www.mshsaa.org/MySchool/Schedule.aspx?s=80&alg=49","https://www.mshsaa.org/MySchool/Matchup.aspx?s=80&alg=49&comp=2794921"
"80","Fulton High School","Tennis Girls","49","Varsity","⤷ 9/4","","1 - 4","St. Charles West","tournament","https://www.mshsaa.org/MySchool/Schedule.aspx?s=80&alg=49","https://www.mshsaa.org/MySchool/Matchup.aspx?s=80&alg=49&comp=2794922"
"80","Fulton High School","Tennis Girls","49","Varsity","⤷ 9/4","","3 - 2","Battle","tournament","https://www.mshsaa.org/MySchool/Schedule.aspx?s=80&alg=49","https://www.mshsaa.org/MySchool/Matchup.aspx?s=80&alg=49&comp=2794923"
"80","Fulton High School","Tennis Girls","49","Varsity","⤷ 9/4","","1 - 4","Mexico","tournament","https://www.mshsaa.org/MySchool/Schedule.aspx?s=80&alg=49","https://www.mshsaa.org/MySchool/Matchup.aspx?s=80&alg=49&comp=2794924"
"311","Hallsville High School","Football","19","Varsity","9/4","","21 - 52","Centralia","away","https://www.mshsaa.org/MySchool/Schedule.aspx?s=311&alg=19","https://www.mshsaa.org/MySchool/Matchup.aspx?s=311&alg=19&comp=2589253"
"311","Hallsville High School","Soccer Boys","33","Varsity","9/4","","3 - 2","Smithton","away","https://www.mshsaa.org/MySchool/Schedule.aspx?s=311&alg=33","https://www.mshsaa.org/MySchool/Matchup.aspx?s=311&alg=33&comp=2657233"
"313","Harrisburg High School","Football","19","Varsity","9/4","","0 - 37","Clark County","home","https://www.mshsaa.org/MySchool/Schedule.aspx?s=313&alg=19","https://www.mshsaa.org/MySchool/Matchup.aspx?s=313&alg=19&comp=2522971"
"313","Harrisburg High School","Softball Fall Season","38","Varsity","9/4","","","Clark County","home","https://www.mshsaa.org/MySchool/Schedule.aspx?s=313&alg=38","https://www.mshsaa.org/MySchool/Matchup.aspx?s=313&alg=38&comp=2615654"
"522","Helias High School","Cross Country Boys","11","Varsity","9/4","","","1st Capitol XC Meet","tournament","https://www.mshsaa.org/MySchool/Schedule.aspx?s=522&alg=11","https://www.mshsaa.org/MySchool/Tournament.aspx?s=522&alg=11&tournament=544806"
"522","Helias High School","Cross Country Girls","12","Varsity","9/4","","","1st Capitol XC Meet","tournament","https://www.mshsaa.org/MySchool/Schedule.aspx?s=522&alg=12","https://www.mshsaa.org/MySchool/Tournament.aspx?s=522&alg=12&tournament=544819"
"522","Helias High School","Football","19","Varsity","9/4","","31 - 13","Hickman","away","https://www.mshsaa.org/MySchool/Schedule.aspx?s=522&alg=19","https://www.mshsaa.org/MySchool/Matchup.aspx?s=522&alg=19&comp=2627938"
"522","Helias High School","Softball Fall Season","38","Varsity","9/4-5","","","Kaiti Williams Softball Tournament","tournament","https://www.mshsaa.org/MySchool/Schedule.aspx?s=522&alg=38","https://www.mshsaa.org/MySchool/Tournament.aspx?s=522&alg=38&tournament=550671"
"522","Helias High School","Softball Fall Season","38","Varsity","⤷ 9/4","","0 - 5","⤷ Westview Omaha, NE","tournament","https://www.mshsaa.org/MySchool/Schedule.aspx?s=522&alg=38",""
"522","Helias High School","Softball Fall Season","38","Varsity","⤷ 9/4","","0 - 2","⤷ Gretna Gretna, NE","tournament","https://www.mshsaa.org/MySchool/Schedule.aspx?s=522&alg=38",""
"522","Helias High School","Volleyball Girls","57","Varsity","9/4","","2 - 1","Kickapoo","home","https://www.mshsaa.org/MySchool/Schedule.aspx?s=522&alg=57","https://www.mshsaa.org/MySchool/Matchup.aspx?s=522&alg=57&comp=2726904"
"522","Helias High School","Volleyball Girls","57","Varsity","9/4","","2 - 1","Nixa","home","https://www.mshsaa.org/MySchool/Schedule.aspx?s=522&alg=57","https://www.mshsaa.org/MySchool/Matchup.aspx?s=522&alg=57&comp=2726905"
"85","Hickman High School","Football","19","Varsity","9/4","","13 - 31","Helias Catholic","home","https://www.mshsaa.org/MySchool/Schedule.aspx?s=85&alg=19","https://www.mshsaa.org/MySchool/Matchup.aspx?s=85&alg=19&comp=2632780"
"85","Hickman High School","Soccer Boys","33","Varsity","9/4","","3 - 2","Central (Springfield)","away","https://www.mshsaa.org/MySchool/Schedule.aspx?s=85&alg=33","https://www.mshsaa.org/MySchool/Matchup.aspx?s=85&alg=33&comp=2720967"
"84","Jefferson City High School","Football","19","Varsity","9/4","","34 - 61","Camdenton","home","https://www.mshsaa.org/MySchool/Schedule.aspx?s=84&alg=19","https://www.mshsaa.org/MySchool/Matchup.aspx?s=84&alg=19&comp=2590044"
"84","Jefferson City High School","Softball Fall Season","38","Varsity","9/4","","0 - 11","St. Elizabeth","home","https://www.mshsaa.org/MySchool/Schedule.aspx?s=84&alg=38","https://www.mshsaa.org/MySchool/Matchup.aspx?s=84&alg=38&comp=2639939"
"84","Jefferson City High School","Volleyball Girls","57","Varsity","9/4","","0 - 2","Kickapoo","home","https://www.mshsaa.org/MySchool/Schedule.aspx?s=84&alg=57","https://www.mshsaa.org/MySchool/Matchup.aspx?s=84&alg=57&comp=2751317"
"84","Jefferson City High School","Volleyball Girls","57","Varsity","9/4","","0 - 2","Nixa","home","https://www.mshsaa.org/MySchool/Schedule.aspx?s=84&alg=57","https://www.mshsaa.org/MySchool/Matchup.aspx?s=84&alg=57&comp=2751318"
"360","Marshall High School","Football","19","Varsity","9/4","","20 - 62","Boonville","home","https://www.mshsaa.org/MySchool/Schedule.aspx?s=360&alg=19","https://www.mshsaa.org/MySchool/Matchup.aspx?s=360&alg=19&comp=2450264"
"128","Mexico High School","Cross Country Boys","11","Varsity","9/4","","","Mexico Cross Country Invitational","tournament","https://www.mshsaa.org/MySchool/Schedule.aspx?s=128&alg=11","https://www.mshsaa.org/MySchool/Tournament.aspx?s=128&alg=11&tournament=569370"
"128","Mexico High School","Cross Country Girls","12","Varsity","9/4","","","Mexico Cross Country Invitational","tournament","https://www.mshsaa.org/MySchool/Schedule.aspx?s=128&alg=12","https://www.mshsaa.org/MySchool/Tournament.aspx?s=128&alg=12&tournament=588293"
"128","Mexico High School","Football","19","Varsity","9/4","","26 - 19","Fulton","home","https://www.mshsaa.org/MySchool/Schedule.aspx?s=128&alg=19","https://www.mshsaa.org/MySchool/Matchup.aspx?s=128&alg=19&comp=2586282"
"128","Mexico High School","Softball Fall Season","38","Varsity","9/4-5","","","Battle Round Robin","tournament","https://www.mshsaa.org/MySchool/Schedule.aspx?s=128&alg=38","https://www.mshsaa.org/MySchool/Tournament.aspx?s=128&alg=38&tournament=554937"
"128","Mexico High School","Tennis Girls","49","Varsity","9/4","","","Mexico Dual Tennis Tournament","tournament","https://www.mshsaa.org/MySchool/Schedule.aspx?s=128&alg=49","https://www.mshsaa.org/MySchool/Tournament.aspx?s=128&alg=49&tournament=585380"
"128","Mexico High School","Tennis Girls","49","Varsity","⤷ 9/4","","2 - 3","Richmond","tournament","https://www.mshsaa.org/MySchool/Schedule.aspx?s=128&alg=49","https://www.mshsaa.org/MySchool/Matchup.aspx?s=128&alg=49&comp=2794184"
"128","Mexico High School","Tennis Girls","49","Varsity","⤷ 9/4","","3 - 2","Knob Noster","tournament","https://www.mshsaa.org/MySchool/Schedule.aspx?s=128&alg=49","https://www.mshsaa.org/MySchool/Matchup.aspx?s=128&alg=49&comp=2794185"
"128","Mexico High School","Tennis Girls","49","Varsity","⤷ 9/4","","0 - 5","St. Charles","tournament","https://www.mshsaa.org/MySchool/Schedule.aspx?s=128&alg=49","https://www.mshsaa.org/MySchool/Matchup.aspx?s=128&alg=49&comp=2794187"
"128","Mexico High School","Tennis Girls","49","Varsity","⤷ 9/4","","4 - 1","Fulton","tournament","https://www.mshsaa.org/MySchool/Schedule.aspx?s=128&alg=49","https://www.mshsaa.org/MySchool/Matchup.aspx?s=128&alg=49&comp=2794796"
"569","Missouri Military Academy","Cross Country Boys","11","Varsity","9/4","","","Mexico Cross Country Invitational","tournament","https://www.mshsaa.org/MySchool/Schedule.aspx?s=569&alg=11","https://www.mshsaa.org/MySchool/Tournament.aspx?s=569&alg=11&tournament=588310"
"132","Moberly High School","Football","19","Varsity","9/4","","55 - 21","Osage","home","https://www.mshsaa.org/MySchool/Schedule.aspx?s=132&alg=19","https://www.mshsaa.org/MySchool/Matchup.aspx?s=132&alg=19&comp=2518200"
"139","North Callaway High School","Cross Country Boys","11","Varsity","9/4","","","Mexico Cross Country Invitational","tournament","https://www.mshsaa.org/MySchool/Schedule.aspx?s=139&alg=11","https://www.mshsaa.org/MySchool/Tournament.aspx?s=139&alg=11&tournament=589017"
"139","North Callaway High School","Cross Country Girls","12","Varsity","9/4","","","Mexico Cross Country Invitational","tournament","https://www.mshsaa.org/MySchool/Schedule.aspx?s=139&alg=12","https://www.mshsaa.org/MySchool/Tournament.aspx?s=139&alg=12&tournament=589018"
"139","North Callaway High School","Football","19","Varsity","9/4","","28 - 35","Macon","home","https://www.mshsaa.org/MySchool/Schedule.aspx?s=139&alg=19","https://www.mshsaa.org/MySchool/Matchup.aspx?s=139&alg=19&comp=2591214"
"152","Osage High School","Football","19","Varsity","9/4","","21 - 55","Moberly","away","https://www.mshsaa.org/MySchool/Schedule.aspx?s=152&alg=19","https://www.mshsaa.org/MySchool/Matchup.aspx?s=152&alg=19&comp=2518993"
"578","Rock Bridge High School","Cross Country Boys","11","Varsity","9/4","","","Augustana Twilight","tournament","https://www.mshsaa.org/MySchool/Schedule.aspx?s=578&alg=11","https://www.mshsaa.org/MySchool/Tournament.aspx?s=578&alg=11&tournament=596593"
"578","Rock Bridge High School","Cross Country Girls","12","Varsity","9/4","","","Augustana Twilight","tournament","https://www.mshsaa.org/MySchool/Schedule.aspx?s=578&alg=12","https://www.mshsaa.org/MySchool/Tournament.aspx?s=578&alg=12&tournament=596600"
"578","Rock Bridge High School","Football","19","Varsity","9/4","","31 - 21","Smith-Cotton","away","https://www.mshsaa.org/MySchool/Schedule.aspx?s=578&alg=19","https://www.mshsaa.org/MySchool/Matchup.aspx?s=578&alg=19&comp=2669329"
"578","Rock Bridge High School","Softball Fall Season","38","Varsity","9/4-5","","","Kaiti Williams Leadoff Classic","tournament","https://www.mshsaa.org/MySchool/Schedule.aspx?s=578&alg=38","https://www.mshsaa.org/MySchool/Tournament.aspx?s=578&alg=38&tournament=589497"
"578","Rock Bridge High School","Tennis Girls","49","Varsity","9/4","","","Mid-MO Duals","tournament","https://www.mshsaa.org/MySchool/Schedule.aspx?s=578&alg=49","https://www.mshsaa.org/MySchool/Tournament.aspx?s=578&alg=49&tournament=573146"
"578","Rock Bridge High School","Tennis Girls","49","Varsity","⤷ 9/4","","4 - 5","Ladue Horton Watkins","tournament","https://www.mshsaa.org/MySchool/Schedule.aspx?s=578&alg=49","https://www.mshsaa.org/MySchool/Matchup.aspx?s=578&alg=49&comp=2790596"
"578","Rock Bridge High School","Tennis Girls","49","Varsity","⤷ 9/4","","7 - 2","⤷ Bentonville Bentonville, AR","tournament","https://www.mshsaa.org/MySchool/Schedule.aspx?s=578&alg=49",""
"430","Russellville High School","Football","19","Varsity","9/4","","47 - 6","Van-Far","home","https://www.mshsaa.org/MySchool/Schedule.aspx?s=430&alg=19","https://www.mshsaa.org/MySchool/Matchup.aspx?s=430&alg=19&comp=2523759"
"431","Salisbury High School","Football","19","Varsity","9/4","","26 - 13","Marceline","away","https://www.mshsaa.org/MySchool/Schedule.aspx?s=431&alg=19","https://www.mshsaa.org/MySchool/Matchup.aspx?s=431&alg=19&comp=2597957"
"194","Smith-Cotton High School","Football","19","Varsity","9/4","","21 - 31","Rock Bridge","home","https://www.mshsaa.org/MySchool/Schedule.aspx?s=194&alg=19","https://www.mshsaa.org/MySchool/Matchup.aspx?s=194&alg=19&comp=2669251"
"194","Smith-Cotton High School","Softball Fall Season","38","Varsity","9/4","","2 - 8","Republic","home","https://www.mshsaa.org/MySchool/Schedule.aspx?s=194&alg=38","https://www.mshsaa.org/MySchool/Matchup.aspx?s=194&alg=38&comp=2792128"
"194","Smith-Cotton High School","Tennis Girls","49","Varsity","9/4","","","Lee's Summit North Tournament","tournament","https://www.mshsaa.org/MySchool/Schedule.aspx?s=194&alg=49","https://www.mshsaa.org/MySchool/Tournament.aspx?s=194&alg=49&tournament=556732"
"197","South Callaway High School","Football","19","Varsity","9/4","","47 - 0","Hermann","away","https://www.mshsaa.org/MySchool/Schedule.aspx?s=197&alg=19","https://www.mshsaa.org/MySchool/Matchup.aspx?s=197&alg=19&comp=2639303"
"2","Southern Boone High School","Football","19","Varsity","9/4","","41 - 13","North County","home","https://www.mshsaa.org/MySchool/Schedule.aspx?s=2&alg=19","https://www.mshsaa.org/MySchool/Matchup.aspx?s=2&alg=19&comp=2626351"
"474","Tipton High School","Football","19","Varsity","9/4","","28 - 14","Pierce City","home","https://www.mshsaa.org/MySchool/Schedule.aspx?s=474&alg=19","https://www.mshsaa.org/MySchool/Matchup.aspx?s=474&alg=19&comp=2675196"
"485","Versailles High School","Football","19","Varsity","9/4","","28 - 0","Eldon","away","https://www.mshsaa.org/MySchool/Schedule.aspx?s=485&alg=19","https://www.mshsaa.org/MySchool/Matchup.aspx?s=485&alg=19&comp=2608913"
"953","Battle High School","Softball Fall Season","38","Varsity","⤷ 9/5","","6 - 17","Mexico","tournament","https://www.mshsaa.org/MySchool/Schedule.aspx?s=953&alg=38","https://www.mshsaa.org/MySchool/Matchup.aspx?s=953&alg=38&comp=2794780"
"217","Blair Oaks High School","Cross Country Boys","11","Varsity","9/5","8:00 am","","New Haven Invitational","tournament","https://www.mshsaa.org/MySchool/Schedule.aspx?s=217&alg=11","https://www.mshsaa.org/MySchool/Tournament.aspx?s=217&alg=11&tournament=589648"
"217","Blair Oaks High School","Cross Country Girls","12","Varsity","9/5","8:00 am","","New Haven Invitational","tournament","https://www.mshsaa.org/MySchool/Schedule.aspx?s=217&alg=12","https://www.mshsaa.org/MySchool/Tournament.aspx?s=217&alg=12&tournament=589650"
"26","Camdenton High School","Cross Country Boys","11","Varsity","9/5","","","SWCCCA Meet","tournament","https://www.mshsaa.org/MySchool/Schedule.aspx?s=26&alg=11","https://www.mshsaa.org/MySchool/Tournament.aspx?s=26&alg=11&tournament=578481"
"26","Camdenton High School","Cross Country Girls","12","Varsity","9/5","","","SWCCCA Meet","tournament","https://www.mshsaa.org/MySchool/Schedule.aspx?s=26&alg=12","https://www.mshsaa.org/MySchool/Tournament.aspx?s=26&alg=12&tournament=578927"
"26","Camdenton High School","Swimming and Diving Boys","44","Varsity","9/5","","","Ozarks Invitational","tournament","https://www.mshsaa.org/MySchool/Schedule.aspx?s=26&alg=44","https://www.mshsaa.org/MySchool/Tournament.aspx?s=26&alg=44&tournament=590443"
"1540","Capital City High School","Cross Country Boys","11","Varsity","9/5","9:00 am","","SWCCCA Meet","tournament","https://www.mshsaa.org/MySchool/Schedule.aspx?s=1540&alg=11","https://www.mshsaa.org/MySchool/Tournament.aspx?s=1540&alg=11&tournament=572809"
"1540","Capital City High School","Cross Country Girls","12","Varsity","9/5","9:00 am","","SWCCCA Meet","tournament","https://www.mshsaa.org/MySchool/Schedule.aspx?s=1540&alg=12","https://www.mshsaa.org/MySchool/Tournament.aspx?s=1540&alg=12&tournament=572817"
"53","Centralia High School","Softball Fall Season","38","Varsity","9/5","","","Centralia/Kirksville/Silex Tri","tournament","https://www.mshsaa.org/MySchool/Schedule.aspx?s=53&alg=38","https://www.mshsaa.org/MySchool/Tournament.aspx?s=53&alg=38&tournament=594794"
"278","Eldon High School","Softball Fall Season","38","Varsity","9/5","","","Lebanon","away","https://www.mshsaa.org/MySchool/Schedule.aspx?s=278&alg=38","https://www.mshsaa.org/MySchool/Matchup.aspx?s=278&alg=38&comp=2769082"
"917","Father Tolton","Cross Country Boys","11","Varsity","9/5","","","Tim Nixon Invitational","tournament","https://www.mshsaa.org/MySchool/Schedule.aspx?s=917&alg=11","https://www.mshsaa.org/MySchool/Tournament.aspx?s=917&alg=11&tournament=588190"
"917","Father Tolton","Cross Country Girls","12","Varsity","9/5","","","Tim Nixon Invitational","tournament","https://www.mshsaa.org/MySchool/Schedule.aspx?s=917&alg=12","https://www.mshsaa.org/MySchool/Tournament.aspx?s=917&alg=12&tournament=588191"
"917","Father Tolton","Softball Fall Season","38","Varsity","⤷ 9/5","","","Grandview","tournament","https://www.mshsaa.org/MySchool/Schedule.aspx?s=917&alg=38","https://www.mshsaa.org/MySchool/Matchup.aspx?s=917&alg=38&comp=2786097"
"917","Father Tolton","Softball Fall Season","38","Varsity","⤷ 9/5","","","Mexico","tournament","https://www.mshsaa.org/MySchool/Schedule.aspx?s=917&alg=38","https://www.mshsaa.org/MySchool/Matchup.aspx?s=917&alg=38&comp=2786098"
"80","Fulton High School","Cross Country Boys","11","Varsity","9/5","","","SWCCCA Meet","tournament","https://www.mshsaa.org/MySchool/Schedule.aspx?s=80&alg=11","https://www.mshsaa.org/MySchool/Tournament.aspx?s=80&alg=11&tournament=580264"
"80","Fulton High School","Cross Country Girls","12","Varsity","9/5","","","SWCCCA Meet","tournament","https://www.mshsaa.org/MySchool/Schedule.aspx?s=80&alg=12","https://www.mshsaa.org/MySchool/Tournament.aspx?s=80&alg=12&tournament=594831"
"522","Helias High School","Softball Fall Season","38","Varsity","⤷ 9/5","","7 - 2","⤷ Bellevue East Bellevue, NE","tournament","https://www.mshsaa.org/MySchool/Schedule.aspx?s=522&alg=38",""
"85","Hickman High School","Cross Country Boys","11","Varsity","9/5","","","Tim Nixon Invitational","tournament","https://www.mshsaa.org/MySchool/Schedule.aspx?s=85&alg=11","https://www.mshsaa.org/MySchool/Tournament.aspx?s=85&alg=11&tournament=587516"
"85","Hickman High School","Cross Country Girls","12","Varsity","9/5","","","Tim Nixon Invitational","tournament","https://www.mshsaa.org/MySchool/Schedule.aspx?s=85&alg=12","https://www.mshsaa.org/MySchool/Tournament.aspx?s=85&alg=12&tournament=587597"
"85","Hickman High School","Soccer Boys","33","Varsity","9/5","","","Parkview","away","https://www.mshsaa.org/MySchool/Schedule.aspx?s=85&alg=33","https://www.mshsaa.org/MySchool/Matchup.aspx?s=85&alg=33&comp=2720961"
"85","Hickman High School","Tennis Girls","49","Varsity","9/5","","6 - 3","Hannibal","home","https://www.mshsaa.org/MySchool/Schedule.aspx?s=85&alg=49","https://www.mshsaa.org/MySchool/Matchup.aspx?s=85&alg=49&comp=2674541"
"84","Jefferson City High School","Cross Country Boys","11","Varsity","9/5","","","Bolivar","away","https://www.mshsaa.org/MySchool/Schedule.aspx?s=84&alg=11","https://www.mshsaa.org/MySchool/Matchup.aspx?s=84&alg=11&comp=2608433"
"84","Jefferson City High School","Cross Country Girls","12","Varsity","9/5","","","Bolivar","away","https://www.mshsaa.org/MySchool/Schedule.aspx?s=84&alg=12","https://www.mshsaa.org/MySchool/Matchup.aspx?s=84&alg=12&comp=2608433"
"152","Osage High School","Cross Country Boys","11","Varsity","9/5","","","SWCCCA Meet","tournament","https://www.mshsaa.org/MySchool/Schedule.aspx?s=152&alg=11","https://www.mshsaa.org/MySchool/Tournament.aspx?s=152&alg=11&tournament=578475"
"152","Osage High School","Cross Country Girls","12","Varsity","9/5","","","SWCCCA Meet","tournament","https://www.mshsaa.org/MySchool/Schedule.aspx?s=152&alg=12","https://www.mshsaa.org/MySchool/Tournament.aspx?s=152&alg=12&tournament=578944"
"194","Smith-Cotton High School","Cross Country Boys","11","Varsity","9/5","","","Richard Clark Invite","tournament","https://www.mshsaa.org/MySchool/Schedule.aspx?s=194&alg=11","https://www.mshsaa.org/MySchool/Tournament.aspx?s=194&alg=11&tournament=593754"
"194","Smith-Cotton High School","Cross Country Girls","12","Varsity","9/5","","","Richard Clark Invite","tournament","https://www.mshsaa.org/MySchool/Schedule.aspx?s=194&alg=12","https://www.mshsaa.org/MySchool/Tournament.aspx?s=194&alg=12&tournament=593755"
"197","South Callaway High School","Cross Country Boys","11","Varsity","9/5","","","New Haven Invitational","tournament","https://www.mshsaa.org/MySchool/Schedule.aspx?s=197&alg=11","https://www.mshsaa.org/MySchool/Tournament.aspx?s=197&alg=11&tournament=573911"
"197","South Callaway High School","Cross Country Girls","12","Varsity","9/5","","","New Haven Invitational","tournament","https://www.mshsaa.org/MySchool/Schedule.aspx?s=197&alg=12","https://www.mshsaa.org/MySchool/Tournament.aspx?s=197&alg=12&tournament=573912"
"26","Camdenton High School","Tennis Girls","49","Varsity","9/7","4:00 pm","","Jefferson City","home","https://www.mshsaa.org/MySchool/Schedule.aspx?s=26&alg=49","https://www.mshsaa.org/MySchool/Matchup.aspx?s=26&alg=49&comp=2775267"
"1099","Christian Fellowship","Softball Fall Season","38","Varsity","9/7","5:00 pm","","Mexico","home","https://www.mshsaa.org/MySchool/Schedule.aspx?s=1099&alg=38","https://www.mshsaa.org/MySchool/Matchup.aspx?s=1099&alg=38&comp=2633018"
"311","Hallsville High School","Softball Fall Season","38","Varsity","9/7","5:00 pm","","Mexico","home","https://www.mshsaa.org/MySchool/Schedule.aspx?s=311&alg=38","https://www.mshsaa.org/MySchool/Matchup.aspx?s=311&alg=38&comp=2633018"
"85","Hickman High School","Softball Fall Season","38","Varsity","9/7","5:00 pm","","Jefferson City","home","https://www.mshsaa.org/MySchool/Schedule.aspx?s=85&alg=38","https://www.mshsaa.org/MySchool/Matchup.aspx?s=85&alg=38&comp=2744123"
"84","Jefferson City High School","Softball Fall Season","38","Varsity","9/7","5:00 pm","","Hickman","away","https://www.mshsaa.org/MySchool/Schedule.aspx?s=84&alg=38","https://www.mshsaa.org/MySchool/Matchup.aspx?s=84&alg=38&comp=2639940"
"84","Jefferson City High School","Swimming and Diving Boys","44","Varsity","9/7","5:00 pm","","Hickman","home","https://www.mshsaa.org/MySchool/Schedule.aspx?s=84&alg=44","https://www.mshsaa.org/MySchool/Matchup.aspx?s=84&alg=44&comp=2774475"
"360","Marshall High School","Volleyball Girls","57","Varsity","9/7","6:00 pm","","Brookfield","away","https://www.mshsaa.org/MySchool/Schedule.aspx?s=360&alg=57","https://www.mshsaa.org/MySchool/Matchup.aspx?s=360&alg=57&comp=2661608"
"128","Mexico High School","Softball Fall Season","38","Varsity","9/7","5:00 pm","","Hallsville with Christian Fellowship Sr.","away","https://www.mshsaa.org/MySchool/Schedule.aspx?s=128&alg=38","https://www.mshsaa.org/MySchool/Matchup.aspx?s=128&alg=38&comp=2633656"
"953","Battle High School","Soccer Boys","33","Varsity","9/8","7:15 pm","","Rock Bridge","away","https://www.mshsaa.org/MySchool/Schedule.aspx?s=953&alg=33","https://www.mshsaa.org/MySchool/Matchup.aspx?s=953&alg=33&comp=2667382"
"953","Battle High School","Softball Fall Season","38","Varsity","9/8","5:00 pm","","Rock Bridge","away","https://www.mshsaa.org/MySchool/Schedule.aspx?s=953&alg=38","https://www.mshsaa.org/MySchool/Matchup.aspx?s=953&alg=38&comp=2762431"
"217","Blair Oaks High School","Softball Fall Season","38","Varsity","9/8","5:00 pm","","Capital City","home","https://www.mshsaa.org/MySchool/Schedule.aspx?s=217&alg=38","https://www.mshsaa.org/MySchool/Matchup.aspx?s=217&alg=38&comp=2632318"
"217","Blair Oaks High School","Volleyball Girls","57","Varsity","9/8","7:00 pm","","Hermann","home","https://www.mshsaa.org/MySchool/Schedule.aspx?s=217&alg=57","https://www.mshsaa.org/MySchool/Matchup.aspx?s=217&alg=57&comp=2632295"
"16","Boonville High School","Cross Country Boys","11","Varsity","9/8","","","MMA Cross Country Invite","tournament","https://www.mshsaa.org/MySchool/Schedule.aspx?s=16&alg=11","https://www.mshsaa.org/MySchool/Tournament.aspx?s=16&alg=11&tournament=573401"
"16","Boonville High School","Cross Country Girls","12","Varsity","9/8","","","MMA Cross Country Invite","tournament","https://www.mshsaa.org/MySchool/Schedule.aspx?s=16&alg=12","https://www.mshsaa.org/MySchool/Tournament.aspx?s=16&alg=12&tournament=590542"
"16","Boonville High School","Soccer Boys","33","Varsity","9/8","5:00 pm","","Fulton","home","https://www.mshsaa.org/MySchool/Schedule.aspx?s=16&alg=33","https://www.mshsaa.org/MySchool/Matchup.aspx?s=16&alg=33&comp=2747917"
"16","Boonville High School","Softball Fall Season","38","Varsity","9/8","5:00 pm","","Osage","home","https://www.mshsaa.org/MySchool/Schedule.aspx?s=16&alg=38","https://www.mshsaa.org/MySchool/Matchup.aspx?s=16&alg=38&comp=2656418"
"16","Boonville High School","Volleyball Girls","57","Varsity","9/8","6:00 pm","","Centralia","away","https://www.mshsaa.org/MySchool/Schedule.aspx?s=16&alg=57","https://www.mshsaa.org/MySchool/Matchup.aspx?s=16&alg=57&comp=2679932"
"582","California High School","Golf Girls","24","Varsity","9/8","","","Fulton Quad","tournament","https://www.mshsaa.org/MySchool/Schedule.aspx?s=582&alg=24","https://www.mshsaa.org/MySchool/Tournament.aspx?s=582&alg=24&tournament=588962"
"582","California High School","Softball Fall Season","38","Varsity","9/8","5:00 pm","","Eldon","home","https://www.mshsaa.org/MySchool/Schedule.aspx?s=582&alg=38","https://www.mshsaa.org/MySchool/Matchup.aspx?s=582&alg=38&comp=2618135"
"582","California High School","Volleyball Girls","57","Varsity","9/8","7:00 pm","","Smith-Cotton","away","https://www.mshsaa.org/MySchool/Schedule.aspx?s=582&alg=57","https://www.mshsaa.org/MySchool/Matchup.aspx?s=582&alg=57&comp=2618091"
"26","Camdenton High School","Soccer Boys","33","Varsity","9/8","6:45 pm","","Capital City","away","https://www.mshsaa.org/MySchool/Schedule.aspx?s=26&alg=33","https://www.mshsaa.org/MySchool/Matchup.aspx?s=26&alg=33&comp=2768771"
"26","Camdenton High School","Softball Fall Season","38","Varsity","9/8","5:00 pm","","St. Elizabeth","away","https://www.mshsaa.org/MySchool/Schedule.aspx?s=26&alg=38","https://www.mshsaa.org/MySchool/Matchup.aspx?s=26&alg=38&comp=2650263"
"26","Camdenton High School","Swimming and Diving Boys","44","Varsity","9/8","","","Carthage Duals","tournament","https://www.mshsaa.org/MySchool/Schedule.aspx?s=26&alg=44","https://www.mshsaa.org/MySchool/Tournament.aspx?s=26&alg=44&tournament=590444"
"26","Camdenton High School","Volleyball Girls","57","Varsity","9/8","7:30 pm","","West Plains","home","https://www.mshsaa.org/MySchool/Schedule.aspx?s=26&alg=57","https://www.mshsaa.org/MySchool/Matchup.aspx?s=26&alg=57&comp=2670322"
"1540","Capital City High School","Soccer Boys","33","Varsity","9/8","6:45 pm","","Camdenton","home","https://www.mshsaa.org/MySchool/Schedule.aspx?s=1540&alg=33","https://www.mshsaa.org/MySchool/Matchup.aspx?s=1540&alg=33&comp=2662530"
"1540","Capital City High School","Softball Fall Season","38","Varsity","9/8","5:00 pm","","Blair Oaks","away","https://www.mshsaa.org/MySchool/Schedule.aspx?s=1540&alg=38","https://www.mshsaa.org/MySchool/Matchup.aspx?s=1540&alg=38&comp=2623139"
"53","Centralia High School","Softball Fall Season","38","Varsity","9/8","5:00 pm","","Highland","home","https://www.mshsaa.org/MySchool/Schedule.aspx?s=53&alg=38","https://www.mshsaa.org/MySchool/Matchup.aspx?s=53&alg=38&comp=2655428"
"53","Centralia High School","Volleyball Girls","57","Varsity","9/8","7:00 pm","","Boonville","home","https://www.mshsaa.org/MySchool/Schedule.aspx?s=53&alg=57","https://www.mshsaa.org/MySchool/Matchup.aspx?s=53&alg=57&comp=2655578"
"1099","Christian Fellowship","Soccer Boys","33","Varsity","9/8","6:00 pm","","Calvary Lutheran","away","https://www.mshsaa.org/MySchool/Schedule.aspx?s=1099&alg=33","https://www.mshsaa.org/MySchool/Matchup.aspx?s=1099&alg=33&comp=2722566"
"1099","Christian Fellowship","Softball Fall Season","38","Varsity","9/8","5:00 pm","","Salisbury","away","https://www.mshsaa.org/MySchool/Schedule.aspx?s=1099&alg=38","https://www.mshsaa.org/MySchool/Matchup.aspx?s=1099&alg=38&comp=2632454"
"1099","Christian Fellowship","Swimming and Diving Boys","44","Varsity","9/8","4:00 pm","","Hannibal","away","https://www.mshsaa.org/MySchool/Schedule.aspx?s=1099&alg=44","https://www.mshsaa.org/MySchool/Matchup.aspx?s=1099&alg=44&comp=2776177"
"1099","Christian Fellowship","Swimming and Diving Boys","44","Varsity","9/8","","","MMA/Marshall","tournament","https://www.mshsaa.org/MySchool/Schedule.aspx?s=1099&alg=44","https://www.mshsaa.org/MySchool/Tournament.aspx?s=1099&alg=44&tournament=564678"
"1099","Christian Fellowship","Volleyball Girls","57","Varsity","9/8","6:00 pm","","Green Ridge","away","https://www.mshsaa.org/MySchool/Schedule.aspx?s=1099&alg=57","https://www.mshsaa.org/MySchool/Matchup.aspx?s=1099&alg=57&comp=2655595"
"566","Columbia Independent","Soccer Boys","33","Varsity","9/8","7:15 pm","","Rock Bridge","away","https://www.mshsaa.org/MySchool/Schedule.aspx?s=566&alg=33","https://www.mshsaa.org/MySchool/Matchup.aspx?s=566&alg=33&comp=2667382"
"566","Columbia Independent","Swimming and Diving Boys","44","Varsity","9/8","4:00 pm","","Hannibal","away","https://www.mshsaa.org/MySchool/Schedule.aspx?s=566&alg=44","https://www.mshsaa.org/MySchool/Matchup.aspx?s=566&alg=44&comp=2776177"
"566","Columbia Independent","Swimming and Diving Boys","44","Varsity","9/8","","","MMA/Marshall","tournament","https://www.mshsaa.org/MySchool/Schedule.aspx?s=566&alg=44","https://www.mshsaa.org/MySchool/Tournament.aspx?s=566&alg=44&tournament=564678"
"566","Columbia Independent","Volleyball Girls","57","Varsity","9/8","7:30 pm","","La Monte","home","https://www.mshsaa.org/MySchool/Schedule.aspx?s=566&alg=57","https://www.mshsaa.org/MySchool/Matchup.aspx?s=566&alg=57&comp=2632450"
"278","Eldon High School","Softball Fall Season","38","Varsity","9/8","5:00 pm","","California","away","https://www.mshsaa.org/MySchool/Schedule.aspx?s=278&alg=38","https://www.mshsaa.org/MySchool/Matchup.aspx?s=278&alg=38&comp=2628671"
"278","Eldon High School","Volleyball Girls","57","Varsity","9/8","6:30 pm","","Eugene","home","https://www.mshsaa.org/MySchool/Schedule.aspx?s=278&alg=57","https://www.mshsaa.org/MySchool/Matchup.aspx?s=278&alg=57&comp=2623020"
"917","Father Tolton","Golf Girls","24","Varsity","9/8","","","Harrisburg Match","tournament","https://www.mshsaa.org/MySchool/Schedule.aspx?s=917&alg=24","https://www.mshsaa.org/MySchool/Tournament.aspx?s=917&alg=24&tournament=590114"
"917","Father Tolton","Soccer Boys","33","Varsity","9/8","6:30 pm","","Sacred Heart","home","https://www.mshsaa.org/MySchool/Schedule.aspx?s=917&alg=33","https://www.mshsaa.org/MySchool/Matchup.aspx?s=917&alg=33&comp=2665262"
"917","Father Tolton","Tennis Girls","49","Varsity","9/8","4:30 pm","","Kirksville","home","https://www.mshsaa.org/MySchool/Schedule.aspx?s=917&alg=49","https://www.mshsaa.org/MySchool/Matchup.aspx?s=917&alg=49&comp=2759081"
"917","Father Tolton","Volleyball Girls","57","Varsity","9/8","7:30 pm","","Osage","home","https://www.mshsaa.org/MySchool/Schedule.aspx?s=917&alg=57","https://www.mshsaa.org/MySchool/Matchup.aspx?s=917&alg=57&comp=2713680"
"294","Fayette High School","Softball Fall Season","38","Varsity","9/8","5:00 pm","","New Bloomfield","home","https://www.mshsaa.org/MySchool/Schedule.aspx?s=294&alg=38","https://www.mshsaa.org/MySchool/Matchup.aspx?s=294&alg=38&comp=2635046"
"80","Fulton High School","Golf Girls","24","Varsity","9/8","4:00 pm","","Fulton Quad","tournament","https://www.mshsaa.org/MySchool/Schedule.aspx?s=80&alg=24","https://www.mshsaa.org/MySchool/Tournament.aspx?s=80&alg=24&tournament=579520"
"80","Fulton High School","Soccer Boys","33","Varsity","9/8","5:00 pm","","Boonville","away","https://www.mshsaa.org/MySchool/Schedule.aspx?s=80&alg=33","https://www.mshsaa.org/MySchool/Matchup.aspx?s=80&alg=33&comp=2647565"
"80","Fulton High School","Softball Fall Season","38","Varsity","9/8","5:00 pm","","Eugene","home","https://www.mshsaa.org/MySchool/Schedule.aspx?s=80&alg=38","https://www.mshsaa.org/MySchool/Matchup.aspx?s=80&alg=38&comp=2635707"
"80","Fulton High School","Volleyball Girls","57","Varsity","9/8","6:00 pm","","North Callaway","home","https://www.mshsaa.org/MySchool/Schedule.aspx?s=80&alg=57","https://www.mshsaa.org/MySchool/Matchup.aspx?s=80&alg=57&comp=2642110"
"302","Glasgow High School","Baseball Fall Season","66","Varsity","9/8","5:00 pm","","Jamestown (JV)","home","https://www.mshsaa.org/MySchool/Schedule.aspx?s=302&alg=66","https://www.mshsaa.org/MySchool/Matchup.aspx?s=302&alg=66&comp=2727927"
"311","Hallsville High School","Golf Girls","24","Varsity","9/8","","","Harrisburg Match","tournament","https://www.mshsaa.org/MySchool/Schedule.aspx?s=311&alg=24","https://www.mshsaa.org/MySchool/Tournament.aspx?s=311&alg=24&tournament=543960"
"311","Hallsville High School","Soccer Boys","33","Varsity","9/8","6:00 pm","","Calvary Lutheran","away","https://www.mshsaa.org/MySchool/Schedule.aspx?s=311&alg=33","https://www.mshsaa.org/MySchool/Matchup.aspx?s=311&alg=33&comp=2722566"
"311","Hallsville High School","Softball Fall Season","38","Varsity","9/8","5:00 pm","","Salisbury","away","https://www.mshsaa.org/MySchool/Schedule.aspx?s=311&alg=38","https://www.mshsaa.org/MySchool/Matchup.aspx?s=311&alg=38&comp=2632454"
"311","Hallsville High School","Volleyball Girls","57","Varsity","9/8","7:00 pm","","Mexico","away","https://www.mshsaa.org/MySchool/Schedule.aspx?s=311&alg=57","https://www.mshsaa.org/MySchool/Matchup.aspx?s=311&alg=57&comp=2656160"
"313","Harrisburg High School","Cross Country Boys","11","Varsity","9/8","5:00 pm","","Highland","away","https://www.mshsaa.org/MySchool/Schedule.aspx?s=313&alg=11","https://www.mshsaa.org/MySchool/Matchup.aspx?s=313&alg=11&comp=2748765"
"313","Harrisburg High School","Cross Country Boys","11","Varsity","9/8","","","2026 Highland Cougar Charge","tournament","https://www.mshsaa.org/MySchool/Schedule.aspx?s=313&alg=11","https://www.mshsaa.org/MySchool/Tournament.aspx?s=313&alg=11&tournament=599867"
"313","Harrisburg High School","Cross Country Girls","12","Varsity","9/8","5:00 pm","","Highland","away","https://www.mshsaa.org/MySchool/Schedule.aspx?s=313&alg=12","https://www.mshsaa.org/MySchool/Matchup.aspx?s=313&alg=12&comp=2748769"
"313","Harrisburg High School","Cross Country Girls","12","Varsity","9/8","","","2026 Highland Cougar Charge","tournament","https://www.mshsaa.org/MySchool/Schedule.aspx?s=313&alg=12","https://www.mshsaa.org/MySchool/Tournament.aspx?s=313&alg=12&tournament=599868"
"313","Harrisburg High School","Golf Girls","24","Varsity","9/8","4:00 pm","","Harrisburg Match","tournament","https://www.mshsaa.org/MySchool/Schedule.aspx?s=313&alg=24","https://www.mshsaa.org/MySchool/Tournament.aspx?s=313&alg=24&tournament=543824"
"522","Helias High School","Soccer Boys","33","Varsity","9/8","7:00 pm","","Hickman","away","https://www.mshsaa.org/MySchool/Schedule.aspx?s=522&alg=33","https://www.mshsaa.org/MySchool/Matchup.aspx?s=522&alg=33&comp=2666696"
"522","Helias High School","Tennis Girls","49","Varsity","9/8","2:00 pm","","Helias Invitational","tournament","https://www.mshsaa.org/MySchool/Schedule.aspx?s=522&alg=49","https://www.mshsaa.org/MySchool/Tournament.aspx?s=522&alg=49&tournament=544829"
"85","Hickman High School","Soccer Boys","33","Varsity","9/8","7:00 pm","","Helias Catholic","home","https://www.mshsaa.org/MySchool/Schedule.aspx?s=85&alg=33","https://www.mshsaa.org/MySchool/Matchup.aspx?s=85&alg=33&comp=2675495"
"85","Hickman High School","Softball Fall Season","38","Varsity","9/8","6:00 pm","","Southern Boone","away","https://www.mshsaa.org/MySchool/Schedule.aspx?s=85&alg=38","https://www.mshsaa.org/MySchool/Matchup.aspx?s=85&alg=38&comp=2712423"
"317","Higbee High School","Softball Fall Season","38","Varsity","9/8","5:30 pm","","Norborne with Hardin-Central","away","https://www.mshsaa.org/MySchool/Schedule.aspx?s=317&alg=38","https://www.mshsaa.org/MySchool/Matchup.aspx?s=317&alg=38&comp=2626901"
"84","Jefferson City High School","Golf Girls","24","Varsity","9/8","4:00 pm","","Fulton","away","https://www.mshsaa.org/MySchool/Schedule.aspx?s=84&alg=24","https://www.mshsaa.org/MySchool/Matchup.aspx?s=84&alg=24&comp=2768552"
"84","Jefferson City High School","Soccer Boys","33","Varsity","9/8","6:30 pm","","Smith-Cotton","home","https://www.mshsaa.org/MySchool/Schedule.aspx?s=84&alg=33","https://www.mshsaa.org/MySchool/Matchup.aspx?s=84&alg=33&comp=2660239"
"360","Marshall High School","Soccer Boys","33","Varsity","9/8","6:30 pm","","Mexico","home","https://www.mshsaa.org/MySchool/Schedule.aspx?s=360&alg=33","https://www.mshsaa.org/MySchool/Matchup.aspx?s=360&alg=33&comp=2661577"
"360","Marshall High School","Tennis Girls","49","Varsity","9/8","5:00 pm","","Sacred Heart","away","https://www.mshsaa.org/MySchool/Schedule.aspx?s=360&alg=49","https://www.mshsaa.org/MySchool/Matchup.aspx?s=360&alg=49&comp=2769714"
"360","Marshall High School","Volleyball Girls","57","Varsity","9/8","6:30 pm","","Warrensburg","home","https://www.mshsaa.org/MySchool/Schedule.aspx?s=360&alg=57","https://www.mshsaa.org/MySchool/Matchup.aspx?s=360&alg=57&comp=2661609"
"128","Mexico High School","Soccer Boys","33","Varsity","9/8","6:30 pm","","Marshall","away","https://www.mshsaa.org/MySchool/Schedule.aspx?s=128&alg=33","https://www.mshsaa.org/MySchool/Matchup.aspx?s=128&alg=33&comp=2681812"
"128","Mexico High School","Softball Fall Season","38","Varsity","9/8","5:00 pm","","Kirksville","away","https://www.mshsaa.org/MySchool/Schedule.aspx?s=128&alg=38","https://www.mshsaa.org/MySchool/Matchup.aspx?s=128&alg=38&comp=2663196"
"128","Mexico High School","Tennis Girls","49","Varsity","9/8","4:00 pm","","Hannibal","home","https://www.mshsaa.org/MySchool/Schedule.aspx?s=128&alg=49","https://www.mshsaa.org/MySchool/Matchup.aspx?s=128&alg=49&comp=2681818"
"128","Mexico High School","Volleyball Girls","57","Varsity","9/8","7:00 pm","","Hallsville","home","https://www.mshsaa.org/MySchool/Schedule.aspx?s=128&alg=57","https://www.mshsaa.org/MySchool/Matchup.aspx?s=128&alg=57&comp=2652128"
"569","Missouri Military Academy","Cross Country Boys","11","Varsity","9/8","","","MMA Cross Country Invite","tournament","https://www.mshsaa.org/MySchool/Schedule.aspx?s=569&alg=11","https://www.mshsaa.org/MySchool/Tournament.aspx?s=569&alg=11&tournament=573167"
"569","Missouri Military Academy","Soccer Boys","33","Varsity","9/8","5:00 pm","","Eugene","away","https://www.mshsaa.org/MySchool/Schedule.aspx?s=569&alg=33","https://www.mshsaa.org/MySchool/Matchup.aspx?s=569&alg=33&comp=2576712"
"132","Moberly High School","Soccer Boys","33","Varsity","9/8","6:45 pm","","Southern Boone","away","https://www.mshsaa.org/MySchool/Schedule.aspx?s=132&alg=33","https://www.mshsaa.org/MySchool/Matchup.aspx?s=132&alg=33&comp=2638608"
"132","Moberly High School","Softball Fall Season","38","Varsity","9/8","5:00 pm","","Hannibal","home","https://www.mshsaa.org/MySchool/Schedule.aspx?s=132&alg=38","https://www.mshsaa.org/MySchool/Matchup.aspx?s=132&alg=38&comp=2671686"
"139","North Callaway High School","Softball Fall Season","38","Varsity","9/8","4:30 pm","","Wright City","home","https://www.mshsaa.org/MySchool/Schedule.aspx?s=139&alg=38","https://www.mshsaa.org/MySchool/Matchup.aspx?s=139&alg=38&comp=2614151"
"139","North Callaway High School","Volleyball Girls","57","Varsity","9/8","6:00 pm","","Fulton","away","https://www.mshsaa.org/MySchool/Schedule.aspx?s=139&alg=57","https://www.mshsaa.org/MySchool/Matchup.aspx?s=139&alg=57&comp=2615033"
"152","Osage High School","Soccer Boys","33","Varsity","9/8","6:45 pm","","Sullivan","home","https://www.mshsaa.org/MySchool/Schedule.aspx?s=152&alg=33","https://www.mshsaa.org/MySchool/Matchup.aspx?s=152&alg=33&comp=2674884"
"152","Osage High School","Softball Fall Season","38","Varsity","9/8","5:00 pm","","Boonville","away","https://www.mshsaa.org/MySchool/Schedule.aspx?s=152&alg=38","https://www.mshsaa.org/MySchool/Matchup.aspx?s=152&alg=38&comp=2656322"
"152","Osage High School","Tennis Girls","49","Varsity","9/8","4:00 pm","","Knob Noster","away","https://www.mshsaa.org/MySchool/Schedule.aspx?s=152&alg=49","https://www.mshsaa.org/MySchool/Matchup.aspx?s=152&alg=49&comp=2697350"
"152","Osage High School","Volleyball Girls","57","Varsity","9/8","7:30 pm","","Father Tolton","away","https://www.mshsaa.org/MySchool/Schedule.aspx?s=152&alg=57","https://www.mshsaa.org/MySchool/Matchup.aspx?s=152&alg=57&comp=2709005"
"578","Rock Bridge High School","Golf Girls","24","Varsity","9/8","","","Lady Jaguar Invitational","tournament","https://www.mshsaa.org/MySchool/Schedule.aspx?s=578&alg=24","https://www.mshsaa.org/MySchool/Tournament.aspx?s=578&alg=24&tournament=582835"
"578","Rock Bridge High School","Soccer Boys","33","Varsity","9/8","7:15 pm","","Battle with Columbia Independent","home","https://www.mshsaa.org/MySchool/Schedule.aspx?s=578&alg=33","https://www.mshsaa.org/MySchool/Matchup.aspx?s=578&alg=33&comp=2660326"
"578","Rock Bridge High School","Softball Fall Season","38","Varsity","9/8","5:00 pm","","Battle","home","https://www.mshsaa.org/MySchool/Schedule.aspx?s=578&alg=38","https://www.mshsaa.org/MySchool/Matchup.aspx?s=578&alg=38&comp=2763954"
"430","Russellville High School","Golf Girls","24","Varsity","9/8","","","Fulton Quad","tournament","https://www.mshsaa.org/MySchool/Schedule.aspx?s=430&alg=24","https://www.mshsaa.org/MySchool/Tournament.aspx?s=430&alg=24&tournament=586876"
"430","Russellville High School","Softball Fall Season","38","Varsity","9/8","5:00 pm","","Vienna","home","https://www.mshsaa.org/MySchool/Schedule.aspx?s=430&alg=38","https://www.mshsaa.org/MySchool/Matchup.aspx?s=430&alg=38&comp=2616300"
"430","Russellville High School","Volleyball Girls","57","Varsity","9/8","6:30 pm","","Cole Camp","away","https://www.mshsaa.org/MySchool/Schedule.aspx?s=430&alg=57","https://www.mshsaa.org/MySchool/Matchup.aspx?s=430&alg=57&comp=2612879"
"431","Salisbury High School","Cross Country Boys","11","Varsity","9/8","4:30 pm","","Highland","away","https://www.mshsaa.org/MySchool/Schedule.aspx?s=431&alg=11","https://www.mshsaa.org/MySchool/Matchup.aspx?s=431&alg=11&comp=2632440"
"431","Salisbury High School","Cross Country Girls","12","Varsity","9/8","4:30 pm","","Highland","away","https://www.mshsaa.org/MySchool/Schedule.aspx?s=431&alg=12","https://www.mshsaa.org/MySchool/Matchup.aspx?s=431&alg=12&comp=2632440"
"431","Salisbury High School","Golf Girls","24","Varsity","9/8","","","Harrisburg Match","tournament","https://www.mshsaa.org/MySchool/Schedule.aspx?s=431&alg=24","https://www.mshsaa.org/MySchool/Tournament.aspx?s=431&alg=24&tournament=545810"
"431","Salisbury High School","Softball Fall Season","38","Varsity","9/8","5:00 pm","","Hallsville with Christian Fellowship Sr.","home","https://www.mshsaa.org/MySchool/Schedule.aspx?s=431&alg=38","https://www.mshsaa.org/MySchool/Matchup.aspx?s=431&alg=38&comp=2632145"
"194","Smith-Cotton High School","Soccer Boys","33","Varsity","9/8","6:30 pm","","Jefferson City","away","https://www.mshsaa.org/MySchool/Schedule.aspx?s=194&alg=33","https://www.mshsaa.org/MySchool/Matchup.aspx?s=194&alg=33&comp=2677005"
"194","Smith-Cotton High School","Swimming and Diving Boys","44","Varsity","9/8","","","Lee's Summit Duals","tournament","https://www.mshsaa.org/MySchool/Schedule.aspx?s=194&alg=44","https://www.mshsaa.org/MySchool/Tournament.aspx?s=194&alg=44&tournament=575863"
"194","Smith-Cotton High School","Volleyball Girls","57","Varsity","9/8","7:00 pm","","California","home","https://www.mshsaa.org/MySchool/Schedule.aspx?s=194&alg=57","https://www.mshsaa.org/MySchool/Matchup.aspx?s=194&alg=57&comp=2643398"
"197","South Callaway High School","Softball Fall Season","38","Varsity","9/8","5:00 pm","","Van-Far","home","https://www.mshsaa.org/MySchool/Schedule.aspx?s=197&alg=38","https://www.mshsaa.org/MySchool/Matchup.aspx?s=197&alg=38&comp=2726186"
"2","Southern Boone High School","Soccer Boys","33","Varsity","9/8","6:30 pm","","Moberly","home","https://www.mshsaa.org/MySchool/Schedule.aspx?s=2&alg=33","https://www.mshsaa.org/MySchool/Matchup.aspx?s=2&alg=33&comp=2637953"
"2","Southern Boone High School","Softball Fall Season","38","Varsity","9/8","5:30 pm","","Hickman","home","https://www.mshsaa.org/MySchool/Schedule.aspx?s=2&alg=38","https://www.mshsaa.org/MySchool/Matchup.aspx?s=2&alg=38&comp=2650863"
"474","Tipton High School","Volleyball Girls","57","Varsity","9/8","7:00 pm","","Skyline","away","https://www.mshsaa.org/MySchool/Schedule.aspx?s=474&alg=57","https://www.mshsaa.org/MySchool/Matchup.aspx?s=474&alg=57&comp=2635294"
"485","Versailles High School","Golf Girls","24","Varsity","9/8-9","","","Clinton Tournament","tournament","https://www.mshsaa.org/MySchool/Schedule.aspx?s=485&alg=24","https://www.mshsaa.org/MySchool/Tournament.aspx?s=485&alg=24&tournament=583085"
"485","Versailles High School","Volleyball Girls","57","Varsity","9/8","7:00 pm","","Clinton","away","https://www.mshsaa.org/MySchool/Schedule.aspx?s=485&alg=57","https://www.mshsaa.org/MySchool/Matchup.aspx?s=485&alg=57&comp=2643114"
"953","Battle High School","Golf Girls","24","Varsity","9/9","","","Helias Invitational","tournament","https://www.mshsaa.org/MySchool/Schedule.aspx?s=953&alg=24","https://www.mshsaa.org/MySchool/Tournament.aspx?s=953&alg=24&tournament=589041"
"953","Battle High School","Softball Fall Season","38","Varsity","9/9","4:30 pm","","Rolla","away","https://www.mshsaa.org/MySchool/Schedule.aspx?s=953&alg=38","https://www.mshsaa.org/MySchool/Matchup.aspx?s=953&alg=38&comp=2762381"
"953","Battle High School","Swimming and Diving Boys","44","Varsity","9/9","","","Sedalia Duals","tournament","https://www.mshsaa.org/MySchool/Schedule.aspx?s=953&alg=44","https://www.mshsaa.org/MySchool/Tournament.aspx?s=953&alg=44&tournament=589114"
"953","Battle High School","Tennis Girls","49","Varsity","9/9","4:30 pm","","Mexico","home","https://www.mshsaa.org/MySchool/Schedule.aspx?s=953&alg=49","https://www.mshsaa.org/MySchool/Matchup.aspx?s=953&alg=49&comp=2766285"
"217","Blair Oaks High School","Golf Girls","24","Varsity","9/9","","","Helias Invitational","tournament","https://www.mshsaa.org/MySchool/Schedule.aspx?s=217&alg=24","https://www.mshsaa.org/MySchool/Tournament.aspx?s=217&alg=24&tournament=547260"
"217","Blair Oaks High School","Softball Fall Season","38","Varsity","9/9","5:00 pm","","Hallsville with Christian Fellowship Sr.","home","https://www.mshsaa.org/MySchool/Schedule.aspx?s=217&alg=38","https://www.mshsaa.org/MySchool/Matchup.aspx?s=217&alg=38&comp=2632319"
"582","California High School","Cross Country Boys","11","Varsity","9/9","","","Vienna Eagle Cross Country Invitational","tournament","https://www.mshsaa.org/MySchool/Schedule.aspx?s=582&alg=11","https://www.mshsaa.org/MySchool/Tournament.aspx?s=582&alg=11&tournament=544404"
"582","California High School","Golf Girls","24","Varsity","9/9","","","Helias Invitational","tournament","https://www.mshsaa.org/MySchool/Schedule.aspx?s=582&alg=24","https://www.mshsaa.org/MySchool/Tournament.aspx?s=582&alg=24&tournament=547319"
"26","Camdenton High School","Golf Girls","24","Varsity","9/9","","","Helias Invitational","tournament","https://www.mshsaa.org/MySchool/Schedule.aspx?s=26&alg=24","https://www.mshsaa.org/MySchool/Tournament.aspx?s=26&alg=24&tournament=568361"
"26","Camdenton High School","Softball Fall Season","38","Varsity","9/9","4:30 pm","","Dixon","home","https://www.mshsaa.org/MySchool/Schedule.aspx?s=26&alg=38","https://www.mshsaa.org/MySchool/Matchup.aspx?s=26&alg=38&comp=2794475"
"26","Camdenton High School","Volleyball Girls","57","Varsity","9/9","7:30 pm","","Southern Boone","home","https://www.mshsaa.org/MySchool/Schedule.aspx?s=26&alg=57","https://www.mshsaa.org/MySchool/Matchup.aspx?s=26&alg=57&comp=2727913"
"1540","Capital City High School","Golf Girls","24","Varsity","9/9","","","Helias Invitational","tournament","https://www.mshsaa.org/MySchool/Schedule.aspx?s=1540&alg=24","https://www.mshsaa.org/MySchool/Tournament.aspx?s=1540&alg=24&tournament=563802"
"1540","Capital City High School","Swimming and Diving Boys","44","Varsity","9/9","","","Sedalia Duals","tournament","https://www.mshsaa.org/MySchool/Schedule.aspx?s=1540&alg=44","https://www.mshsaa.org/MySchool/Tournament.aspx?s=1540&alg=44&tournament=563824"
"1540","Capital City High School","Tennis Girls","49","Varsity","9/9","","","Springfield Invitational Tennis Tournament (SIT)","tournament","https://www.mshsaa.org/MySchool/Schedule.aspx?s=1540&alg=49","https://www.mshsaa.org/MySchool/Tournament.aspx?s=1540&alg=49&tournament=543533"
"53","Centralia High School","Golf Girls","24","Varsity","9/9","","","Paris Invitational","tournament","https://www.mshsaa.org/MySchool/Schedule.aspx?s=53&alg=24","https://www.mshsaa.org/MySchool/Tournament.aspx?s=53&alg=24&tournament=552252"
"53","Centralia High School","Softball Fall Season","38","Varsity","9/9","5:00 pm","","Moberly","away","https://www.mshsaa.org/MySchool/Schedule.aspx?s=53&alg=38","https://www.mshsaa.org/MySchool/Matchup.aspx?s=53&alg=38&comp=2655429"
"1099","Christian Fellowship","Softball Fall Season","38","Varsity","9/9","5:00 pm","","Blair Oaks","away","https://www.mshsaa.org/MySchool/Schedule.aspx?s=1099&alg=38","https://www.mshsaa.org/MySchool/Matchup.aspx?s=1099&alg=38&comp=2721767"
"1099","Christian Fellowship","Swimming and Diving Boys","44","Varsity","9/9","TBD","","Smith-Cotton","away","https://www.mshsaa.org/MySchool/Schedule.aspx?s=1099&alg=44","https://www.mshsaa.org/MySchool/Matchup.aspx?s=1099&alg=44&comp=2776178"
"566","Columbia Independent","Swimming and Diving Boys","44","Varsity","9/9","TBD","","Smith-Cotton","away","https://www.mshsaa.org/MySchool/Schedule.aspx?s=566&alg=44","https://www.mshsaa.org/MySchool/Matchup.aspx?s=566&alg=44&comp=2776178"
"566","Columbia Independent","Volleyball Girls","57","Varsity","9/9","6:00 pm","","Prairie Home","home","https://www.mshsaa.org/MySchool/Schedule.aspx?s=566&alg=57","https://www.mshsaa.org/MySchool/Matchup.aspx?s=566&alg=57&comp=2696502"
"278","Eldon High School","Golf Girls","24","Varsity","9/9","","","Helias Invitational","tournament","https://www.mshsaa.org/MySchool/Schedule.aspx?s=278&alg=24","https://www.mshsaa.org/MySchool/Tournament.aspx?s=278&alg=24&tournament=545000"
"917","Father Tolton","Golf Girls","24","Varsity","9/9","","","Helias Invitational","tournament","https://www.mshsaa.org/MySchool/Schedule.aspx?s=917&alg=24","https://www.mshsaa.org/MySchool/Tournament.aspx?s=917&alg=24&tournament=570526"
"917","Father Tolton","Swimming and Diving Boys","44","Varsity","9/9","","","Sedalia Duals","tournament","https://www.mshsaa.org/MySchool/Schedule.aspx?s=917&alg=44","https://www.mshsaa.org/MySchool/Tournament.aspx?s=917&alg=44&tournament=589114"
"917","Father Tolton","Tennis Girls","49","Varsity","9/9","TBD","","Hickman","away","https://www.mshsaa.org/MySchool/Schedule.aspx?s=917&alg=49","https://www.mshsaa.org/MySchool/Matchup.aspx?s=917&alg=49&comp=2791442"
"294","Fayette High School","Golf Girls","24","Varsity","9/9","","","Paris Invitational","tournament","https://www.mshsaa.org/MySchool/Schedule.aspx?s=294&alg=24","https://www.mshsaa.org/MySchool/Tournament.aspx?s=294&alg=24&tournament=572301"
"80","Fulton High School","Softball Fall Season","38","Varsity","9/9","5:00 pm","","Marshall","home","https://www.mshsaa.org/MySchool/Schedule.aspx?s=80&alg=38","https://www.mshsaa.org/MySchool/Matchup.aspx?s=80&alg=38&comp=2763155"
"302","Glasgow High School","Golf Girls","24","Varsity","9/9","","","Paris Invitational","tournament","https://www.mshsaa.org/MySchool/Schedule.aspx?s=302&alg=24","https://www.mshsaa.org/MySchool/Tournament.aspx?s=302&alg=24&tournament=584916"
"302","Glasgow High School","Softball Fall Season","38","Varsity","9/9","5:00 pm","","Harrisburg","home","https://www.mshsaa.org/MySchool/Schedule.aspx?s=302&alg=38","https://www.mshsaa.org/MySchool/Matchup.aspx?s=302&alg=38&comp=2654621"
"311","Hallsville High School","Softball Fall Season","38","Varsity","9/9","5:00 pm","","Blair Oaks","away","https://www.mshsaa.org/MySchool/Schedule.aspx?s=311&alg=38","https://www.mshsaa.org/MySchool/Matchup.aspx?s=311&alg=38&comp=2721767"
"313","Harrisburg High School","Softball Fall Season","38","Varsity","9/9","5:00 pm","","Glasgow","away","https://www.mshsaa.org/MySchool/Schedule.aspx?s=313&alg=38","https://www.mshsaa.org/MySchool/Matchup.aspx?s=313&alg=38&comp=2649303"
"522","Helias High School","Golf Girls","24","Varsity","9/9","8:00 am","","Helias Invitational","tournament","https://www.mshsaa.org/MySchool/Schedule.aspx?s=522&alg=24","https://www.mshsaa.org/MySchool/Tournament.aspx?s=522&alg=24&tournament=547255"
"522","Helias High School","Softball Fall Season","38","Varsity","9/9","5:00 pm","","Jefferson City","away","https://www.mshsaa.org/MySchool/Schedule.aspx?s=522&alg=38","https://www.mshsaa.org/MySchool/Matchup.aspx?s=522&alg=38&comp=2641005"
"85","Hickman High School","Cross Country Boys","11","Varsity","9/9","","","Blair Oaks Relay 5K","tournament","https://www.mshsaa.org/MySchool/Schedule.aspx?s=85&alg=11","https://www.mshsaa.org/MySchool/Tournament.aspx?s=85&alg=11&tournament=592813"
"85","Hickman High School","Cross Country Girls","12","Varsity","9/9","","","Blair Oaks Relay 5K","tournament","https://www.mshsaa.org/MySchool/Schedule.aspx?s=85&alg=12","https://www.mshsaa.org/MySchool/Tournament.aspx?s=85&alg=12&tournament=592814"
"85","Hickman High School","Golf Girls","24","Varsity","9/9","","","Helias Invitational","tournament","https://www.mshsaa.org/MySchool/Schedule.aspx?s=85&alg=24","https://www.mshsaa.org/MySchool/Tournament.aspx?s=85&alg=24&tournament=550417"
"85","Hickman High School","Swimming and Diving Boys","44","Varsity","9/9","5:00 pm","","Smith-Cotton","away","https://www.mshsaa.org/MySchool/Schedule.aspx?s=85&alg=44","https://www.mshsaa.org/MySchool/Matchup.aspx?s=85&alg=44&comp=2773616"
"85","Hickman High School","Tennis Girls","49","Varsity","9/9","4:30 pm","","Father Tolton","home","https://www.mshsaa.org/MySchool/Schedule.aspx?s=85&alg=49","https://www.mshsaa.org/MySchool/Matchup.aspx?s=85&alg=49&comp=2791425"
"85","Hickman High School","Volleyball Girls","57","Varsity","9/9","7:00 pm","","Jefferson City","away","https://www.mshsaa.org/MySchool/Schedule.aspx?s=85&alg=57","https://www.mshsaa.org/MySchool/Matchup.aspx?s=85&alg=57&comp=2744135"
"84","Jefferson City High School","Golf Girls","24","Varsity","9/9","9:00 am","","Helias Invitational","tournament","https://www.mshsaa.org/MySchool/Schedule.aspx?s=84&alg=24","https://www.mshsaa.org/MySchool/Tournament.aspx?s=84&alg=24&tournament=576802"
"84","Jefferson City High School","Softball Fall Season","38","Varsity","9/9","5:00 pm","","Helias Catholic","home","https://www.mshsaa.org/MySchool/Schedule.aspx?s=84&alg=38","https://www.mshsaa.org/MySchool/Matchup.aspx?s=84&alg=38&comp=2639941"
"84","Jefferson City High School","Swimming and Diving Boys","44","Varsity","9/9","","","Sedalia Duals","tournament","https://www.mshsaa.org/MySchool/Schedule.aspx?s=84&alg=44","https://www.mshsaa.org/MySchool/Tournament.aspx?s=84&alg=44&tournament=591475"
"84","Jefferson City High School","Tennis Girls","49","Varsity","9/9","","","Springfield Invitational","tournament","https://www.mshsaa.org/MySchool/Schedule.aspx?s=84&alg=49","https://www.mshsaa.org/MySchool/Tournament.aspx?s=84&alg=49&tournament=584580"
"84","Jefferson City High School","Volleyball Girls","57","Varsity","9/9","7:00 pm","","Hickman","home","https://www.mshsaa.org/MySchool/Schedule.aspx?s=84&alg=57","https://www.mshsaa.org/MySchool/Matchup.aspx?s=84&alg=57&comp=2737747"
"360","Marshall High School","Golf Girls","24","Varsity","9/9","4:00 pm","","Marshall Tri","tournament","https://www.mshsaa.org/MySchool/Schedule.aspx?s=360&alg=24","https://www.mshsaa.org/MySchool/Tournament.aspx?s=360&alg=24&tournament=554357"
"360","Marshall High School","Golf Girls","24","Varsity","⤷ 9/9","TBD","","Norborne","tournament","https://www.mshsaa.org/MySchool/Schedule.aspx?s=360&alg=24","https://www.mshsaa.org/MySchool/Matchup.aspx?s=360&alg=24&comp=2792685"
"360","Marshall High School","Golf Girls","24","Varsity","⤷ 9/9","TBD","","Tipton","tournament","https://www.mshsaa.org/MySchool/Schedule.aspx?s=360&alg=24","https://www.mshsaa.org/MySchool/Matchup.aspx?s=360&alg=24&comp=2792686"
"360","Marshall High School","Golf Girls","24","Varsity","⤷ 9/9","TBD","","Sacred Heart","tournament","https://www.mshsaa.org/MySchool/Schedule.aspx?s=360&alg=24","https://www.mshsaa.org/MySchool/Matchup.aspx?s=360&alg=24&comp=2792687"
"360","Marshall High School","Softball Fall Season","38","Varsity","9/9","5:00 pm","","Fulton","away","https://www.mshsaa.org/MySchool/Schedule.aspx?s=360&alg=38","https://www.mshsaa.org/MySchool/Matchup.aspx?s=360&alg=38&comp=2764600"
"360","Marshall High School","Swimming and Diving Boys","44","Varsity","9/9","","","Sedalia Duals","tournament","https://www.mshsaa.org/MySchool/Schedule.aspx?s=360&alg=44","https://www.mshsaa.org/MySchool/Tournament.aspx?s=360&alg=44&tournament=575919"
"128","Mexico High School","Tennis Girls","49","Varsity","9/9","4:30 pm","","Battle","away","https://www.mshsaa.org/MySchool/Schedule.aspx?s=128&alg=49","https://www.mshsaa.org/MySchool/Matchup.aspx?s=128&alg=49&comp=2758451"
"128","Mexico High School","Volleyball Girls","57","Varsity","9/9","6:00 pm","","North Callaway","away","https://www.mshsaa.org/MySchool/Schedule.aspx?s=128&alg=57","https://www.mshsaa.org/MySchool/Matchup.aspx?s=128&alg=57&comp=2652129"
"569","Missouri Military Academy","Swimming and Diving Boys","44","Varsity","9/9","","","Sedalia Duals","tournament","https://www.mshsaa.org/MySchool/Schedule.aspx?s=569&alg=44","https://www.mshsaa.org/MySchool/Tournament.aspx?s=569&alg=44&tournament=576033"
"132","Moberly High School","Golf Girls","24","Varsity","9/9","","","Paris Invitational","tournament","https://www.mshsaa.org/MySchool/Schedule.aspx?s=132&alg=24","https://www.mshsaa.org/MySchool/Tournament.aspx?s=132&alg=24&tournament=584667"
"132","Moberly High School","Softball Fall Season","38","Varsity","9/9","5:00 pm","","Centralia","home","https://www.mshsaa.org/MySchool/Schedule.aspx?s=132&alg=38","https://www.mshsaa.org/MySchool/Matchup.aspx?s=132&alg=38&comp=2661291"
"132","Moberly High School","Tennis Girls","49","Varsity","9/9","4:00 pm","","Hannibal","home","https://www.mshsaa.org/MySchool/Schedule.aspx?s=132&alg=49","https://www.mshsaa.org/MySchool/Matchup.aspx?s=132&alg=49&comp=2775035"
"139","North Callaway High School","Volleyball Girls","57","Varsity","9/9","6:00 pm","","Mexico","home","https://www.mshsaa.org/MySchool/Schedule.aspx?s=139&alg=57","https://www.mshsaa.org/MySchool/Matchup.aspx?s=139&alg=57&comp=2615034"
"152","Osage High School","Golf Girls","24","Varsity","9/9","","","Helias Invitational","tournament","https://www.mshsaa.org/MySchool/Schedule.aspx?s=152&alg=24","https://www.mshsaa.org/MySchool/Tournament.aspx?s=152&alg=24&tournament=567308"
"578","Rock Bridge High School","Golf Girls","24","Varsity","9/9","","","Helias Invitational","tournament","https://www.mshsaa.org/MySchool/Schedule.aspx?s=578&alg=24","https://www.mshsaa.org/MySchool/Tournament.aspx?s=578&alg=24&tournament=582836"
"578","Rock Bridge High School","Swimming and Diving Boys","44","Varsity","9/9","","","Sedalia Duals","tournament","https://www.mshsaa.org/MySchool/Schedule.aspx?s=578&alg=44","https://www.mshsaa.org/MySchool/Tournament.aspx?s=578&alg=44&tournament=575874"
"578","Rock Bridge High School","Tennis Girls","49","Varsity","9/9","4:30 pm","","Liberty North","home","https://www.mshsaa.org/MySchool/Schedule.aspx?s=578&alg=49","https://www.mshsaa.org/MySchool/Matchup.aspx?s=578&alg=49&comp=2722092"
"430","Russellville High School","Cross Country Boys","11","Varsity","9/9","","","Vienna Eagle Cross Country Invitational","tournament","https://www.mshsaa.org/MySchool/Schedule.aspx?s=430&alg=11","https://www.mshsaa.org/MySchool/Tournament.aspx?s=430&alg=11&tournament=581331"
"430","Russellville High School","Cross Country Girls","12","Varsity","9/9","","","Vienna Eagle Cross Country Invitational","tournament","https://www.mshsaa.org/MySchool/Schedule.aspx?s=430&alg=12","https://www.mshsaa.org/MySchool/Tournament.aspx?s=430&alg=12&tournament=581333"
"430","Russellville High School","Golf Girls","24","Varsity","9/9","","","Eugene Quad","tournament","https://www.mshsaa.org/MySchool/Schedule.aspx?s=430&alg=24","https://www.mshsaa.org/MySchool/Tournament.aspx?s=430&alg=24&tournament=555418"
"430","Russellville High School","Softball Fall Season","38","Varsity","9/9","5:00 pm","","Jamestown","away","https://www.mshsaa.org/MySchool/Schedule.aspx?s=430&alg=38","https://www.mshsaa.org/MySchool/Matchup.aspx?s=430&alg=38&comp=2725730"
"431","Salisbury High School","Golf Girls","24","Varsity","9/9","","","Paris Invitational","tournament","https://www.mshsaa.org/MySchool/Schedule.aspx?s=431&alg=24","https://www.mshsaa.org/MySchool/Tournament.aspx?s=431&alg=24&tournament=545811"
"194","Smith-Cotton High School","Golf Girls","24","Varsity","9/9","","","Helias Invitational","tournament","https://www.mshsaa.org/MySchool/Schedule.aspx?s=194&alg=24","https://www.mshsaa.org/MySchool/Tournament.aspx?s=194&alg=24&tournament=547500"
"194","Smith-Cotton High School","Softball Fall Season","38","Varsity","9/9","5:00 pm","","Fort Osage","away","https://www.mshsaa.org/MySchool/Schedule.aspx?s=194&alg=38","https://www.mshsaa.org/MySchool/Matchup.aspx?s=194&alg=38&comp=2657345"
"194","Smith-Cotton High School","Swimming and Diving Boys","44","Varsity","9/9","","","Sedalia Duals","tournament","https://www.mshsaa.org/MySchool/Schedule.aspx?s=194&alg=44","https://www.mshsaa.org/MySchool/Tournament.aspx?s=194&alg=44&tournament=575864"
"197","South Callaway High School","Golf Girls","24","Varsity","9/9","","","New Franklin Tri - South Callaway, Sacred Heart","tournament","https://www.mshsaa.org/MySchool/Schedule.aspx?s=197&alg=24","https://www.mshsaa.org/MySchool/Tournament.aspx?s=197&alg=24&tournament=573949"
"2","Southern Boone High School","Golf Girls","24","Varsity","9/9","","","Helias Invitational","tournament","https://www.mshsaa.org/MySchool/Schedule.aspx?s=2&alg=24","https://www.mshsaa.org/MySchool/Tournament.aspx?s=2&alg=24&tournament=564531"
"2","Southern Boone High School","Softball Fall Season","38","Varsity","9/9","5:00 pm","","Macon","away","https://www.mshsaa.org/MySchool/Schedule.aspx?s=2&alg=38","https://www.mshsaa.org/MySchool/Matchup.aspx?s=2&alg=38&comp=2777985"
"2","Southern Boone High School","Volleyball Girls","57","Varsity","9/9","7:30 pm","","Camdenton","away","https://www.mshsaa.org/MySchool/Schedule.aspx?s=2&alg=57","https://www.mshsaa.org/MySchool/Matchup.aspx?s=2&alg=57&comp=2653881"
"474","Tipton High School","Golf Girls","24","Varsity","9/9","","","Marshall Tri","tournament","https://www.mshsaa.org/MySchool/Schedule.aspx?s=474&alg=24","https://www.mshsaa.org/MySchool/Tournament.aspx?s=474&alg=24&tournament=600800"
"953","Battle High School","Tennis Girls","49","Varsity","9/10","4:30 pm","","Columbia Independent","home","https://www.mshsaa.org/MySchool/Schedule.aspx?s=953&alg=49","https://www.mshsaa.org/MySchool/Matchup.aspx?s=953&alg=49&comp=2766286"
"953","Battle High School","Volleyball Girls","57","Varsity","9/10","6:30 pm","","Hallsville","away","https://www.mshsaa.org/MySchool/Schedule.aspx?s=953&alg=57","https://www.mshsaa.org/MySchool/Matchup.aspx?s=953&alg=57&comp=2722354"
"217","Blair Oaks High School","Softball Fall Season","38","Varsity","9/10","5:00 pm","","Eldon","home","https://www.mshsaa.org/MySchool/Schedule.aspx?s=217&alg=38","https://www.mshsaa.org/MySchool/Matchup.aspx?s=217&alg=38&comp=2632320"
"217","Blair Oaks High School","Volleyball Girls","57","Varsity","9/10","6:00 pm","","Boonville","home","https://www.mshsaa.org/MySchool/Schedule.aspx?s=217&alg=57","https://www.mshsaa.org/MySchool/Matchup.aspx?s=217&alg=57&comp=2632334"
"16","Boonville High School","Golf Girls","24","Varsity","9/10","","","California/Sacred Heart/Boonville Tri","tournament","https://www.mshsaa.org/MySchool/Schedule.aspx?s=16&alg=24","https://www.mshsaa.org/MySchool/Tournament.aspx?s=16&alg=24&tournament=553423"
"16","Boonville High School","Soccer Boys","33","Varsity","9/10","6:30 pm","","Mexico","away","https://www.mshsaa.org/MySchool/Schedule.aspx?s=16&alg=33","https://www.mshsaa.org/MySchool/Matchup.aspx?s=16&alg=33&comp=2762589"
"16","Boonville High School","Softball Fall Season","38","Varsity","9/10","5:00 pm","","Salisbury","away","https://www.mshsaa.org/MySchool/Schedule.aspx?s=16&alg=38","https://www.mshsaa.org/MySchool/Matchup.aspx?s=16&alg=38&comp=2632178"
"16","Boonville High School","Tennis Girls","49","Varsity","9/10","4:30 pm","","Marshall","home","https://www.mshsaa.org/MySchool/Schedule.aspx?s=16&alg=49","https://www.mshsaa.org/MySchool/Matchup.aspx?s=16&alg=49&comp=2761477"
"16","Boonville High School","Volleyball Girls","57","Varsity","9/10","6:00 pm","","Blair Oaks","away","https://www.mshsaa.org/MySchool/Schedule.aspx?s=16&alg=57","https://www.mshsaa.org/MySchool/Matchup.aspx?s=16&alg=57&comp=2652445"
"582","California High School","Golf Girls","24","Varsity","9/10","","","California/Sacred Heart/Boonville Tri","tournament","https://www.mshsaa.org/MySchool/Schedule.aspx?s=582&alg=24","https://www.mshsaa.org/MySchool/Tournament.aspx?s=582&alg=24&tournament=547320"
"582","California High School","Golf Girls","24","Varsity","⤷ 9/10","TBD","","Boonville","tournament","https://www.mshsaa.org/MySchool/Schedule.aspx?s=582&alg=24","https://www.mshsaa.org/MySchool/Matchup.aspx?s=582&alg=24&comp=2654865"
"582","California High School","Golf Girls","24","Varsity","⤷ 9/10","TBD","","Sacred Heart","tournament","https://www.mshsaa.org/MySchool/Schedule.aspx?s=582&alg=24","https://www.mshsaa.org/MySchool/Matchup.aspx?s=582&alg=24&comp=2654866"
"582","California High School","Volleyball Girls","57","Varsity","9/10","7:00 pm","","Eldon","home","https://www.mshsaa.org/MySchool/Schedule.aspx?s=582&alg=57","https://www.mshsaa.org/MySchool/Matchup.aspx?s=582&alg=57&comp=2618092"
"26","Camdenton High School","Golf Girls","24","Varsity","9/10","","","Marshfield Invitational","tournament","https://www.mshsaa.org/MySchool/Schedule.aspx?s=26&alg=24","https://www.mshsaa.org/MySchool/Tournament.aspx?s=26&alg=24&tournament=568362"
"26","Camdenton High School","Soccer Boys","33","Varsity","9/10-12","","","Viking Showdown","tournament","https://www.mshsaa.org/MySchool/Schedule.aspx?s=26&alg=33","https://www.mshsaa.org/MySchool/Tournament.aspx?s=26&alg=33&tournament=585768"
"26","Camdenton High School","Tennis Girls","49","Varsity","9/10","4:00 pm","","Waynesville","home","https://www.mshsaa.org/MySchool/Schedule.aspx?s=26&alg=49","https://www.mshsaa.org/MySchool/Matchup.aspx?s=26&alg=49&comp=2742701"
"26","Camdenton High School","Tennis Girls","49","Varsity","9/10","12:30 pm","","West Plains","home","https://www.mshsaa.org/MySchool/Schedule.aspx?s=26&alg=49","https://www.mshsaa.org/MySchool/Matchup.aspx?s=26&alg=49&comp=2742709"
"1540","Capital City High School","Golf Girls","24","Varsity","9/10","","","California/Sacred Heart/Boonville Tri","tournament","https://www.mshsaa.org/MySchool/Schedule.aspx?s=1540&alg=24","https://www.mshsaa.org/MySchool/Tournament.aspx?s=1540&alg=24&tournament=600914"
"1540","Capital City High School","Golf Girls","24","Varsity","⤷ 9/10","TBD","","California","tournament","https://www.mshsaa.org/MySchool/Schedule.aspx?s=1540&alg=24","https://www.mshsaa.org/MySchool/Matchup.aspx?s=1540&alg=24&comp=2792823"
"1540","Capital City High School","Golf Girls","24","Varsity","⤷ 9/10","TBD","","Boonville","tournament","https://www.mshsaa.org/MySchool/Schedule.aspx?s=1540&alg=24","https://www.mshsaa.org/MySchool/Matchup.aspx?s=1540&alg=24&comp=2792824"
"1540","Capital City High School","Golf Girls","24","Varsity","⤷ 9/10","TBD","","Sacred Heart","tournament","https://www.mshsaa.org/MySchool/Schedule.aspx?s=1540&alg=24","https://www.mshsaa.org/MySchool/Matchup.aspx?s=1540&alg=24&comp=2792825"
"1540","Capital City High School","Soccer Boys","33","Varsity","9/10","6:45 pm","","Ft. Zumwalt North","away","https://www.mshsaa.org/MySchool/Schedule.aspx?s=1540&alg=33","https://www.mshsaa.org/MySchool/Matchup.aspx?s=1540&alg=33&comp=2765050"
"1540","Capital City High School","Volleyball Girls","57","Varsity","9/10","6:30 pm","","Rolla","away","https://www.mshsaa.org/MySchool/Schedule.aspx?s=1540&alg=57","https://www.mshsaa.org/MySchool/Matchup.aspx?s=1540&alg=57&comp=2641594"
"53","Centralia High School","Golf Girls","24","Varsity","9/10","4:00 pm","","Southern Boone/New Bloomfield/Glasgow/Mexico","tournament","https://www.mshsaa.org/MySchool/Schedule.aspx?s=53&alg=24","https://www.mshsaa.org/MySchool/Tournament.aspx?s=53&alg=24&tournament=552253"
"53","Centralia High School","Volleyball Girls","57","Varsity","9/10","7:00 pm","","Father Tolton","home","https://www.mshsaa.org/MySchool/Schedule.aspx?s=53&alg=57","https://www.mshsaa.org/MySchool/Matchup.aspx?s=53&alg=57&comp=2655579"
"1099","Christian Fellowship","Soccer Boys","33","Varsity","9/10","5:00 pm","","Sacred Heart","away","https://www.mshsaa.org/MySchool/Schedule.aspx?s=1099&alg=33","https://www.mshsaa.org/MySchool/Matchup.aspx?s=1099&alg=33&comp=2640925"
"1099","Christian Fellowship","Volleyball Girls","57","Varsity","9/10","6:00 pm","","Chamois","home","https://www.mshsaa.org/MySchool/Schedule.aspx?s=1099&alg=57","https://www.mshsaa.org/MySchool/Matchup.aspx?s=1099&alg=57&comp=2667297"
"566","Columbia Independent","Tennis Girls","49","Varsity","9/10","4:30 pm","","Battle","away","https://www.mshsaa.org/MySchool/Schedule.aspx?s=566&alg=49","https://www.mshsaa.org/MySchool/Matchup.aspx?s=566&alg=49&comp=2721141"
"278","Eldon High School","Softball Fall Season","38","Varsity","9/10","5:00 pm","","Blair Oaks","away","https://www.mshsaa.org/MySchool/Schedule.aspx?s=278&alg=38","https://www.mshsaa.org/MySchool/Matchup.aspx?s=278&alg=38&comp=2628672"
"278","Eldon High School","Volleyball Girls","57","Varsity","9/10","7:00 pm","","California","away","https://www.mshsaa.org/MySchool/Schedule.aspx?s=278&alg=57","https://www.mshsaa.org/MySchool/Matchup.aspx?s=278&alg=57&comp=2623021"
"917","Father Tolton","Soccer Boys","33","Varsity","9/10","7:00 pm","","Helias Catholic","home","https://www.mshsaa.org/MySchool/Schedule.aspx?s=917&alg=33","https://www.mshsaa.org/MySchool/Matchup.aspx?s=917&alg=33&comp=2665263"
"917","Father Tolton","Tennis Girls","49","Varsity","9/10","4:30 pm","","Smith-Cotton","away","https://www.mshsaa.org/MySchool/Schedule.aspx?s=917&alg=49","https://www.mshsaa.org/MySchool/Matchup.aspx?s=917&alg=49&comp=2771303"
"917","Father Tolton","Volleyball Girls","57","Varsity","9/10","7:00 pm","","Centralia","away","https://www.mshsaa.org/MySchool/Schedule.aspx?s=917&alg=57","https://www.mshsaa.org/MySchool/Matchup.aspx?s=917&alg=57&comp=2695469"
"294","Fayette High School","Cross Country Boys","11","Varsity","9/10","","","Marshall Invitational","tournament","https://www.mshsaa.org/MySchool/Schedule.aspx?s=294&alg=11","https://www.mshsaa.org/MySchool/Tournament.aspx?s=294&alg=11&tournament=579178"
"80","Fulton High School","Soccer Boys","33","Varsity","9/10","5:00 pm","","Missouri Military Academy","home","https://www.mshsaa.org/MySchool/Schedule.aspx?s=80&alg=33","https://www.mshsaa.org/MySchool/Matchup.aspx?s=80&alg=33&comp=2745048"
"80","Fulton High School","Volleyball Girls","57","Varsity","9/10","6:30 pm","","Eugene","away","https://www.mshsaa.org/MySchool/Schedule.aspx?s=80&alg=57","https://www.mshsaa.org/MySchool/Matchup.aspx?s=80&alg=57&comp=2642111"
"302","Glasgow High School","Baseball Fall Season","66","Varsity","9/10","7:00 pm","","Pilot Grove","home","https://www.mshsaa.org/MySchool/Schedule.aspx?s=302&alg=66","https://www.mshsaa.org/MySchool/Matchup.aspx?s=302&alg=66&comp=2770036"
"302","Glasgow High School","Cross Country Boys","11","Varsity","9/10","","","Marshall Invitational","tournament","https://www.mshsaa.org/MySchool/Schedule.aspx?s=302&alg=11","https://www.mshsaa.org/MySchool/Tournament.aspx?s=302&alg=11&tournament=578591"
"302","Glasgow High School","Golf Girls","24","Varsity","9/10","","","Southern Boone/New Bloomfield/Glasgow","tournament","https://www.mshsaa.org/MySchool/Schedule.aspx?s=302&alg=24","https://www.mshsaa.org/MySchool/Tournament.aspx?s=302&alg=24&tournament=578590"
"302","Glasgow High School","Softball Fall Season","38","Varsity","9/10","5:00 pm","","Pilot Grove","home","https://www.mshsaa.org/MySchool/Schedule.aspx?s=302&alg=38","https://www.mshsaa.org/MySchool/Matchup.aspx?s=302&alg=38&comp=2737352"
"311","Hallsville High School","Soccer Boys","33","Varsity","9/10","5:00 pm","","Sacred Heart","away","https://www.mshsaa.org/MySchool/Schedule.aspx?s=311&alg=33","https://www.mshsaa.org/MySchool/Matchup.aspx?s=311&alg=33&comp=2640925"
"311","Hallsville High School","Volleyball Girls","57","Varsity","9/10","6:30 pm","","Battle","home","https://www.mshsaa.org/MySchool/Schedule.aspx?s=311&alg=57","https://www.mshsaa.org/MySchool/Matchup.aspx?s=311&alg=57&comp=2638633"
"313","Harrisburg High School","Softball Fall Season","38","Varsity","9/10","5:00 pm","","Eugene","home","https://www.mshsaa.org/MySchool/Schedule.aspx?s=313&alg=38","https://www.mshsaa.org/MySchool/Matchup.aspx?s=313&alg=38&comp=2649304"
"522","Helias High School","Golf Girls","24","Varsity","9/10","4:00 pm","","Rock Bridge","away","https://www.mshsaa.org/MySchool/Schedule.aspx?s=522&alg=24","https://www.mshsaa.org/MySchool/Matchup.aspx?s=522&alg=24&comp=2753481"
"522","Helias High School","Soccer Boys","33","Varsity","9/10","7:00 pm","","Father Tolton","away","https://www.mshsaa.org/MySchool/Schedule.aspx?s=522&alg=33","https://www.mshsaa.org/MySchool/Matchup.aspx?s=522&alg=33&comp=2637687"
"522","Helias High School","Volleyball Girls","57","Varsity","9/10","6:30 pm","","Hickman","home","https://www.mshsaa.org/MySchool/Schedule.aspx?s=522&alg=57","https://www.mshsaa.org/MySchool/Matchup.aspx?s=522&alg=57&comp=2640976"
"85","Hickman High School","Volleyball Girls","57","Varsity","9/10","6:30 pm","","Helias Catholic","away","https://www.mshsaa.org/MySchool/Schedule.aspx?s=85&alg=57","https://www.mshsaa.org/MySchool/Matchup.aspx?s=85&alg=57&comp=2710743"
"317","Higbee High School","Baseball Fall Season","66","Varsity","9/10","6:30 pm","","Madison","home","https://www.mshsaa.org/MySchool/Schedule.aspx?s=317&alg=66","https://www.mshsaa.org/MySchool/Matchup.aspx?s=317&alg=66&comp=2626883"
"317","Higbee High School","Softball Fall Season","38","Varsity","9/10","5:00 pm","","Madison","home","https://www.mshsaa.org/MySchool/Schedule.aspx?s=317&alg=38","https://www.mshsaa.org/MySchool/Matchup.aspx?s=317&alg=38&comp=2626902"
"84","Jefferson City High School","Soccer Boys","33","Varsity","9/10","6:00 pm","","Fatima","home","https://www.mshsaa.org/MySchool/Schedule.aspx?s=84&alg=33","https://www.mshsaa.org/MySchool/Matchup.aspx?s=84&alg=33&comp=2756196"
"84","Jefferson City High School","Softball Fall Season","38","Varsity","9/10","5:00 pm","","Fatima","home","https://www.mshsaa.org/MySchool/Schedule.aspx?s=84&alg=38","https://www.mshsaa.org/MySchool/Matchup.aspx?s=84&alg=38&comp=2639942"
"84","Jefferson City High School","Tennis Girls","49","Varsity","9/10","TBD","","Capital City","away","https://www.mshsaa.org/MySchool/Schedule.aspx?s=84&alg=49","https://www.mshsaa.org/MySchool/Matchup.aspx?s=84&alg=49&comp=2794140"
"360","Marshall High School","Cross Country Boys","11","Varsity","9/10","4:00 pm","","Marshall Invitational","tournament","https://www.mshsaa.org/MySchool/Schedule.aspx?s=360&alg=11","https://www.mshsaa.org/MySchool/Tournament.aspx?s=360&alg=11&tournament=563991"
"360","Marshall High School","Cross Country Girls","12","Varsity","9/10","4:00 pm","","Marshall Invitational","tournament","https://www.mshsaa.org/MySchool/Schedule.aspx?s=360&alg=12","https://www.mshsaa.org/MySchool/Tournament.aspx?s=360&alg=12&tournament=584469"
"360","Marshall High School","Tennis Girls","49","Varsity","9/10","4:30 pm","","Boonville","away","https://www.mshsaa.org/MySchool/Schedule.aspx?s=360&alg=49","https://www.mshsaa.org/MySchool/Matchup.aspx?s=360&alg=49&comp=2661599"
"360","Marshall High School","Volleyball Girls","57","Varsity","9/10","7:00 pm","","Mexico","away","https://www.mshsaa.org/MySchool/Schedule.aspx?s=360&alg=57","https://www.mshsaa.org/MySchool/Matchup.aspx?s=360&alg=57&comp=2661610"
"128","Mexico High School","Golf Girls","24","Varsity","9/10","","","Southern Boone/New Bloomfield/Glasgow","tournament","https://www.mshsaa.org/MySchool/Schedule.aspx?s=128&alg=24","https://www.mshsaa.org/MySchool/Tournament.aspx?s=128&alg=24&tournament=596140"
"128","Mexico High School","Soccer Boys","33","Varsity","9/10","6:30 pm","","Boonville","home","https://www.mshsaa.org/MySchool/Schedule.aspx?s=128&alg=33","https://www.mshsaa.org/MySchool/Matchup.aspx?s=128&alg=33&comp=2643188"
"128","Mexico High School","Softball Fall Season","38","Varsity","9/10","5:00 pm","","Hannibal","home","https://www.mshsaa.org/MySchool/Schedule.aspx?s=128&alg=38","https://www.mshsaa.org/MySchool/Matchup.aspx?s=128&alg=38&comp=2663197"
"128","Mexico High School","Tennis Girls","49","Varsity","9/10","4:00 pm","","Kirksville","away","https://www.mshsaa.org/MySchool/Schedule.aspx?s=128&alg=49","https://www.mshsaa.org/MySchool/Matchup.aspx?s=128&alg=49&comp=2710345"
"128","Mexico High School","Volleyball Girls","57","Varsity","9/10","7:00 pm","","Marshall","home","https://www.mshsaa.org/MySchool/Schedule.aspx?s=128&alg=57","https://www.mshsaa.org/MySchool/Matchup.aspx?s=128&alg=57&comp=2652130"
"569","Missouri Military Academy","Soccer Boys","33","Varsity","9/10","5:00 pm","","Fulton","away","https://www.mshsaa.org/MySchool/Schedule.aspx?s=569&alg=33","https://www.mshsaa.org/MySchool/Matchup.aspx?s=569&alg=33&comp=2746654"
"132","Moberly High School","Soccer Boys","33","Varsity","9/10","6:45 pm","","Kirksville","home","https://www.mshsaa.org/MySchool/Schedule.aspx?s=132&alg=33","https://www.mshsaa.org/MySchool/Matchup.aspx?s=132&alg=33&comp=2685472"
"132","Moberly High School","Softball Fall Season","38","Varsity","9/10","5:00 pm","","Macon","home","https://www.mshsaa.org/MySchool/Schedule.aspx?s=132&alg=38","https://www.mshsaa.org/MySchool/Matchup.aspx?s=132&alg=38&comp=2756839"
"139","North Callaway High School","Softball Fall Season","38","Varsity","9/10","5:00 pm","","Wellsville-Middletown","away","https://www.mshsaa.org/MySchool/Schedule.aspx?s=139&alg=38","https://www.mshsaa.org/MySchool/Matchup.aspx?s=139&alg=38&comp=2614152"
"152","Osage High School","Soccer Boys","33","Varsity","9/10","6:00 pm","","Bolivar","away","https://www.mshsaa.org/MySchool/Schedule.aspx?s=152&alg=33","https://www.mshsaa.org/MySchool/Matchup.aspx?s=152&alg=33&comp=2704207"
"152","Osage High School","Softball Fall Season","38","Varsity","9/10","5:00 pm","","South Callaway","home","https://www.mshsaa.org/MySchool/Schedule.aspx?s=152&alg=38","https://www.mshsaa.org/MySchool/Matchup.aspx?s=152&alg=38&comp=2656323"
"152","Osage High School","Tennis Girls","49","Varsity","9/10","4:00 pm","","Sacred Heart","home","https://www.mshsaa.org/MySchool/Schedule.aspx?s=152&alg=49","https://www.mshsaa.org/MySchool/Matchup.aspx?s=152&alg=49&comp=2768402"
"152","Osage High School","Volleyball Girls","57","Varsity","9/10","7:30 pm","","Versailles","home","https://www.mshsaa.org/MySchool/Schedule.aspx?s=152&alg=57","https://www.mshsaa.org/MySchool/Matchup.aspx?s=152&alg=57&comp=2654120"
"578","Rock Bridge High School","Golf Girls","24","Varsity","9/10","4:00 pm","","Helias Catholic","home","https://www.mshsaa.org/MySchool/Schedule.aspx?s=578&alg=24","https://www.mshsaa.org/MySchool/Matchup.aspx?s=578&alg=24&comp=2753452"
"430","Russellville High School","Softball Fall Season","38","Varsity","9/10","5:00 pm","","Linn","away","https://www.mshsaa.org/MySchool/Schedule.aspx?s=430&alg=38","https://www.mshsaa.org/MySchool/Matchup.aspx?s=430&alg=38&comp=2616301"
"430","Russellville High School","Volleyball Girls","57","Varsity","9/10","6:30 pm","","Stover","home","https://www.mshsaa.org/MySchool/Schedule.aspx?s=430&alg=57","https://www.mshsaa.org/MySchool/Matchup.aspx?s=430&alg=57&comp=2612880"
"431","Salisbury High School","Golf Girls","24","Varsity","9/10","","","Westran Quad: Salisbury, Paris, Cairo","tournament","https://www.mshsaa.org/MySchool/Schedule.aspx?s=431&alg=24","https://www.mshsaa.org/MySchool/Tournament.aspx?s=431&alg=24&tournament=545812"
"431","Salisbury High School","Softball Fall Season","38","Varsity","9/10","5:00 pm","","Boonville","home","https://www.mshsaa.org/MySchool/Schedule.aspx?s=431&alg=38","https://www.mshsaa.org/MySchool/Matchup.aspx?s=431&alg=38&comp=2632146"
"194","Smith-Cotton High School","Cross Country Boys","11","Varsity","9/10","","","Marshall Invitational","tournament","https://www.mshsaa.org/MySchool/Schedule.aspx?s=194&alg=11","https://www.mshsaa.org/MySchool/Tournament.aspx?s=194&alg=11&tournament=556793"
"194","Smith-Cotton High School","Cross Country Girls","12","Varsity","9/10","","","Marshall Invitational","tournament","https://www.mshsaa.org/MySchool/Schedule.aspx?s=194&alg=12","https://www.mshsaa.org/MySchool/Tournament.aspx?s=194&alg=12&tournament=558624"
"194","Smith-Cotton High School","Soccer Boys","33","Varsity","9/10","6:30 pm","","Blue Springs South","away","https://www.mshsaa.org/MySchool/Schedule.aspx?s=194&alg=33","https://www.mshsaa.org/MySchool/Matchup.aspx?s=194&alg=33&comp=2663083"
"194","Smith-Cotton High School","Tennis Girls","49","Varsity","9/10","4:30 pm","","Father Tolton","home","https://www.mshsaa.org/MySchool/Schedule.aspx?s=194&alg=49","https://www.mshsaa.org/MySchool/Matchup.aspx?s=194&alg=49&comp=2771770"
"194","Smith-Cotton High School","Volleyball Girls","57","Varsity","9/10","7:00 pm","","Clinton","away","https://www.mshsaa.org/MySchool/Schedule.aspx?s=194&alg=57","https://www.mshsaa.org/MySchool/Matchup.aspx?s=194&alg=57&comp=2643399"
"197","South Callaway High School","Softball Fall Season","38","Varsity","9/10","5:00 pm","","Osage","away","https://www.mshsaa.org/MySchool/Schedule.aspx?s=197&alg=38","https://www.mshsaa.org/MySchool/Matchup.aspx?s=197&alg=38&comp=2724555"
"2","Southern Boone High School","Golf Girls","24","Varsity","9/10","","","Southern Boone/New Bloomfield/Glasgow/Mexico","tournament","https://www.mshsaa.org/MySchool/Schedule.aspx?s=2&alg=24","https://www.mshsaa.org/MySchool/Tournament.aspx?s=2&alg=24&tournament=564532"
"2","Southern Boone High School","Golf Girls","24","Varsity","⤷ 9/10","TBD","","Mexico","tournament","https://www.mshsaa.org/MySchool/Schedule.aspx?s=2&alg=24","https://www.mshsaa.org/MySchool/Matchup.aspx?s=2&alg=24&comp=2780111"
"2","Southern Boone High School","Golf Girls","24","Varsity","⤷ 9/10","TBD","","New Bloomfield","tournament","https://www.mshsaa.org/MySchool/Schedule.aspx?s=2&alg=24","https://www.mshsaa.org/MySchool/Matchup.aspx?s=2&alg=24&comp=2780112"
"2","Southern Boone High School","Golf Girls","24","Varsity","⤷ 9/10","TBD","","Glasgow","tournament","https://www.mshsaa.org/MySchool/Schedule.aspx?s=2&alg=24","https://www.mshsaa.org/MySchool/Matchup.aspx?s=2&alg=24&comp=2780113"
"2","Southern Boone High School","Soccer Boys","33","Varsity","9/10","5:00 pm","","Eugene","home","https://www.mshsaa.org/MySchool/Schedule.aspx?s=2&alg=33","https://www.mshsaa.org/MySchool/Matchup.aspx?s=2&alg=33&comp=2632889"
"2","Southern Boone High School","Volleyball Girls","57","Varsity","9/10","7:00 pm","","Linn","home","https://www.mshsaa.org/MySchool/Schedule.aspx?s=2&alg=57","https://www.mshsaa.org/MySchool/Matchup.aspx?s=2&alg=57&comp=2653882"
"474","Tipton High School","Cross Country Boys","11","Varsity","9/10","","","Marshall Invitational","tournament","https://www.mshsaa.org/MySchool/Schedule.aspx?s=474&alg=11","https://www.mshsaa.org/MySchool/Tournament.aspx?s=474&alg=11&tournament=578394"
"474","Tipton High School","Volleyball Girls","57","Varsity","9/10","6:00 pm","","Sacred Heart","away","https://www.mshsaa.org/MySchool/Schedule.aspx?s=474&alg=57","https://www.mshsaa.org/MySchool/Matchup.aspx?s=474&alg=57&comp=2633242"
"485","Versailles High School","Volleyball Girls","57","Varsity","9/10","7:30 pm","","Osage","away","https://www.mshsaa.org/MySchool/Schedule.aspx?s=485&alg=57","https://www.mshsaa.org/MySchool/Matchup.aspx?s=485&alg=57&comp=2643115"
"953","Battle High School","Football","19","Varsity","9/11","7:00 pm","","Helias Catholic","away","https://www.mshsaa.org/MySchool/Schedule.aspx?s=953&alg=19","https://www.mshsaa.org/MySchool/Matchup.aspx?s=953&alg=19&comp=2666892"
"953","Battle High School","Softball Fall Season","38","Varsity","9/11-12","","","LOZ Tournament at Ball Parks National","tournament","https://www.mshsaa.org/MySchool/Schedule.aspx?s=953&alg=38","https://www.mshsaa.org/MySchool/Tournament.aspx?s=953&alg=38&tournament=568157"
"953","Battle High School","Tennis Girls","49","Varsity","9/11","4:30 pm","","Capital City","home","https://www.mshsaa.org/MySchool/Schedule.aspx?s=953&alg=49","https://www.mshsaa.org/MySchool/Matchup.aspx?s=953&alg=49&comp=2766953"
"217","Blair Oaks High School","Football","19","Varsity","9/11","7:00 pm","","Southern Boone","away","https://www.mshsaa.org/MySchool/Schedule.aspx?s=217&alg=19","https://www.mshsaa.org/MySchool/Matchup.aspx?s=217&alg=19&comp=2627471"
"16","Boonville High School","Football","19","Varsity","9/11","7:00 pm","","Eldon","home","https://www.mshsaa.org/MySchool/Schedule.aspx?s=16&alg=19","https://www.mshsaa.org/MySchool/Matchup.aspx?s=16&alg=19&comp=2712350"
"16","Boonville High School","Softball Fall Season","38","Varsity","9/11-12","","","Warrensburg Varsity Tournament","tournament","https://www.mshsaa.org/MySchool/Schedule.aspx?s=16&alg=38","https://www.mshsaa.org/MySchool/Tournament.aspx?s=16&alg=38&tournament=586657"
"582","California High School","Football","19","Varsity","9/11","7:00 pm","","Hallsville","home","https://www.mshsaa.org/MySchool/Schedule.aspx?s=582&alg=19","https://www.mshsaa.org/MySchool/Matchup.aspx?s=582&alg=19&comp=2519680"
"582","California High School","Softball Fall Season","38","Varsity","9/11-12","","","LOZ Tournament at Ball Parks National","tournament","https://www.mshsaa.org/MySchool/Schedule.aspx?s=582&alg=38","https://www.mshsaa.org/MySchool/Tournament.aspx?s=582&alg=38&tournament=542706"
"26","Camdenton High School","Cross Country Boys","11","Varsity","9/11","","","QUEEN CITY AFTER DARK","tournament","https://www.mshsaa.org/MySchool/Schedule.aspx?s=26&alg=11","https://www.mshsaa.org/MySchool/Tournament.aspx?s=26&alg=11&tournament=578488"
"26","Camdenton High School","Cross Country Girls","12","Varsity","9/11","","","QUEEN CITY AFTER DARK","tournament","https://www.mshsaa.org/MySchool/Schedule.aspx?s=26&alg=12","https://www.mshsaa.org/MySchool/Tournament.aspx?s=26&alg=12&tournament=578928"
"26","Camdenton High School","Football","19","Varsity","9/11","7:00 pm","","Smith-Cotton","home","https://www.mshsaa.org/MySchool/Schedule.aspx?s=26&alg=19","https://www.mshsaa.org/MySchool/Matchup.aspx?s=26&alg=19&comp=2674413"
"26","Camdenton High School","Soccer Boys","33","Varsity","⤷ 9/11","10:30 am","","Parkview","tournament","https://www.mshsaa.org/MySchool/Schedule.aspx?s=26&alg=33","https://www.mshsaa.org/MySchool/Matchup.aspx?s=26&alg=33&comp=2781178"
"26","Camdenton High School","Softball Fall Season","38","Varsity","9/11-12","","","Vivian Jo Memorial Take the Lake High School Tournament","tournament","https://www.mshsaa.org/MySchool/Schedule.aspx?s=26&alg=38","https://www.mshsaa.org/MySchool/Tournament.aspx?s=26&alg=38&tournament=550492"
"26","Camdenton High School","Swimming and Diving Boys","44","Varsity","9/11","4:30 pm","","Kickapoo","away","https://www.mshsaa.org/MySchool/Schedule.aspx?s=26&alg=44","https://www.mshsaa.org/MySchool/Matchup.aspx?s=26&alg=44&comp=2788292"
"1540","Capital City High School","Football","19","Varsity","9/11","7:00 pm","","Hickman","home","https://www.mshsaa.org/MySchool/Schedule.aspx?s=1540&alg=19","https://www.mshsaa.org/MySchool/Matchup.aspx?s=1540&alg=19&comp=2622650"
"1540","Capital City High School","Softball Fall Season","38","Varsity","9/11-12","","","LOZ Tournament at Ball Parks National","tournament","https://www.mshsaa.org/MySchool/Schedule.aspx?s=1540&alg=38","https://www.mshsaa.org/MySchool/Tournament.aspx?s=1540&alg=38&tournament=557093"
"1540","Capital City High School","Softball Fall Season","38","Varsity","⤷ 9/11","3:15 pm","","Lee's Summit","tournament","https://www.mshsaa.org/MySchool/Schedule.aspx?s=1540&alg=38","https://www.mshsaa.org/MySchool/Matchup.aspx?s=1540&alg=38&comp=2785359"
"1540","Capital City High School","Softball Fall Season","38","Varsity","⤷ 9/11","5:00 pm","","Kirkwood","tournament","https://www.mshsaa.org/MySchool/Schedule.aspx?s=1540&alg=38","https://www.mshsaa.org/MySchool/Matchup.aspx?s=1540&alg=38&comp=2785360"
"1540","Capital City High School","Tennis Girls","49","Varsity","9/11","4:30 pm","","Battle","away","https://www.mshsaa.org/MySchool/Schedule.aspx?s=1540&alg=49","https://www.mshsaa.org/MySchool/Matchup.aspx?s=1540&alg=49&comp=2621720"
"53","Centralia High School","Football","19","Varsity","9/11","7:00 pm","","Highland","home","https://www.mshsaa.org/MySchool/Schedule.aspx?s=53&alg=19","https://www.mshsaa.org/MySchool/Matchup.aspx?s=53&alg=19&comp=2584464"
"53","Centralia High School","Softball Fall Season","38","Varsity","9/11","","","DH Centralia/Odessa","tournament","https://www.mshsaa.org/MySchool/Schedule.aspx?s=53&alg=38","https://www.mshsaa.org/MySchool/Tournament.aspx?s=53&alg=38&tournament=570018"
"278","Eldon High School","Football","19","Varsity","9/11","7:00 pm","","Boonville","away","https://www.mshsaa.org/MySchool/Schedule.aspx?s=278&alg=19","https://www.mshsaa.org/MySchool/Matchup.aspx?s=278&alg=19&comp=2628609"
"278","Eldon High School","Softball Fall Season","38","Varsity","9/11-12","","","LOZ Tournament at Ball Parks National","tournament","https://www.mshsaa.org/MySchool/Schedule.aspx?s=278&alg=38","https://www.mshsaa.org/MySchool/Tournament.aspx?s=278&alg=38&tournament=552344"
"917","Father Tolton","Tennis Girls","49","Varsity","9/11","4:30 pm","","Lutheran St. Charles","home","https://www.mshsaa.org/MySchool/Schedule.aspx?s=917&alg=49","https://www.mshsaa.org/MySchool/Matchup.aspx?s=917&alg=49&comp=2768430"
"294","Fayette High School","Football","19","Varsity","9/11","7:00 pm","","Salisbury","away","https://www.mshsaa.org/MySchool/Schedule.aspx?s=294&alg=19","https://www.mshsaa.org/MySchool/Matchup.aspx?s=294&alg=19&comp=2643031"
"80","Fulton High School","Football","19","Varsity","9/11","7:00 pm","","Osage","home","https://www.mshsaa.org/MySchool/Schedule.aspx?s=80&alg=19","https://www.mshsaa.org/MySchool/Matchup.aspx?s=80&alg=19&comp=2519101"
"302","Glasgow High School","Softball Fall Season","38","Varsity","9/11","4:30 pm","","Salisbury","home","https://www.mshsaa.org/MySchool/Schedule.aspx?s=302&alg=38","https://www.mshsaa.org/MySchool/Matchup.aspx?s=302&alg=38&comp=2737353"
"311","Hallsville High School","Football","19","Varsity","9/11","7:00 pm","","California","away","https://www.mshsaa.org/MySchool/Schedule.aspx?s=311&alg=19","https://www.mshsaa.org/MySchool/Matchup.aspx?s=311&alg=19&comp=2589269"
"313","Harrisburg High School","Football","19","Varsity","9/11","7:00 pm","","Westran","away","https://www.mshsaa.org/MySchool/Schedule.aspx?s=313&alg=19","https://www.mshsaa.org/MySchool/Matchup.aspx?s=313&alg=19&comp=2586723"
"522","Helias High School","Football","19","Varsity","9/11","7:00 pm","","Battle","home","https://www.mshsaa.org/MySchool/Schedule.aspx?s=522&alg=19","https://www.mshsaa.org/MySchool/Matchup.aspx?s=522&alg=19&comp=2627939"
"522","Helias High School","Softball Fall Season","38","Varsity","9/11","","","DH Centralia/Odessa","tournament","https://www.mshsaa.org/MySchool/Schedule.aspx?s=522&alg=38","https://www.mshsaa.org/MySchool/Tournament.aspx?s=522&alg=38&tournament=567763"
"85","Hickman High School","Football","19","Varsity","9/11","7:00 pm","","Capital City","away","https://www.mshsaa.org/MySchool/Schedule.aspx?s=85&alg=19","https://www.mshsaa.org/MySchool/Matchup.aspx?s=85&alg=19&comp=2646523"
"85","Hickman High School","Softball Fall Season","38","Varsity","9/11","5:30 pm","","Fatima","home","https://www.mshsaa.org/MySchool/Schedule.aspx?s=85&alg=38","https://www.mshsaa.org/MySchool/Matchup.aspx?s=85&alg=38&comp=2744119"
"85","Hickman High School","Tennis Girls","49","Varsity","9/11","4:30 pm","","Columbia Independent","home","https://www.mshsaa.org/MySchool/Schedule.aspx?s=85&alg=49","https://www.mshsaa.org/MySchool/Matchup.aspx?s=85&alg=49&comp=2765030"
"84","Jefferson City High School","Football","19","Varsity","9/11","7:00 pm","","Rock Bridge","away","https://www.mshsaa.org/MySchool/Schedule.aspx?s=84&alg=19","https://www.mshsaa.org/MySchool/Matchup.aspx?s=84&alg=19&comp=2560877"
"84","Jefferson City High School","Volleyball Girls","57","Varsity","9/11-12","","","Rockwood Invitational","tournament","https://www.mshsaa.org/MySchool/Schedule.aspx?s=84&alg=57","https://www.mshsaa.org/MySchool/Tournament.aspx?s=84&alg=57&tournament=551666"
"360","Marshall High School","Football","19","Varsity","9/11","7:00 pm","","Richmond","home","https://www.mshsaa.org/MySchool/Schedule.aspx?s=360&alg=19","https://www.mshsaa.org/MySchool/Matchup.aspx?s=360&alg=19&comp=2772427"
"360","Marshall High School","Soccer Boys","33","Varsity","9/11","","","Southern Boone Shootout","tournament","https://www.mshsaa.org/MySchool/Schedule.aspx?s=360&alg=33","https://www.mshsaa.org/MySchool/Tournament.aspx?s=360&alg=33&tournament=554352"
"360","Marshall High School","Soccer Boys","33","Varsity","⤷ 9/11","TBD","","Perryville","tournament","https://www.mshsaa.org/MySchool/Schedule.aspx?s=360&alg=33","https://www.mshsaa.org/MySchool/Matchup.aspx?s=360&alg=33&comp=2791083"
"360","Marshall High School","Soccer Boys","33","Varsity","⤷ 9/11","TBD","","Southern Boone","tournament","https://www.mshsaa.org/MySchool/Schedule.aspx?s=360&alg=33","https://www.mshsaa.org/MySchool/Matchup.aspx?s=360&alg=33&comp=2791084"
"360","Marshall High School","Softball Fall Season","38","Varsity","9/11-12","","","LOZ Tournament at Ball Parks National","tournament","https://www.mshsaa.org/MySchool/Schedule.aspx?s=360&alg=38","https://www.mshsaa.org/MySchool/Tournament.aspx?s=360&alg=38&tournament=550527"
"360","Marshall High School","Tennis Girls","49","Varsity","9/11","","","Barstow Tournament","tournament","https://www.mshsaa.org/MySchool/Schedule.aspx?s=360&alg=49","https://www.mshsaa.org/MySchool/Tournament.aspx?s=360&alg=49&tournament=554362"
"128","Mexico High School","Football","19","Varsity","9/11","7:00 pm","","Monroe City","away","https://www.mshsaa.org/MySchool/Schedule.aspx?s=128&alg=19","https://www.mshsaa.org/MySchool/Matchup.aspx?s=128&alg=19&comp=2520602"
"569","Missouri Military Academy","Football","19","Varsity","9/11","7:00 pm","","Veritas Christian Academy","home","https://www.mshsaa.org/MySchool/Schedule.aspx?s=569&alg=19","https://www.mshsaa.org/MySchool/Matchup.aspx?s=569&alg=19&comp=2616293"
"132","Moberly High School","Football","19","Varsity","9/11","7:00 pm","","Lighthouse Sr. High","away","https://www.mshsaa.org/MySchool/Schedule.aspx?s=132&alg=19","https://www.mshsaa.org/MySchool/Matchup.aspx?s=132&alg=19&comp=2785844"
"132","Moberly High School","Tennis Girls","49","Varsity","9/11","4:00 pm","","Triad Troy, IL","home","https://www.mshsaa.org/MySchool/Schedule.aspx?s=132&alg=49",""
"139","North Callaway High School","Football","19","Varsity","9/11","7:00 pm","","Montgomery County","home","https://www.mshsaa.org/MySchool/Schedule.aspx?s=139&alg=19","https://www.mshsaa.org/MySchool/Matchup.aspx?s=139&alg=19&comp=2591215"
"152","Osage High School","Football","19","Varsity","9/11","7:00 pm","","Fulton","away","https://www.mshsaa.org/MySchool/Schedule.aspx?s=152&alg=19","https://www.mshsaa.org/MySchool/Matchup.aspx?s=152&alg=19&comp=2518995"
"578","Rock Bridge High School","Football","19","Varsity","9/11","7:00 pm","","Jefferson City","home","https://www.mshsaa.org/MySchool/Schedule.aspx?s=578&alg=19","https://www.mshsaa.org/MySchool/Matchup.aspx?s=578&alg=19&comp=2683318"
"578","Rock Bridge High School","Softball Fall Season","38","Varsity","9/11","4:00 pm","","Troy Buchanan","away","https://www.mshsaa.org/MySchool/Schedule.aspx?s=578&alg=38","https://www.mshsaa.org/MySchool/Matchup.aspx?s=578&alg=38&comp=2786444"
"578","Rock Bridge High School","Softball Fall Season","38","Varsity","9/11","1:00 pm","","Francis Howell","away","https://www.mshsaa.org/MySchool/Schedule.aspx?s=578&alg=38","https://www.mshsaa.org/MySchool/Matchup.aspx?s=578&alg=38&comp=2792145"
"578","Rock Bridge High School","Tennis Girls","49","Varsity","9/11-12","","","MO-AR Duals","tournament","https://www.mshsaa.org/MySchool/Schedule.aspx?s=578&alg=49","https://www.mshsaa.org/MySchool/Tournament.aspx?s=578&alg=49&tournament=573147"
"578","Rock Bridge High School","Volleyball Girls","57","Varsity","9/11-12","","","Rockwood Summit Tournament","tournament","https://www.mshsaa.org/MySchool/Schedule.aspx?s=578&alg=57","https://www.mshsaa.org/MySchool/Tournament.aspx?s=578&alg=57&tournament=579204"
"578","Rock Bridge High School","Volleyball Girls","57","Varsity","⤷ 9/11","TBD","","Lutheran St. Charles","tournament","https://www.mshsaa.org/MySchool/Schedule.aspx?s=578&alg=57","https://www.mshsaa.org/MySchool/Matchup.aspx?s=578&alg=57&comp=2784570"
"578","Rock Bridge High School","Volleyball Girls","57","Varsity","⤷ 9/11","TBD","","Republic","tournament","https://www.mshsaa.org/MySchool/Schedule.aspx?s=578&alg=57","https://www.mshsaa.org/MySchool/Matchup.aspx?s=578&alg=57&comp=2784571"
"430","Russellville High School","Football","19","Varsity","9/11","7:00 pm","","Owensville","away","https://www.mshsaa.org/MySchool/Schedule.aspx?s=430&alg=19","https://www.mshsaa.org/MySchool/Matchup.aspx?s=430&alg=19&comp=2483468"
"431","Salisbury High School","Football","19","Varsity","9/11","7:00 pm","","Fayette","home","https://www.mshsaa.org/MySchool/Schedule.aspx?s=431&alg=19","https://www.mshsaa.org/MySchool/Matchup.aspx?s=431&alg=19&comp=2597959"
"431","Salisbury High School","Softball Fall Season","38","Varsity","9/11","4:30 pm","","Glasgow","away","https://www.mshsaa.org/MySchool/Schedule.aspx?s=431&alg=38","https://www.mshsaa.org/MySchool/Matchup.aspx?s=431&alg=38&comp=2632147"
"194","Smith-Cotton High School","Football","19","Varsity","9/11","7:00 pm","","Camdenton","away","https://www.mshsaa.org/MySchool/Schedule.aspx?s=194&alg=19","https://www.mshsaa.org/MySchool/Matchup.aspx?s=194&alg=19&comp=2669253"
"194","Smith-Cotton High School","Softball Fall Season","38","Varsity","9/11-12","","","LOZ Tournament at Ball Parks National","tournament","https://www.mshsaa.org/MySchool/Schedule.aspx?s=194&alg=38","https://www.mshsaa.org/MySchool/Tournament.aspx?s=194&alg=38&tournament=551146"
"194","Smith-Cotton High School","Softball Fall Season","38","Varsity","⤷ 9/11","TBD","","Poplar Bluff","tournament","https://www.mshsaa.org/MySchool/Schedule.aspx?s=194&alg=38","https://www.mshsaa.org/MySchool/Matchup.aspx?s=194&alg=38&comp=2774967"
"194","Smith-Cotton High School","Softball Fall Season","38","Varsity","⤷ 9/11","TBD","","Park Hill","tournament","https://www.mshsaa.org/MySchool/Schedule.aspx?s=194&alg=38","https://www.mshsaa.org/MySchool/Matchup.aspx?s=194&alg=38&comp=2774968"
"194","Smith-Cotton High School","Swimming and Diving Boys","44","Varsity","9/11-12","","","Belton Invitational","tournament","https://www.mshsaa.org/MySchool/Schedule.aspx?s=194&alg=44","https://www.mshsaa.org/MySchool/Tournament.aspx?s=194&alg=44&tournament=575865"
"194","Smith-Cotton High School","Tennis Girls","49","Varsity","9/11","","","Warrensburg Varsity Tournament","tournament","https://www.mshsaa.org/MySchool/Schedule.aspx?s=194&alg=49","https://www.mshsaa.org/MySchool/Tournament.aspx?s=194&alg=49&tournament=577172"
"197","South Callaway High School","Football","19","Varsity","9/11","7:00 pm","","Scotland County","home","https://www.mshsaa.org/MySchool/Schedule.aspx?s=197&alg=19","https://www.mshsaa.org/MySchool/Matchup.aspx?s=197&alg=19&comp=2647557"
"2","Southern Boone High School","Football","19","Varsity","9/11","7:00 pm","","Blair Oaks","home","https://www.mshsaa.org/MySchool/Schedule.aspx?s=2&alg=19","https://www.mshsaa.org/MySchool/Matchup.aspx?s=2&alg=19&comp=2599038"
"2","Southern Boone High School","Soccer Boys","33","Varsity","9/11","","","Southern Boone Shootout","tournament","https://www.mshsaa.org/MySchool/Schedule.aspx?s=2&alg=33","https://www.mshsaa.org/MySchool/Tournament.aspx?s=2&alg=33&tournament=545981"
"2","Southern Boone High School","Soccer Boys","33","Varsity","⤷ 9/11","TBD","","Perryville","tournament","https://www.mshsaa.org/MySchool/Schedule.aspx?s=2&alg=33","https://www.mshsaa.org/MySchool/Matchup.aspx?s=2&alg=33&comp=2767250"
"2","Southern Boone High School","Soccer Boys","33","Varsity","⤷ 9/11","TBD","","Marshall","tournament","https://www.mshsaa.org/MySchool/Schedule.aspx?s=2&alg=33","https://www.mshsaa.org/MySchool/Matchup.aspx?s=2&alg=33&comp=2767251"
"2","Southern Boone High School","Softball Fall Season","38","Varsity","9/11-12","","","LOZ Tournament at Ball Parks National","tournament","https://www.mshsaa.org/MySchool/Schedule.aspx?s=2&alg=38","https://www.mshsaa.org/MySchool/Tournament.aspx?s=2&alg=38&tournament=550729"
"474","Tipton High School","Football","19","Varsity","9/11","7:00 pm","","East Newton","home","https://www.mshsaa.org/MySchool/Schedule.aspx?s=474&alg=19","https://www.mshsaa.org/MySchool/Matchup.aspx?s=474&alg=19&comp=2778047"
"485","Versailles High School","Football","19","Varsity","9/11","7:00 pm","","Lexington","home","https://www.mshsaa.org/MySchool/Schedule.aspx?s=485&alg=19","https://www.mshsaa.org/MySchool/Matchup.aspx?s=485&alg=19&comp=2629776"
"953","Battle High School","Cross Country Boys","11","Varsity","9/12","","","Tolton Catholic Invitational","tournament","https://www.mshsaa.org/MySchool/Schedule.aspx?s=953&alg=11","https://www.mshsaa.org/MySchool/Tournament.aspx?s=953&alg=11&tournament=589580"
"953","Battle High School","Cross Country Girls","12","Varsity","9/12","","","Tolton Catholic Invitational","tournament","https://www.mshsaa.org/MySchool/Schedule.aspx?s=953&alg=12","https://www.mshsaa.org/MySchool/Tournament.aspx?s=953&alg=12&tournament=589579"
"953","Battle High School","Volleyball Girls","57","Varsity","9/12","","","Hickman Varsity Tournament","tournament","https://www.mshsaa.org/MySchool/Schedule.aspx?s=953&alg=57","https://www.mshsaa.org/MySchool/Tournament.aspx?s=953&alg=57&tournament=589260"
"217","Blair Oaks High School","Cross Country Boys","11","Varsity","9/12","","","Linn Invitational","tournament","https://www.mshsaa.org/MySchool/Schedule.aspx?s=217&alg=11","https://www.mshsaa.org/MySchool/Tournament.aspx?s=217&alg=11&tournament=545753"
"217","Blair Oaks High School","Cross Country Girls","12","Varsity","9/12","","","Linn Invitational","tournament","https://www.mshsaa.org/MySchool/Schedule.aspx?s=217&alg=12","https://www.mshsaa.org/MySchool/Tournament.aspx?s=217&alg=12&tournament=589651"
"217","Blair Oaks High School","Volleyball Girls","57","Varsity","9/12","","","West Plains Showdown Tournament","tournament","https://www.mshsaa.org/MySchool/Schedule.aspx?s=217&alg=57","https://www.mshsaa.org/MySchool/Tournament.aspx?s=217&alg=57&tournament=596276"
"16","Boonville High School","Cross Country Boys","11","Varsity","9/12","","","Tolton Catholic Invitational","tournament","https://www.mshsaa.org/MySchool/Schedule.aspx?s=16&alg=11","https://www.mshsaa.org/MySchool/Tournament.aspx?s=16&alg=11&tournament=589627"
"16","Boonville High School","Cross Country Girls","12","Varsity","9/12","","","Tolton Catholic Invitational","tournament","https://www.mshsaa.org/MySchool/Schedule.aspx?s=16&alg=12","https://www.mshsaa.org/MySchool/Tournament.aspx?s=16&alg=12&tournament=589626"
"16","Boonville High School","Tennis Girls","49","Varsity","9/12","9:00 pm","","Boonville Lady Pirate Open","tournament","https://www.mshsaa.org/MySchool/Schedule.aspx?s=16&alg=49","https://www.mshsaa.org/MySchool/Tournament.aspx?s=16&alg=49&tournament=585339"
"582","California High School","Cross Country Boys","11","Varsity","9/12","","","47th Annual Linn XC Invitational","tournament","https://www.mshsaa.org/MySchool/Schedule.aspx?s=582&alg=11","https://www.mshsaa.org/MySchool/Tournament.aspx?s=582&alg=11&tournament=544405"
"582","California High School","Volleyball Girls","57","Varsity","9/12","","","Melissa Hoerber Invitational Tournament","tournament","https://www.mshsaa.org/MySchool/Schedule.aspx?s=582&alg=57","https://www.mshsaa.org/MySchool/Tournament.aspx?s=582&alg=57&tournament=542694"
"26","Camdenton High School","Soccer Boys","33","Varsity","⤷ 9/12","11:00 am","","Kickapoo","tournament","https://www.mshsaa.org/MySchool/Schedule.aspx?s=26&alg=33","https://www.mshsaa.org/MySchool/Matchup.aspx?s=26&alg=33&comp=2781179"
"26","Camdenton High School","Volleyball Girls","57","Varsity","9/12","","","Varsity Lake VolleyFest","tournament","https://www.mshsaa.org/MySchool/Schedule.aspx?s=26&alg=57","https://www.mshsaa.org/MySchool/Tournament.aspx?s=26&alg=57&tournament=565066"
"1540","Capital City High School","Cross Country Boys","11","Varsity","9/12","9:00 am","","at Olathe Twilight Olathe, KS","away","https://www.mshsaa.org/MySchool/Schedule.aspx?s=1540&alg=11",""
"1540","Capital City High School","Cross Country Girls","12","Varsity","9/12","9:00 am","","at Olathe Twilight Olathe, KS","away","https://www.mshsaa.org/MySchool/Schedule.aspx?s=1540&alg=12",""
"1540","Capital City High School","Softball Fall Season","38","Varsity","⤷ 9/12","2:15 pm","","St. Elizabeth","tournament","https://www.mshsaa.org/MySchool/Schedule.aspx?s=1540&alg=38","https://www.mshsaa.org/MySchool/Matchup.aspx?s=1540&alg=38&comp=2785361"
"1540","Capital City High School","Softball Fall Season","38","Varsity","⤷ 9/12","4:00 pm","","Park Hill","tournament","https://www.mshsaa.org/MySchool/Schedule.aspx?s=1540&alg=38","https://www.mshsaa.org/MySchool/Matchup.aspx?s=1540&alg=38&comp=2785362"
"53","Centralia High School","Cross Country Boys","11","Varsity","9/12","","","Tolton Catholic Invitational","tournament","https://www.mshsaa.org/MySchool/Schedule.aspx?s=53&alg=11","https://www.mshsaa.org/MySchool/Tournament.aspx?s=53&alg=11&tournament=552237"
"53","Centralia High School","Cross Country Girls","12","Varsity","9/12","","","Tolton Catholic Invitational","tournament","https://www.mshsaa.org/MySchool/Schedule.aspx?s=53&alg=12","https://www.mshsaa.org/MySchool/Tournament.aspx?s=53&alg=12&tournament=552244"
"53","Centralia High School","Volleyball Girls","57","Varsity","9/12","","","Melissa Hoerber Invitational Tournament","tournament","https://www.mshsaa.org/MySchool/Schedule.aspx?s=53&alg=57","https://www.mshsaa.org/MySchool/Tournament.aspx?s=53&alg=57&tournament=552320"
"1099","Christian Fellowship","Cross Country Boys","11","Varsity","9/12","","","Tolton Catholic Invitational","tournament","https://www.mshsaa.org/MySchool/Schedule.aspx?s=1099&alg=11","https://www.mshsaa.org/MySchool/Tournament.aspx?s=1099&alg=11&tournament=589577"
"1099","Christian Fellowship","Cross Country Girls","12","Varsity","9/12","","","Tolton Catholic Invitational","tournament","https://www.mshsaa.org/MySchool/Schedule.aspx?s=1099&alg=12","https://www.mshsaa.org/MySchool/Tournament.aspx?s=1099&alg=12&tournament=589576"
"566","Columbia Independent","Cross Country Boys","11","Varsity","9/12","","","Tolton Invitational","tournament","https://www.mshsaa.org/MySchool/Schedule.aspx?s=566&alg=11","https://www.mshsaa.org/MySchool/Tournament.aspx?s=566&alg=11&tournament=594219"
"566","Columbia Independent","Cross Country Girls","12","Varsity","9/12","","","Tolton Invitational","tournament","https://www.mshsaa.org/MySchool/Schedule.aspx?s=566&alg=12","https://www.mshsaa.org/MySchool/Tournament.aspx?s=566&alg=12&tournament=594225"
"566","Columbia Independent","Tennis Girls","49","Varsity","9/12","","","Boonville Lady Pirate Open","tournament","https://www.mshsaa.org/MySchool/Schedule.aspx?s=566&alg=49","https://www.mshsaa.org/MySchool/Tournament.aspx?s=566&alg=49&tournament=586001"
"278","Eldon High School","Cross Country Boys","11","Varsity","9/12","","","Tolton Catholic Invitational","tournament","https://www.mshsaa.org/MySchool/Schedule.aspx?s=278&alg=11","https://www.mshsaa.org/MySchool/Tournament.aspx?s=278&alg=11&tournament=544983"
"278","Eldon High School","Cross Country Girls","12","Varsity","9/12","","","47th Annual Linn XC Invitational","tournament","https://www.mshsaa.org/MySchool/Schedule.aspx?s=278&alg=12","https://www.mshsaa.org/MySchool/Tournament.aspx?s=278&alg=12&tournament=544990"
"278","Eldon High School","Volleyball Girls","57","Varsity","9/12","","","Varsity Lake VolleyFest","tournament","https://www.mshsaa.org/MySchool/Schedule.aspx?s=278&alg=57","https://www.mshsaa.org/MySchool/Tournament.aspx?s=278&alg=57&tournament=556727"
"917","Father Tolton","Cross Country Boys","11","Varsity","9/12","","","Tolton Catholic Invitational","tournament","https://www.mshsaa.org/MySchool/Schedule.aspx?s=917&alg=11","https://www.mshsaa.org/MySchool/Tournament.aspx?s=917&alg=11&tournament=558147"
"917","Father Tolton","Cross Country Girls","12","Varsity","9/12","","","Tolton Catholic Invitational","tournament","https://www.mshsaa.org/MySchool/Schedule.aspx?s=917&alg=12","https://www.mshsaa.org/MySchool/Tournament.aspx?s=917&alg=12&tournament=558146"
"917","Father Tolton","Football","19","Varsity","9/12","1:00 pm","","University Academy Charter with Ewing Marion Kauffman","away","https://www.mshsaa.org/MySchool/Schedule.aspx?s=917&alg=19","https://www.mshsaa.org/MySchool/Matchup.aspx?s=917&alg=19&comp=2510299"
"917","Father Tolton","Volleyball Girls","57","Varsity","9/12","","","Hickman Tournament","tournament","https://www.mshsaa.org/MySchool/Schedule.aspx?s=917&alg=57","https://www.mshsaa.org/MySchool/Tournament.aspx?s=917&alg=57&tournament=570559"
"294","Fayette High School","Cross Country Boys","11","Varsity","9/12","","","Tolton Catholic Invitational","tournament","https://www.mshsaa.org/MySchool/Schedule.aspx?s=294&alg=11","https://www.mshsaa.org/MySchool/Tournament.aspx?s=294&alg=11&tournament=598983"
"294","Fayette High School","Softball Fall Season","38","Varsity","9/12","","","12th Annual Terry Early New Franklin Softball Tournament","tournament","https://www.mshsaa.org/MySchool/Schedule.aspx?s=294&alg=38","https://www.mshsaa.org/MySchool/Tournament.aspx?s=294&alg=38&tournament=546468"
"80","Fulton High School","Cross Country Boys","11","Varsity","9/12","","","47th Annual Linn XC Invitational","tournament","https://www.mshsaa.org/MySchool/Schedule.aspx?s=80&alg=11","https://www.mshsaa.org/MySchool/Tournament.aspx?s=80&alg=11&tournament=580265"
"80","Fulton High School","Cross Country Girls","12","Varsity","9/12","","","47th Annual Linn XC Invitational","tournament","https://www.mshsaa.org/MySchool/Schedule.aspx?s=80&alg=12","https://www.mshsaa.org/MySchool/Tournament.aspx?s=80&alg=12&tournament=594832"
"80","Fulton High School","Tennis Girls","49","Varsity","9/12","","","Boonville Lady Pirate Open","tournament","https://www.mshsaa.org/MySchool/Schedule.aspx?s=80&alg=49","https://www.mshsaa.org/MySchool/Tournament.aspx?s=80&alg=49&tournament=585820"
"80","Fulton High School","Volleyball Girls","57","Varsity","9/12","","","Melissa Hoerber Invitational Tournament","tournament","https://www.mshsaa.org/MySchool/Schedule.aspx?s=80&alg=57","https://www.mshsaa.org/MySchool/Tournament.aspx?s=80&alg=57&tournament=548111"
"302","Glasgow High School","Cross Country Boys","11","Varsity","9/12","","","Tolton Catholic Invitational","tournament","https://www.mshsaa.org/MySchool/Schedule.aspx?s=302&alg=11","https://www.mshsaa.org/MySchool/Tournament.aspx?s=302&alg=11&tournament=589843"
"302","Glasgow High School","Cross Country Girls","12","Varsity","9/12","","","Tolton Catholic Invitational","tournament","https://www.mshsaa.org/MySchool/Schedule.aspx?s=302&alg=12","https://www.mshsaa.org/MySchool/Tournament.aspx?s=302&alg=12&tournament=589842"
"311","Hallsville High School","Cross Country Boys","11","Varsity","9/12","","","Tolton Catholic Invitational","tournament","https://www.mshsaa.org/MySchool/Schedule.aspx?s=311&alg=11","https://www.mshsaa.org/MySchool/Tournament.aspx?s=311&alg=11&tournament=589583"
"311","Hallsville High School","Cross Country Girls","12","Varsity","9/12","","","Tolton Catholic Invitational","tournament","https://www.mshsaa.org/MySchool/Schedule.aspx?s=311&alg=12","https://www.mshsaa.org/MySchool/Tournament.aspx?s=311&alg=12&tournament=589582"
"313","Harrisburg High School","Cross Country Boys","11","Varsity","9/12","","","Tolton Catholic Invitational","tournament","https://www.mshsaa.org/MySchool/Schedule.aspx?s=313&alg=11","https://www.mshsaa.org/MySchool/Tournament.aspx?s=313&alg=11&tournament=580831"
"313","Harrisburg High School","Cross Country Girls","12","Varsity","9/12","","","Tolton Catholic Invitational","tournament","https://www.mshsaa.org/MySchool/Schedule.aspx?s=313&alg=12","https://www.mshsaa.org/MySchool/Tournament.aspx?s=313&alg=12&tournament=580837"
"313","Harrisburg High School","Softball Fall Season","38","Varsity","9/12","","","12th Annual Terry Early New Franklin Softball Tournament","tournament","https://www.mshsaa.org/MySchool/Schedule.aspx?s=313&alg=38","https://www.mshsaa.org/MySchool/Tournament.aspx?s=313&alg=38&tournament=557609"
"522","Helias High School","Cross Country Boys","11","Varsity","9/12","8:00 am","","Forest Park","tournament","https://www.mshsaa.org/MySchool/Schedule.aspx?s=522&alg=11","https://www.mshsaa.org/MySchool/Tournament.aspx?s=522&alg=11&tournament=544810"
"522","Helias High School","Cross Country Girls","12","Varsity","9/12","","","Forest Park","tournament","https://www.mshsaa.org/MySchool/Schedule.aspx?s=522&alg=12","https://www.mshsaa.org/MySchool/Tournament.aspx?s=522&alg=12&tournament=594060"
"522","Helias High School","Softball Fall Season","38","Varsity","9/12","","","DH Fracis Howell Central / Blue Springs","tournament","https://www.mshsaa.org/MySchool/Schedule.aspx?s=522&alg=38","https://www.mshsaa.org/MySchool/Tournament.aspx?s=522&alg=38&tournament=561834"
"85","Hickman High School","Volleyball Girls","57","Varsity","9/12","","","Hickman Tournament","tournament","https://www.mshsaa.org/MySchool/Schedule.aspx?s=85&alg=57","https://www.mshsaa.org/MySchool/Tournament.aspx?s=85&alg=57&tournament=577455"
"317","Higbee High School","Baseball Fall Season","66","Varsity","9/12","","","Higbee Baseball Tournament","tournament","https://www.mshsaa.org/MySchool/Schedule.aspx?s=317&alg=66","https://www.mshsaa.org/MySchool/Tournament.aspx?s=317&alg=66&tournament=544589"
"317","Higbee High School","Cross Country Girls","12","Varsity","9/12","","","Tolton Catholic Invitational","tournament","https://www.mshsaa.org/MySchool/Schedule.aspx?s=317&alg=12","https://www.mshsaa.org/MySchool/Tournament.aspx?s=317&alg=12&tournament=590607"
"84","Jefferson City High School","Cross Country Boys","11","Varsity","9/12","8:05 am","","Forest Park XC Festivals","tournament","https://www.mshsaa.org/MySchool/Schedule.aspx?s=84&alg=11","https://www.mshsaa.org/MySchool/Tournament.aspx?s=84&alg=11&tournament=540377"
"84","Jefferson City High School","Cross Country Girls","12","Varsity","9/12","8:05 am","","Forest Park XC Festivals","tournament","https://www.mshsaa.org/MySchool/Schedule.aspx?s=84&alg=12","https://www.mshsaa.org/MySchool/Tournament.aspx?s=84&alg=12&tournament=566505"
"360","Marshall High School","Swimming and Diving Boys","44","Varsity","9/12","","","Belton Pirate Invite","tournament","https://www.mshsaa.org/MySchool/Schedule.aspx?s=360&alg=44","https://www.mshsaa.org/MySchool/Tournament.aspx?s=360&alg=44&tournament=592971"
"360","Marshall High School","Volleyball Girls","57","Varsity","9/12","","","Husker Spikefest","tournament","https://www.mshsaa.org/MySchool/Schedule.aspx?s=360&alg=57","https://www.mshsaa.org/MySchool/Tournament.aspx?s=360&alg=57&tournament=588668"
"128","Mexico High School","Cross Country Boys","11","Varsity","9/12","","","Tolton Catholic Invitational","tournament","https://www.mshsaa.org/MySchool/Schedule.aspx?s=128&alg=11","https://www.mshsaa.org/MySchool/Tournament.aspx?s=128&alg=11&tournament=589605"
"128","Mexico High School","Cross Country Girls","12","Varsity","9/12","","","Tolton Catholic Invitational","tournament","https://www.mshsaa.org/MySchool/Schedule.aspx?s=128&alg=12","https://www.mshsaa.org/MySchool/Tournament.aspx?s=128&alg=12&tournament=589600"
"128","Mexico High School","Soccer Boys","33","Varsity","9/12","3:00 pm","","Chillicothe","home","https://www.mshsaa.org/MySchool/Schedule.aspx?s=128&alg=33","https://www.mshsaa.org/MySchool/Matchup.aspx?s=128&alg=33&comp=2756454"
"128","Mexico High School","Tennis Girls","49","Varsity","9/12","","","Troy Varsity Girls Doubles Tennis Tournament","tournament","https://www.mshsaa.org/MySchool/Schedule.aspx?s=128&alg=49","https://www.mshsaa.org/MySchool/Tournament.aspx?s=128&alg=49&tournament=586851"
"569","Missouri Military Academy","Cross Country Boys","11","Varsity","9/12","","","Tolton Catholic Invitational","tournament","https://www.mshsaa.org/MySchool/Schedule.aspx?s=569&alg=11","https://www.mshsaa.org/MySchool/Tournament.aspx?s=569&alg=11&tournament=589572"
"132","Moberly High School","Cross Country Boys","11","Varsity","9/12","","","47th Annual Linn XC Invitational","tournament","https://www.mshsaa.org/MySchool/Schedule.aspx?s=132&alg=11","https://www.mshsaa.org/MySchool/Tournament.aspx?s=132&alg=11&tournament=584670"
"132","Moberly High School","Cross Country Girls","12","Varsity","9/12","","","47th Annual Linn XC Invitational","tournament","https://www.mshsaa.org/MySchool/Schedule.aspx?s=132&alg=12","https://www.mshsaa.org/MySchool/Tournament.aspx?s=132&alg=12&tournament=585350"
"132","Moberly High School","Tennis Girls","49","Varsity","9/12","","","Triad Invitational","tournament","https://www.mshsaa.org/MySchool/Schedule.aspx?s=132&alg=49","https://www.mshsaa.org/MySchool/Tournament.aspx?s=132&alg=49&tournament=589437"
"139","North Callaway High School","Cross Country Boys","11","Varsity","9/12","","","Linn","tournament","https://www.mshsaa.org/MySchool/Schedule.aspx?s=139&alg=11","https://www.mshsaa.org/MySchool/Tournament.aspx?s=139&alg=11&tournament=552834"
"139","North Callaway High School","Cross Country Girls","12","Varsity","9/12","","","Linn","tournament","https://www.mshsaa.org/MySchool/Schedule.aspx?s=139&alg=12","https://www.mshsaa.org/MySchool/Tournament.aspx?s=139&alg=12&tournament=552840"
"139","North Callaway High School","Volleyball Girls","57","Varsity","9/12","","","Melissa Hoerber Invitational Tournament","tournament","https://www.mshsaa.org/MySchool/Schedule.aspx?s=139&alg=57","https://www.mshsaa.org/MySchool/Tournament.aspx?s=139&alg=57&tournament=541958"
"152","Osage High School","Cross Country Boys","11","Varsity","9/12","","","Tolton Catholic Invitational","tournament","https://www.mshsaa.org/MySchool/Schedule.aspx?s=152&alg=11","https://www.mshsaa.org/MySchool/Tournament.aspx?s=152&alg=11&tournament=578476"
"152","Osage High School","Cross Country Girls","12","Varsity","9/12","","","Tolton Catholic Invitational","tournament","https://www.mshsaa.org/MySchool/Schedule.aspx?s=152&alg=12","https://www.mshsaa.org/MySchool/Tournament.aspx?s=152&alg=12&tournament=578945"
"152","Osage High School","Softball Fall Season","38","Varsity","9/12","","","Vienna Fall Invitational","tournament","https://www.mshsaa.org/MySchool/Schedule.aspx?s=152&alg=38","https://www.mshsaa.org/MySchool/Tournament.aspx?s=152&alg=38&tournament=549310"
"152","Osage High School","Tennis Girls","49","Varsity","9/12","","","Boonville Lady Pirate Open","tournament","https://www.mshsaa.org/MySchool/Schedule.aspx?s=152&alg=49","https://www.mshsaa.org/MySchool/Tournament.aspx?s=152&alg=49&tournament=564929"
"578","Rock Bridge High School","Cross Country Boys","11","Varsity","9/12","","","Forest Park Invitational","tournament","https://www.mshsaa.org/MySchool/Schedule.aspx?s=578&alg=11","https://www.mshsaa.org/MySchool/Tournament.aspx?s=578&alg=11&tournament=596594"
"578","Rock Bridge High School","Cross Country Girls","12","Varsity","9/12","","","Forest Park Invitational","tournament","https://www.mshsaa.org/MySchool/Schedule.aspx?s=578&alg=12","https://www.mshsaa.org/MySchool/Tournament.aspx?s=578&alg=12&tournament=596601"
"578","Rock Bridge High School","Soccer Boys","33","Varsity","9/12","10:00 am","","Ft. Zumwalt South","home","https://www.mshsaa.org/MySchool/Schedule.aspx?s=578&alg=33","https://www.mshsaa.org/MySchool/Matchup.aspx?s=578&alg=33&comp=2658660"
"578","Rock Bridge High School","Softball Fall Season","38","Varsity","9/12","10:00 am","","Jackson","away","https://www.mshsaa.org/MySchool/Schedule.aspx?s=578&alg=38","https://www.mshsaa.org/MySchool/Matchup.aspx?s=578&alg=38&comp=2766986"
"578","Rock Bridge High School","Softball Fall Season","38","Varsity","9/12","12:00 pm","","Lafayette (Wildwood)","away","https://www.mshsaa.org/MySchool/Schedule.aspx?s=578&alg=38","https://www.mshsaa.org/MySchool/Matchup.aspx?s=578&alg=38&comp=2792654"
"578","Rock Bridge High School","Volleyball Girls","57","Varsity","⤷ 9/12","TBD","","St. Michael the Archangel","tournament","https://www.mshsaa.org/MySchool/Schedule.aspx?s=578&alg=57","https://www.mshsaa.org/MySchool/Matchup.aspx?s=578&alg=57&comp=2784572"
"578","Rock Bridge High School","Volleyball Girls","57","Varsity","⤷ 9/12","TBD","","Blue Springs","tournament","https://www.mshsaa.org/MySchool/Schedule.aspx?s=578&alg=57","https://www.mshsaa.org/MySchool/Matchup.aspx?s=578&alg=57&comp=2784573"
"430","Russellville High School","Cross Country Boys","11","Varsity","9/12","","","47th Annual Linn XC Invitational","tournament","https://www.mshsaa.org/MySchool/Schedule.aspx?s=430&alg=11","https://www.mshsaa.org/MySchool/Tournament.aspx?s=430&alg=11&tournament=584778"
"431","Salisbury High School","Cross Country Boys","11","Varsity","9/12","","","Tolton Catholic Invitational","tournament","https://www.mshsaa.org/MySchool/Schedule.aspx?s=431&alg=11","https://www.mshsaa.org/MySchool/Tournament.aspx?s=431&alg=11&tournament=545822"
"431","Salisbury High School","Cross Country Girls","12","Varsity","9/12","","","Tolton Catholic Invitational","tournament","https://www.mshsaa.org/MySchool/Schedule.aspx?s=431&alg=12","https://www.mshsaa.org/MySchool/Tournament.aspx?s=431&alg=12&tournament=545831"
"431","Salisbury High School","Softball Fall Season","38","Varsity","9/12","","","12th Annual Milan LadyCats Softball Tournament","tournament","https://www.mshsaa.org/MySchool/Schedule.aspx?s=431&alg=38","https://www.mshsaa.org/MySchool/Tournament.aspx?s=431&alg=38&tournament=546083"
"194","Smith-Cotton High School","Softball Fall Season","38","Varsity","⤷ 9/12","TBD","","Southern Boone","tournament","https://www.mshsaa.org/MySchool/Schedule.aspx?s=194&alg=38","https://www.mshsaa.org/MySchool/Matchup.aspx?s=194&alg=38&comp=2774969"
"194","Smith-Cotton High School","Softball Fall Season","38","Varsity","⤷ 9/12","TBD","","Staley","tournament","https://www.mshsaa.org/MySchool/Schedule.aspx?s=194&alg=38","https://www.mshsaa.org/MySchool/Matchup.aspx?s=194&alg=38&comp=2774970"
"194","Smith-Cotton High School","Volleyball Girls","57","Varsity","9/12","","","Varsity Lake VolleyFest","tournament","https://www.mshsaa.org/MySchool/Schedule.aspx?s=194&alg=57","https://www.mshsaa.org/MySchool/Tournament.aspx?s=194&alg=57&tournament=569840"
"197","South Callaway High School","Cross Country Boys","11","Varsity","9/12","","","47th Annual Linn XC Invitational","tournament","https://www.mshsaa.org/MySchool/Schedule.aspx?s=197&alg=11","https://www.mshsaa.org/MySchool/Tournament.aspx?s=197&alg=11&tournament=595766"
"197","South Callaway High School","Cross Country Girls","12","Varsity","9/12","9:00 am","","Linn","away","https://www.mshsaa.org/MySchool/Schedule.aspx?s=197&alg=12","https://www.mshsaa.org/MySchool/Matchup.aspx?s=197&alg=12&comp=2779195"
"2","Southern Boone High School","Cross Country Boys","11","Varsity","9/12","","","Tolton Catholic Invitational","tournament","https://www.mshsaa.org/MySchool/Schedule.aspx?s=2&alg=11","https://www.mshsaa.org/MySchool/Tournament.aspx?s=2&alg=11&tournament=559452"
"2","Southern Boone High School","Cross Country Girls","12","Varsity","9/12","","","Tolton Catholic Invitational","tournament","https://www.mshsaa.org/MySchool/Schedule.aspx?s=2&alg=12","https://www.mshsaa.org/MySchool/Tournament.aspx?s=2&alg=12&tournament=559460"
"2","Southern Boone High School","Volleyball Girls","57","Varsity","9/12","","","Melissa Hoerber Invitational Tournament","tournament","https://www.mshsaa.org/MySchool/Schedule.aspx?s=2&alg=57","https://www.mshsaa.org/MySchool/Tournament.aspx?s=2&alg=57&tournament=551760"
"485","Versailles High School","Cross Country Boys","11","Varsity","9/12","","","47th Annual Linn XC Invitational","tournament","https://www.mshsaa.org/MySchool/Schedule.aspx?s=485&alg=11","https://www.mshsaa.org/MySchool/Tournament.aspx?s=485&alg=11&tournament=565603"
"485","Versailles High School","Cross Country Girls","12","Varsity","9/12","","","47th Annual Linn XC Invitational","tournament","https://www.mshsaa.org/MySchool/Schedule.aspx?s=485&alg=12","https://www.mshsaa.org/MySchool/Tournament.aspx?s=485&alg=12&tournament=565612"
"485","Versailles High School","Volleyball Girls","57","Varsity","9/12","","","Husker Spikefest","tournament","https://www.mshsaa.org/MySchool/Schedule.aspx?s=485&alg=57","https://www.mshsaa.org/MySchool/Tournament.aspx?s=485&alg=57&tournament=548425"
"953","Battle High School","Golf Girls","24","Varsity","9/14","","","S-C Classic","tournament","https://www.mshsaa.org/MySchool/Schedule.aspx?s=953&alg=24","https://www.mshsaa.org/MySchool/Tournament.aspx?s=953&alg=24&tournament=589042"
"953","Battle High School","Soccer Boys","33","Varsity","9/14","5:00 pm","","Boonville","away","https://www.mshsaa.org/MySchool/Schedule.aspx?s=953&alg=33","https://www.mshsaa.org/MySchool/Matchup.aspx?s=953&alg=33&comp=2766209"
"953","Battle High School","Softball Fall Season","38","Varsity","9/14","5:00 pm","","Camdenton","home","https://www.mshsaa.org/MySchool/Schedule.aspx?s=953&alg=38","https://www.mshsaa.org/MySchool/Matchup.aspx?s=953&alg=38&comp=2762382"
"953","Battle High School","Volleyball Girls","57","Varsity","9/14","7:00 pm","","Blair Oaks","home","https://www.mshsaa.org/MySchool/Schedule.aspx?s=953&alg=57","https://www.mshsaa.org/MySchool/Matchup.aspx?s=953&alg=57&comp=2766682"
"217","Blair Oaks High School","Softball Fall Season","38","Varsity","9/14","5:00 pm","","Fulton","away","https://www.mshsaa.org/MySchool/Schedule.aspx?s=217&alg=38","https://www.mshsaa.org/MySchool/Matchup.aspx?s=217&alg=38&comp=2632321"
"217","Blair Oaks High School","Volleyball Girls","57","Varsity","9/14","7:00 pm","","Battle","away","https://www.mshsaa.org/MySchool/Schedule.aspx?s=217&alg=57","https://www.mshsaa.org/MySchool/Matchup.aspx?s=217&alg=57&comp=2632335"
"16","Boonville High School","Golf Girls","24","Varsity","9/14","4:00 pm","","Father Tolton","home","https://www.mshsaa.org/MySchool/Schedule.aspx?s=16&alg=24","https://www.mshsaa.org/MySchool/Matchup.aspx?s=16&alg=24&comp=2767891"
"16","Boonville High School","Soccer Boys","33","Varsity","9/14","6:30 pm","","Battle with Columbia Independent","home","https://www.mshsaa.org/MySchool/Schedule.aspx?s=16&alg=33","https://www.mshsaa.org/MySchool/Matchup.aspx?s=16&alg=33&comp=2765771"
"16","Boonville High School","Softball Fall Season","38","Varsity","9/14","5:00 pm","","Southern Boone","home","https://www.mshsaa.org/MySchool/Schedule.aspx?s=16&alg=38","https://www.mshsaa.org/MySchool/Matchup.aspx?s=16&alg=38&comp=2670888"
"26","Camdenton High School","Golf Girls","24","Varsity","9/14","","","S-C Classic","tournament","https://www.mshsaa.org/MySchool/Schedule.aspx?s=26&alg=24","https://www.mshsaa.org/MySchool/Tournament.aspx?s=26&alg=24&tournament=568363"
"26","Camdenton High School","Softball Fall Season","38","Varsity","9/14","5:00 pm","","Battle","away","https://www.mshsaa.org/MySchool/Schedule.aspx?s=26&alg=38","https://www.mshsaa.org/MySchool/Matchup.aspx?s=26&alg=38&comp=2768765"
"26","Camdenton High School","Tennis Girls","49","Varsity","9/14","4:30 pm","","Capital City","away","https://www.mshsaa.org/MySchool/Schedule.aspx?s=26&alg=49","https://www.mshsaa.org/MySchool/Matchup.aspx?s=26&alg=49&comp=2742710"
"26","Camdenton High School","Tennis Girls","49","Varsity","9/14","2:00 pm","","Jefferson City","home","https://www.mshsaa.org/MySchool/Schedule.aspx?s=26&alg=49","https://www.mshsaa.org/MySchool/Matchup.aspx?s=26&alg=49&comp=2768801"
"26","Camdenton High School","Tennis Girls","49","Varsity","9/14","2:00 pm","","Jefferson City","away","https://www.mshsaa.org/MySchool/Schedule.aspx?s=26&alg=49","https://www.mshsaa.org/MySchool/Matchup.aspx?s=26&alg=49&comp=2776179"
"1540","Capital City High School","Golf Girls","24","Varsity","9/14","","","S-C Classic","tournament","https://www.mshsaa.org/MySchool/Schedule.aspx?s=1540&alg=24","https://www.mshsaa.org/MySchool/Tournament.aspx?s=1540&alg=24&tournament=563803"
"1540","Capital City High School","Softball Fall Season","38","Varsity","9/14","5:30 pm","","Rock Bridge","away","https://www.mshsaa.org/MySchool/Schedule.aspx?s=1540&alg=38","https://www.mshsaa.org/MySchool/Matchup.aspx?s=1540&alg=38&comp=2623141"
"1540","Capital City High School","Swimming and Diving Boys","44","Varsity","9/14","3:30 pm","","Hannibal","away","https://www.mshsaa.org/MySchool/Schedule.aspx?s=1540&alg=44","https://www.mshsaa.org/MySchool/Matchup.aspx?s=1540&alg=44&comp=2782011"
"1540","Capital City High School","Tennis Girls","49","Varsity","9/14","4:30 pm","","Camdenton","home","https://www.mshsaa.org/MySchool/Schedule.aspx?s=1540&alg=49","https://www.mshsaa.org/MySchool/Matchup.aspx?s=1540&alg=49&comp=2621721"
"1540","Capital City High School","Volleyball Girls","57","Varsity","9/14","6:30 pm","","Helias Catholic","away","https://www.mshsaa.org/MySchool/Schedule.aspx?s=1540&alg=57","https://www.mshsaa.org/MySchool/Matchup.aspx?s=1540&alg=57&comp=2641595"
"53","Centralia High School","Softball Fall Season","38","Varsity","9/14","4:00 pm","","St. Elizabeth","away","https://www.mshsaa.org/MySchool/Schedule.aspx?s=53&alg=38","https://www.mshsaa.org/MySchool/Matchup.aspx?s=53&alg=38&comp=2655432"
"53","Centralia High School","Volleyball Girls","57","Varsity","9/14","6:00 pm","","North Callaway","away","https://www.mshsaa.org/MySchool/Schedule.aspx?s=53&alg=57","https://www.mshsaa.org/MySchool/Matchup.aspx?s=53&alg=57&comp=2655580"
"1099","Christian Fellowship","Volleyball Girls","57","Varsity","9/14","7:00 pm","","Tipton","away","https://www.mshsaa.org/MySchool/Schedule.aspx?s=1099&alg=57","https://www.mshsaa.org/MySchool/Matchup.aspx?s=1099&alg=57&comp=2653849"
"566","Columbia Independent","Soccer Boys","33","Varsity","9/14","5:00 pm","","Boonville","away","https://www.mshsaa.org/MySchool/Schedule.aspx?s=566&alg=33","https://www.mshsaa.org/MySchool/Matchup.aspx?s=566&alg=33&comp=2766209"
"566","Columbia Independent","Tennis Girls","49","Varsity","9/14","4:30 pm","","Carrollton","away","https://www.mshsaa.org/MySchool/Schedule.aspx?s=566&alg=49","https://www.mshsaa.org/MySchool/Matchup.aspx?s=566&alg=49&comp=2696507"
"917","Father Tolton","Golf Girls","24","Varsity","9/14","4:00 pm","","Boonville","away","https://www.mshsaa.org/MySchool/Schedule.aspx?s=917&alg=24","https://www.mshsaa.org/MySchool/Matchup.aspx?s=917&alg=24&comp=2767892"
"917","Father Tolton","Soccer Boys","33","Varsity","9/14","7:00 pm","","Hickman","home","https://www.mshsaa.org/MySchool/Schedule.aspx?s=917&alg=33","https://www.mshsaa.org/MySchool/Matchup.aspx?s=917&alg=33&comp=2677039"
"917","Father Tolton","Softball Fall Season","38","Varsity","9/14","5:30 pm","","Hickman","home","https://www.mshsaa.org/MySchool/Schedule.aspx?s=917&alg=38","https://www.mshsaa.org/MySchool/Matchup.aspx?s=917&alg=38&comp=2782492"
"917","Father Tolton","Volleyball Girls","57","Varsity","9/14","6:30 pm","","Mexico","home","https://www.mshsaa.org/MySchool/Schedule.aspx?s=917&alg=57","https://www.mshsaa.org/MySchool/Matchup.aspx?s=917&alg=57&comp=2733204"
"294","Fayette High School","Softball Fall Season","38","Varsity","9/14","5:00 pm","","Linn","home","https://www.mshsaa.org/MySchool/Schedule.aspx?s=294&alg=38","https://www.mshsaa.org/MySchool/Matchup.aspx?s=294&alg=38&comp=2635047"
"80","Fulton High School","Softball Fall Season","38","Varsity","9/14","5:00 pm","","Blair Oaks","home","https://www.mshsaa.org/MySchool/Schedule.aspx?s=80&alg=38","https://www.mshsaa.org/MySchool/Matchup.aspx?s=80&alg=38&comp=2635709"
"80","Fulton High School","Tennis Girls","49","Varsity","9/14","4:00 pm","","Marshall","home","https://www.mshsaa.org/MySchool/Schedule.aspx?s=80&alg=49","https://www.mshsaa.org/MySchool/Matchup.aspx?s=80&alg=49&comp=2745180"
"80","Fulton High School","Volleyball Girls","57","Varsity","9/14","7:30 pm","","Osage","away","https://www.mshsaa.org/MySchool/Schedule.aspx?s=80&alg=57","https://www.mshsaa.org/MySchool/Matchup.aspx?s=80&alg=57&comp=2642112"
"302","Glasgow High School","Golf Girls","24","Varsity","9/14","","","Westran: Paris, Glasgow, New Franklin, Moberly","tournament","https://www.mshsaa.org/MySchool/Schedule.aspx?s=302&alg=24","https://www.mshsaa.org/MySchool/Tournament.aspx?s=302&alg=24&tournament=582462"
"313","Harrisburg High School","Softball Fall Season","38","Varsity","9/14","5:00 pm","","Russellville","away","https://www.mshsaa.org/MySchool/Schedule.aspx?s=313&alg=38","https://www.mshsaa.org/MySchool/Matchup.aspx?s=313&alg=38&comp=2635173"
"522","Helias High School","Golf Girls","24","Varsity","9/14","","","S-C Classic","tournament","https://www.mshsaa.org/MySchool/Schedule.aspx?s=522&alg=24","https://www.mshsaa.org/MySchool/Tournament.aspx?s=522&alg=24&tournament=547256"
"522","Helias High School","Softball Fall Season","38","Varsity","9/14","5:00 pm","","Smith-Cotton","away","https://www.mshsaa.org/MySchool/Schedule.aspx?s=522&alg=38","https://www.mshsaa.org/MySchool/Matchup.aspx?s=522&alg=38&comp=2641451"
"522","Helias High School","Volleyball Girls","57","Varsity","9/14","6:30 pm","","Capital City","home","https://www.mshsaa.org/MySchool/Schedule.aspx?s=522&alg=57","https://www.mshsaa.org/MySchool/Matchup.aspx?s=522&alg=57&comp=2711126"
"85","Hickman High School","Golf Girls","24","Varsity","9/14","","","S-C Classic","tournament","https://www.mshsaa.org/MySchool/Schedule.aspx?s=85&alg=24","https://www.mshsaa.org/MySchool/Tournament.aspx?s=85&alg=24&tournament=582985"
"85","Hickman High School","Soccer Boys","33","Varsity","9/14","5:00 pm","","Father Tolton","away","https://www.mshsaa.org/MySchool/Schedule.aspx?s=85&alg=33","https://www.mshsaa.org/MySchool/Matchup.aspx?s=85&alg=33&comp=2675475"
"85","Hickman High School","Softball Fall Season","38","Varsity","9/14","5:30 pm","","Father Tolton","home","https://www.mshsaa.org/MySchool/Schedule.aspx?s=85&alg=38","https://www.mshsaa.org/MySchool/Matchup.aspx?s=85&alg=38&comp=2744124"
"317","Higbee High School","Baseball Fall Season","66","Varsity","9/14","5:00 pm","","Community","home","https://www.mshsaa.org/MySchool/Schedule.aspx?s=317&alg=66","https://www.mshsaa.org/MySchool/Matchup.aspx?s=317&alg=66&comp=2626884"
"84","Jefferson City High School","Golf Girls","24","Varsity","9/14","10:00 am","","S-C Classic","tournament","https://www.mshsaa.org/MySchool/Schedule.aspx?s=84&alg=24","https://www.mshsaa.org/MySchool/Tournament.aspx?s=84&alg=24&tournament=576803"
"84","Jefferson City High School","Swimming and Diving Boys","44","Varsity","9/14","5:00 pm","","Hannibal","away","https://www.mshsaa.org/MySchool/Schedule.aspx?s=84&alg=44","https://www.mshsaa.org/MySchool/Matchup.aspx?s=84&alg=44&comp=2781700"
"84","Jefferson City High School","Tennis Girls","49","Varsity","9/14","3:30 pm","","Camdenton","home","https://www.mshsaa.org/MySchool/Schedule.aspx?s=84&alg=49","https://www.mshsaa.org/MySchool/Matchup.aspx?s=84&alg=49&comp=2757160"
"84","Jefferson City High School","Volleyball Girls","57","Varsity","9/14","7:00 pm","","Smith-Cotton","home","https://www.mshsaa.org/MySchool/Schedule.aspx?s=84&alg=57","https://www.mshsaa.org/MySchool/Matchup.aspx?s=84&alg=57&comp=2653573"
"360","Marshall High School","Golf Girls","24","Varsity","9/14","","","S-C Classic","tournament","https://www.mshsaa.org/MySchool/Schedule.aspx?s=360&alg=24","https://www.mshsaa.org/MySchool/Tournament.aspx?s=360&alg=24&tournament=554358"
"360","Marshall High School","Soccer Boys","33","Varsity","9/14-17","","","Kansas City Cup (Van Horn)","tournament","https://www.mshsaa.org/MySchool/Schedule.aspx?s=360&alg=33","https://www.mshsaa.org/MySchool/Tournament.aspx?s=360&alg=33&tournament=558163"
"360","Marshall High School","Soccer Boys","33","Varsity","⤷ 9/14","TBD","","Van Horn","tournament","https://www.mshsaa.org/MySchool/Schedule.aspx?s=360&alg=33","https://www.mshsaa.org/MySchool/Matchup.aspx?s=360&alg=33&comp=2791085"
"360","Marshall High School","Tennis Girls","49","Varsity","9/14","4:00 pm","","Fulton","away","https://www.mshsaa.org/MySchool/Schedule.aspx?s=360&alg=49","https://www.mshsaa.org/MySchool/Matchup.aspx?s=360&alg=49&comp=2661600"
"128","Mexico High School","Tennis Girls","49","Varsity","9/14","4:00 pm","","Osage","away","https://www.mshsaa.org/MySchool/Schedule.aspx?s=128&alg=49","https://www.mshsaa.org/MySchool/Matchup.aspx?s=128&alg=49&comp=2758452"
"128","Mexico High School","Volleyball Girls","57","Varsity","9/14","6:30 pm","","Father Tolton","away","https://www.mshsaa.org/MySchool/Schedule.aspx?s=128&alg=57","https://www.mshsaa.org/MySchool/Matchup.aspx?s=128&alg=57&comp=2652131"
"132","Moberly High School","Golf Girls","24","Varsity","9/14","","","Westran: Paris, Glasgow, New Franklin, Moberly","tournament","https://www.mshsaa.org/MySchool/Schedule.aspx?s=132&alg=24","https://www.mshsaa.org/MySchool/Tournament.aspx?s=132&alg=24&tournament=582284"
"132","Moberly High School","Softball Fall Season","38","Varsity","9/14","5:00 pm","","Palmyra","away","https://www.mshsaa.org/MySchool/Schedule.aspx?s=132&alg=38","https://www.mshsaa.org/MySchool/Matchup.aspx?s=132&alg=38&comp=2647174"
"132","Moberly High School","Tennis Girls","49","Varsity","9/14","4:00 pm","","Kirksville","home","https://www.mshsaa.org/MySchool/Schedule.aspx?s=132&alg=49","https://www.mshsaa.org/MySchool/Matchup.aspx?s=132&alg=49&comp=2731770"
"139","North Callaway High School","Volleyball Girls","57","Varsity","9/14","6:00 pm","","Centralia","home","https://www.mshsaa.org/MySchool/Schedule.aspx?s=139&alg=57","https://www.mshsaa.org/MySchool/Matchup.aspx?s=139&alg=57&comp=2615035"
"152","Osage High School","Golf Girls","24","Varsity","9/14","4:00 pm","","Osage Tri","tournament","https://www.mshsaa.org/MySchool/Schedule.aspx?s=152&alg=24","https://www.mshsaa.org/MySchool/Tournament.aspx?s=152&alg=24&tournament=582624"
"152","Osage High School","Golf Girls","24","Varsity","⤷ 9/14","TBD","","Clinton","tournament","https://www.mshsaa.org/MySchool/Schedule.aspx?s=152&alg=24","https://www.mshsaa.org/MySchool/Matchup.aspx?s=152&alg=24&comp=2753573"
"152","Osage High School","Golf Girls","24","Varsity","⤷ 9/14","TBD","","Russellville","tournament","https://www.mshsaa.org/MySchool/Schedule.aspx?s=152&alg=24","https://www.mshsaa.org/MySchool/Matchup.aspx?s=152&alg=24&comp=2753617"
"152","Osage High School","Soccer Boys","33","Varsity","9/14","6:00 pm","","Sacred Heart","home","https://www.mshsaa.org/MySchool/Schedule.aspx?s=152&alg=33","https://www.mshsaa.org/MySchool/Matchup.aspx?s=152&alg=33&comp=2657126"
"152","Osage High School","Softball Fall Season","38","Varsity","9/14","5:00 pm","","Stoutland","away","https://www.mshsaa.org/MySchool/Schedule.aspx?s=152&alg=38","https://www.mshsaa.org/MySchool/Matchup.aspx?s=152&alg=38&comp=2657247"
"152","Osage High School","Tennis Girls","49","Varsity","9/14","4:00 pm","","Mexico","home","https://www.mshsaa.org/MySchool/Schedule.aspx?s=152&alg=49","https://www.mshsaa.org/MySchool/Matchup.aspx?s=152&alg=49&comp=2697351"
"152","Osage High School","Volleyball Girls","57","Varsity","9/14","7:30 pm","","Fulton","home","https://www.mshsaa.org/MySchool/Schedule.aspx?s=152&alg=57","https://www.mshsaa.org/MySchool/Matchup.aspx?s=152&alg=57&comp=2664717"
"578","Rock Bridge High School","Golf Girls","24","Varsity","9/14","","","S-C Classic","tournament","https://www.mshsaa.org/MySchool/Schedule.aspx?s=578&alg=24","https://www.mshsaa.org/MySchool/Tournament.aspx?s=578&alg=24&tournament=582291"
"578","Rock Bridge High School","Softball Fall Season","38","Varsity","9/14","5:30 pm","","Capital City","home","https://www.mshsaa.org/MySchool/Schedule.aspx?s=578&alg=38","https://www.mshsaa.org/MySchool/Matchup.aspx?s=578&alg=38&comp=2766721"
"430","Russellville High School","Golf Girls","24","Varsity","9/14","","","Osage Quad","tournament","https://www.mshsaa.org/MySchool/Schedule.aspx?s=430&alg=24","https://www.mshsaa.org/MySchool/Tournament.aspx?s=430&alg=24&tournament=584779"
"430","Russellville High School","Softball Fall Season","38","Varsity","9/14","5:00 pm","","Harrisburg","home","https://www.mshsaa.org/MySchool/Schedule.aspx?s=430&alg=38","https://www.mshsaa.org/MySchool/Matchup.aspx?s=430&alg=38&comp=2616302"
"431","Salisbury High School","Golf Girls","24","Varsity","9/14","","","Marceline Open #2","tournament","https://www.mshsaa.org/MySchool/Schedule.aspx?s=431&alg=24","https://www.mshsaa.org/MySchool/Tournament.aspx?s=431&alg=24&tournament=545813"
"194","Smith-Cotton High School","Golf Girls","24","Varsity","9/14","","","S-C Classic","tournament","https://www.mshsaa.org/MySchool/Schedule.aspx?s=194&alg=24","https://www.mshsaa.org/MySchool/Tournament.aspx?s=194&alg=24&tournament=557512"
"194","Smith-Cotton High School","Soccer Boys","33","Varsity","9/14","6:30 pm","","Southern Boone","away","https://www.mshsaa.org/MySchool/Schedule.aspx?s=194&alg=33","https://www.mshsaa.org/MySchool/Matchup.aspx?s=194&alg=33&comp=2663085"
"194","Smith-Cotton High School","Softball Fall Season","38","Varsity","9/14","5:00 pm","","Helias Catholic","home","https://www.mshsaa.org/MySchool/Schedule.aspx?s=194&alg=38","https://www.mshsaa.org/MySchool/Matchup.aspx?s=194&alg=38&comp=2642166"
"194","Smith-Cotton High School","Volleyball Girls","57","Varsity","9/14","7:00 pm","","Jefferson City","away","https://www.mshsaa.org/MySchool/Schedule.aspx?s=194&alg=57","https://www.mshsaa.org/MySchool/Matchup.aspx?s=194&alg=57&comp=2643414"
"197","South Callaway High School","Softball Fall Season","38","Varsity","9/14","5:00 pm","","New Bloomfield","away","https://www.mshsaa.org/MySchool/Schedule.aspx?s=197&alg=38","https://www.mshsaa.org/MySchool/Matchup.aspx?s=197&alg=38&comp=2724556"
"2","Southern Boone High School","Soccer Boys","33","Varsity","9/14","6:30 pm","","Smith-Cotton","home","https://www.mshsaa.org/MySchool/Schedule.aspx?s=2&alg=33","https://www.mshsaa.org/MySchool/Matchup.aspx?s=2&alg=33&comp=2632890"
"2","Southern Boone High School","Softball Fall Season","38","Varsity","9/14","5:30 pm","","Boonville","away","https://www.mshsaa.org/MySchool/Schedule.aspx?s=2&alg=38","https://www.mshsaa.org/MySchool/Matchup.aspx?s=2&alg=38&comp=2695793"
"2","Southern Boone High School","Volleyball Girls","57","Varsity","9/14","7:00 pm","","Fatima","home","https://www.mshsaa.org/MySchool/Schedule.aspx?s=2&alg=57","https://www.mshsaa.org/MySchool/Matchup.aspx?s=2&alg=57&comp=2653883"
"474","Tipton High School","Golf Girls","24","Varsity","9/14","","","Osage Quad","tournament","https://www.mshsaa.org/MySchool/Schedule.aspx?s=474&alg=24","https://www.mshsaa.org/MySchool/Tournament.aspx?s=474&alg=24&tournament=582952"
"474","Tipton High School","Volleyball Girls","57","Varsity","9/14","7:00 pm","","Christian Fellowship Sr.","home","https://www.mshsaa.org/MySchool/Schedule.aspx?s=474&alg=57","https://www.mshsaa.org/MySchool/Matchup.aspx?s=474&alg=57&comp=2635295"
"485","Versailles High School","Golf Girls","24","Varsity","9/14","","","S-C Classic","tournament","https://www.mshsaa.org/MySchool/Schedule.aspx?s=485&alg=24","https://www.mshsaa.org/MySchool/Tournament.aspx?s=485&alg=24&tournament=545177"
"485","Versailles High School","Volleyball Girls","57","Varsity","9/14","6:00 pm","","Sherwood","away","https://www.mshsaa.org/MySchool/Schedule.aspx?s=485&alg=57","https://www.mshsaa.org/MySchool/Matchup.aspx?s=485&alg=57&comp=2643116"
"953","Battle High School","Soccer Boys","33","Varsity","9/15","7:00 pm","","Helias Catholic","home","https://www.mshsaa.org/MySchool/Schedule.aspx?s=953&alg=33","https://www.mshsaa.org/MySchool/Matchup.aspx?s=953&alg=33&comp=2667381"
"953","Battle High School","Softball Fall Season","38","Varsity","9/15","5:00 pm","","Hickman","home","https://www.mshsaa.org/MySchool/Schedule.aspx?s=953&alg=38","https://www.mshsaa.org/MySchool/Matchup.aspx?s=953&alg=38&comp=2762410"
"953","Battle High School","Tennis Girls","49","Varsity","9/15","4:30 pm","","Hickman","away","https://www.mshsaa.org/MySchool/Schedule.aspx?s=953&alg=49","https://www.mshsaa.org/MySchool/Matchup.aspx?s=953&alg=49&comp=2766954"
"217","Blair Oaks High School","Softball Fall Season","38","Varsity","9/15","5:00 pm","","Helias Catholic","away","https://www.mshsaa.org/MySchool/Schedule.aspx?s=217&alg=38","https://www.mshsaa.org/MySchool/Matchup.aspx?s=217&alg=38&comp=2632322"
"217","Blair Oaks High School","Volleyball Girls","57","Varsity","9/15","7:00 pm","","Eldon","home","https://www.mshsaa.org/MySchool/Schedule.aspx?s=217&alg=57","https://www.mshsaa.org/MySchool/Matchup.aspx?s=217&alg=57&comp=2632336"
"16","Boonville High School","Tennis Girls","49","Varsity","9/15","4:30 pm","","Lafayette County","away","https://www.mshsaa.org/MySchool/Schedule.aspx?s=16&alg=49","https://www.mshsaa.org/MySchool/Matchup.aspx?s=16&alg=49&comp=2761973"
"16","Boonville High School","Volleyball Girls","57","Varsity","9/15","6:00 pm","","Osage","away","https://www.mshsaa.org/MySchool/Schedule.aspx?s=16&alg=57","https://www.mshsaa.org/MySchool/Matchup.aspx?s=16&alg=57&comp=2710325"
"582","California High School","Golf Girls","24","Varsity","9/15","TBD","","Helias Catholic","away","https://www.mshsaa.org/MySchool/Schedule.aspx?s=582&alg=24","https://www.mshsaa.org/MySchool/Matchup.aspx?s=582&alg=24&comp=2781334"
"582","California High School","Softball Fall Season","38","Varsity","9/15","5:00 pm","","South Callaway","home","https://www.mshsaa.org/MySchool/Schedule.aspx?s=582&alg=38","https://www.mshsaa.org/MySchool/Matchup.aspx?s=582&alg=38&comp=2618136"
"582","California High School","Volleyball Girls","57","Varsity","9/15","7:30 pm","","Mexico","home","https://www.mshsaa.org/MySchool/Schedule.aspx?s=582&alg=57","https://www.mshsaa.org/MySchool/Matchup.aspx?s=582&alg=57&comp=2618094"
"26","Camdenton High School","Golf Girls","24","Varsity","9/15","4:00 pm","","Rolla","home","https://www.mshsaa.org/MySchool/Schedule.aspx?s=26&alg=24","https://www.mshsaa.org/MySchool/Matchup.aspx?s=26&alg=24&comp=2707123"
"26","Camdenton High School","Golf Girls","24","Varsity","9/15","4:00 pm","","Waynesville","away","https://www.mshsaa.org/MySchool/Schedule.aspx?s=26&alg=24","https://www.mshsaa.org/MySchool/Matchup.aspx?s=26&alg=24&comp=2707124"
"26","Camdenton High School","Soccer Boys","33","Varsity","9/15","6:30 pm","","Hickman","away","https://www.mshsaa.org/MySchool/Schedule.aspx?s=26&alg=33","https://www.mshsaa.org/MySchool/Matchup.aspx?s=26&alg=33&comp=2742663"
"26","Camdenton High School","Tennis Girls","49","Varsity","9/15","4:00 pm","","Rolla","home","https://www.mshsaa.org/MySchool/Schedule.aspx?s=26&alg=49","https://www.mshsaa.org/MySchool/Matchup.aspx?s=26&alg=49&comp=2742702"
"26","Camdenton High School","Volleyball Girls","57","Varsity","9/15","7:00 pm","","Capital City","away","https://www.mshsaa.org/MySchool/Schedule.aspx?s=26&alg=57","https://www.mshsaa.org/MySchool/Matchup.aspx?s=26&alg=57&comp=2742764"
"1540","Capital City High School","Soccer Boys","33","Varsity","9/15","6:30 pm","","Smith-Cotton","away","https://www.mshsaa.org/MySchool/Schedule.aspx?s=1540&alg=33","https://www.mshsaa.org/MySchool/Matchup.aspx?s=1540&alg=33&comp=2662531"
"1540","Capital City High School","Volleyball Girls","57","Varsity","9/15","7:00 pm","","Camdenton","home","https://www.mshsaa.org/MySchool/Schedule.aspx?s=1540&alg=57","https://www.mshsaa.org/MySchool/Matchup.aspx?s=1540&alg=57&comp=2775271"
"53","Centralia High School","Golf Girls","24","Varsity","9/15","","","Westran Invitational","tournament","https://www.mshsaa.org/MySchool/Schedule.aspx?s=53&alg=24","https://www.mshsaa.org/MySchool/Tournament.aspx?s=53&alg=24&tournament=552254"
"53","Centralia High School","Softball Fall Season","38","Varsity","9/15","6:30 pm","","Mexico","home","https://www.mshsaa.org/MySchool/Schedule.aspx?s=53&alg=38","https://www.mshsaa.org/MySchool/Matchup.aspx?s=53&alg=38&comp=2655433"
"53","Centralia High School","Volleyball Girls","57","Varsity","9/15","6:15 pm","","Wright City","home","https://www.mshsaa.org/MySchool/Schedule.aspx?s=53&alg=57","https://www.mshsaa.org/MySchool/Matchup.aspx?s=53&alg=57&comp=2655581"
"1099","Christian Fellowship","Soccer Boys","33","Varsity","9/15","5:00 pm","","Eugene","away","https://www.mshsaa.org/MySchool/Schedule.aspx?s=1099&alg=33","https://www.mshsaa.org/MySchool/Matchup.aspx?s=1099&alg=33&comp=2706766"
"1099","Christian Fellowship","Softball Fall Season","38","Varsity","9/15","5:00 pm","","Russellville","home","https://www.mshsaa.org/MySchool/Schedule.aspx?s=1099&alg=38","https://www.mshsaa.org/MySchool/Matchup.aspx?s=1099&alg=38&comp=2616932"
"1099","Christian Fellowship","Swimming and Diving Boys","44","Varsity","9/15","","","MMA Tri-Meet","tournament","https://www.mshsaa.org/MySchool/Schedule.aspx?s=1099&alg=44","https://www.mshsaa.org/MySchool/Tournament.aspx?s=1099&alg=44&tournament=594244"
"1099","Christian Fellowship","Volleyball Girls","57","Varsity","9/15","7:00 pm","","Columbia Independent","home","https://www.mshsaa.org/MySchool/Schedule.aspx?s=1099&alg=57","https://www.mshsaa.org/MySchool/Matchup.aspx?s=1099&alg=57&comp=2720077"
"566","Columbia Independent","Golf Girls","24","Varsity","9/15","","","Westran Invitational","tournament","https://www.mshsaa.org/MySchool/Schedule.aspx?s=566&alg=24","https://www.mshsaa.org/MySchool/Tournament.aspx?s=566&alg=24&tournament=582358"
"566","Columbia Independent","Soccer Boys","33","Varsity","9/15","7:00 pm","","Helias Catholic","home","https://www.mshsaa.org/MySchool/Schedule.aspx?s=566&alg=33","https://www.mshsaa.org/MySchool/Matchup.aspx?s=566&alg=33&comp=2667381"
"566","Columbia Independent","Swimming and Diving Boys","44","Varsity","9/15","","","MMA Tri-Meet","tournament","https://www.mshsaa.org/MySchool/Schedule.aspx?s=566&alg=44","https://www.mshsaa.org/MySchool/Tournament.aspx?s=566&alg=44&tournament=594244"
"566","Columbia Independent","Volleyball Girls","57","Varsity","9/15","7:00 pm","","Christian Fellowship Sr.","away","https://www.mshsaa.org/MySchool/Schedule.aspx?s=566&alg=57","https://www.mshsaa.org/MySchool/Matchup.aspx?s=566&alg=57&comp=2720174"
"278","Eldon High School","Softball Fall Season","38","Varsity","9/15","5:00 pm","","Eugene","away","https://www.mshsaa.org/MySchool/Schedule.aspx?s=278&alg=38","https://www.mshsaa.org/MySchool/Matchup.aspx?s=278&alg=38&comp=2628675"
"278","Eldon High School","Volleyball Girls","57","Varsity","9/15","7:00 pm","","Blair Oaks","away","https://www.mshsaa.org/MySchool/Schedule.aspx?s=278&alg=57","https://www.mshsaa.org/MySchool/Matchup.aspx?s=278&alg=57&comp=2623023"
"917","Father Tolton","Softball Fall Season","38","Varsity","9/15","5:00 pm","","Linn","home","https://www.mshsaa.org/MySchool/Schedule.aspx?s=917&alg=38","https://www.mshsaa.org/MySchool/Matchup.aspx?s=917&alg=38&comp=2755770"
"917","Father Tolton","Volleyball Girls","57","Varsity","9/15","6:30 pm","","Heritage AthleticsA","home","https://www.mshsaa.org/MySchool/Schedule.aspx?s=917&alg=57","https://www.mshsaa.org/MySchool/Matchup.aspx?s=917&alg=57&comp=2754339"
"294","Fayette High School","Golf Girls","24","Varsity","9/15","","","Westran Invitational","tournament","https://www.mshsaa.org/MySchool/Schedule.aspx?s=294&alg=24","https://www.mshsaa.org/MySchool/Tournament.aspx?s=294&alg=24&tournament=572302"
"294","Fayette High School","Softball Fall Season","38","Varsity","9/15","5:00 pm","","New Franklin","home","https://www.mshsaa.org/MySchool/Schedule.aspx?s=294&alg=38","https://www.mshsaa.org/MySchool/Matchup.aspx?s=294&alg=38&comp=2635048"
"80","Fulton High School","Soccer Boys","33","Varsity","9/15","5:00 pm","","Calvary Lutheran","home","https://www.mshsaa.org/MySchool/Schedule.aspx?s=80&alg=33","https://www.mshsaa.org/MySchool/Matchup.aspx?s=80&alg=33&comp=2745041"
"80","Fulton High School","Softball Fall Season","38","Varsity","9/15","5:00 pm","","Moberly","away","https://www.mshsaa.org/MySchool/Schedule.aspx?s=80&alg=38","https://www.mshsaa.org/MySchool/Matchup.aspx?s=80&alg=38&comp=2680168"
"80","Fulton High School","Tennis Girls","49","Varsity","9/15","4:00 pm","","Osage","away","https://www.mshsaa.org/MySchool/Schedule.aspx?s=80&alg=49","https://www.mshsaa.org/MySchool/Matchup.aspx?s=80&alg=49&comp=2742931"
"80","Fulton High School","Volleyball Girls","57","Varsity","9/15","6:30 pm","","Kirksville","home","https://www.mshsaa.org/MySchool/Schedule.aspx?s=80&alg=57","https://www.mshsaa.org/MySchool/Matchup.aspx?s=80&alg=57&comp=2691257"
"302","Glasgow High School","Baseball Fall Season","66","Varsity","9/15","7:00 pm","","Madison","away","https://www.mshsaa.org/MySchool/Schedule.aspx?s=302&alg=66","https://www.mshsaa.org/MySchool/Matchup.aspx?s=302&alg=66&comp=2617981"
"302","Glasgow High School","Softball Fall Season","38","Varsity","9/15","5:00 pm","","Madison","away","https://www.mshsaa.org/MySchool/Schedule.aspx?s=302&alg=38","https://www.mshsaa.org/MySchool/Matchup.aspx?s=302&alg=38&comp=2635358"
"311","Hallsville High School","Golf Girls","24","Varsity","9/15","","","Westran Invitational","tournament","https://www.mshsaa.org/MySchool/Schedule.aspx?s=311&alg=24","https://www.mshsaa.org/MySchool/Tournament.aspx?s=311&alg=24&tournament=578657"
"311","Hallsville High School","Soccer Boys","33","Varsity","9/15","5:00 pm","","Eugene","away","https://www.mshsaa.org/MySchool/Schedule.aspx?s=311&alg=33","https://www.mshsaa.org/MySchool/Matchup.aspx?s=311&alg=33&comp=2706766"
"311","Hallsville High School","Softball Fall Season","38","Varsity","9/15","5:00 pm","","Russellville","home","https://www.mshsaa.org/MySchool/Schedule.aspx?s=311&alg=38","https://www.mshsaa.org/MySchool/Matchup.aspx?s=311&alg=38&comp=2616932"
"311","Hallsville High School","Volleyball Girls","57","Varsity","9/15","6:15 pm","","Russellville","away","https://www.mshsaa.org/MySchool/Schedule.aspx?s=311&alg=57","https://www.mshsaa.org/MySchool/Matchup.aspx?s=311&alg=57&comp=2616931"
"313","Harrisburg High School","Golf Girls","24","Varsity","9/15","9:00 am","","Westran Invitational","tournament","https://www.mshsaa.org/MySchool/Schedule.aspx?s=313&alg=24","https://www.mshsaa.org/MySchool/Tournament.aspx?s=313&alg=24&tournament=543825"
"522","Helias High School","Golf Girls","24","Varsity","9/15","TBD","","California","home","https://www.mshsaa.org/MySchool/Schedule.aspx?s=522&alg=24","https://www.mshsaa.org/MySchool/Matchup.aspx?s=522&alg=24&comp=2780320"
"522","Helias High School","Soccer Boys","33","Varsity","9/15","7:00 pm","","Battle with Columbia Independent","away","https://www.mshsaa.org/MySchool/Schedule.aspx?s=522&alg=33","https://www.mshsaa.org/MySchool/Matchup.aspx?s=522&alg=33&comp=2666705"
"522","Helias High School","Softball Fall Season","38","Varsity","9/15","5:00 pm","","Blair Oaks","home","https://www.mshsaa.org/MySchool/Schedule.aspx?s=522&alg=38","https://www.mshsaa.org/MySchool/Matchup.aspx?s=522&alg=38&comp=2641006"
"522","Helias High School","Tennis Girls","49","Varsity","9/15","4:00 pm","","Moberly","home","https://www.mshsaa.org/MySchool/Schedule.aspx?s=522&alg=49","https://www.mshsaa.org/MySchool/Matchup.aspx?s=522&alg=49&comp=2627970"
"85","Hickman High School","Soccer Boys","33","Varsity","9/15","6:30 pm","","Camdenton","home","https://www.mshsaa.org/MySchool/Schedule.aspx?s=85&alg=33","https://www.mshsaa.org/MySchool/Matchup.aspx?s=85&alg=33&comp=2769532"
"85","Hickman High School","Softball Fall Season","38","Varsity","9/15","5:00 pm","","Battle","away","https://www.mshsaa.org/MySchool/Schedule.aspx?s=85&alg=38","https://www.mshsaa.org/MySchool/Matchup.aspx?s=85&alg=38&comp=2744125"
"85","Hickman High School","Tennis Girls","49","Varsity","9/15","4:30 pm","","Battle","home","https://www.mshsaa.org/MySchool/Schedule.aspx?s=85&alg=49","https://www.mshsaa.org/MySchool/Matchup.aspx?s=85&alg=49&comp=2765031"
"85","Hickman High School","Volleyball Girls","57","Varsity","9/15","7:00 pm","","Hannibal","home","https://www.mshsaa.org/MySchool/Schedule.aspx?s=85&alg=57","https://www.mshsaa.org/MySchool/Matchup.aspx?s=85&alg=57&comp=2710744"
"84","Jefferson City High School","Soccer Boys","33","Varsity","9/15","7:00 pm","","Rock Bridge","home","https://www.mshsaa.org/MySchool/Schedule.aspx?s=84&alg=33","https://www.mshsaa.org/MySchool/Matchup.aspx?s=84&alg=33&comp=2660238"
"360","Marshall High School","Swimming and Diving Boys","44","Varsity","9/15","","","Blue Springs South","tournament","https://www.mshsaa.org/MySchool/Schedule.aspx?s=360&alg=44","https://www.mshsaa.org/MySchool/Tournament.aspx?s=360&alg=44&tournament=592972"
"360","Marshall High School","Volleyball Girls","57","Varsity","9/15","6:15 pm","","Sweet Springs","home","https://www.mshsaa.org/MySchool/Schedule.aspx?s=360&alg=57","https://www.mshsaa.org/MySchool/Matchup.aspx?s=360&alg=57&comp=2665340"
"128","Mexico High School","Golf Girls","24","Varsity","9/15","","","Westran Invitational","tournament","https://www.mshsaa.org/MySchool/Schedule.aspx?s=128&alg=24","https://www.mshsaa.org/MySchool/Tournament.aspx?s=128&alg=24&tournament=586785"
"128","Mexico High School","Soccer Boys","33","Varsity","9/15","5:00 pm","","Kirksville","away","https://www.mshsaa.org/MySchool/Schedule.aspx?s=128&alg=33","https://www.mshsaa.org/MySchool/Matchup.aspx?s=128&alg=33&comp=2681813"
"128","Mexico High School","Softball Fall Season","38","Varsity","9/15","6:30 pm","","Centralia","away","https://www.mshsaa.org/MySchool/Schedule.aspx?s=128&alg=38","https://www.mshsaa.org/MySchool/Matchup.aspx?s=128&alg=38&comp=2655736"
"128","Mexico High School","Volleyball Girls","57","Varsity","9/15","7:30 pm","","California","away","https://www.mshsaa.org/MySchool/Schedule.aspx?s=128&alg=57","https://www.mshsaa.org/MySchool/Matchup.aspx?s=128&alg=57&comp=2638854"
"569","Missouri Military Academy","Soccer Boys","33","Varsity","9/15","5:00 pm","","Canton","away","https://www.mshsaa.org/MySchool/Schedule.aspx?s=569&alg=33","https://www.mshsaa.org/MySchool/Matchup.aspx?s=569&alg=33&comp=2751337"
"132","Moberly High School","Cross Country Boys","11","Varsity","9/15","TBD","","Quincy Notre Dame Quincy, IL","home","https://www.mshsaa.org/MySchool/Schedule.aspx?s=132&alg=11",""
"132","Moberly High School","Cross Country Girls","12","Varsity","9/15","TBD","","Quincy Notre Dame Quincy, IL","home","https://www.mshsaa.org/MySchool/Schedule.aspx?s=132&alg=12",""
"132","Moberly High School","Golf Girls","24","Varsity","9/15","","","Westran Invitational","tournament","https://www.mshsaa.org/MySchool/Schedule.aspx?s=132&alg=24","https://www.mshsaa.org/MySchool/Tournament.aspx?s=132&alg=24&tournament=582285"
"132","Moberly High School","Soccer Boys","33","Varsity","9/15","6:45 pm","","Hannibal","away","https://www.mshsaa.org/MySchool/Schedule.aspx?s=132&alg=33","https://www.mshsaa.org/MySchool/Matchup.aspx?s=132&alg=33&comp=2685469"
"132","Moberly High School","Softball Fall Season","38","Varsity","9/15","5:00 pm","","Fulton","home","https://www.mshsaa.org/MySchool/Schedule.aspx?s=132&alg=38","https://www.mshsaa.org/MySchool/Matchup.aspx?s=132&alg=38&comp=2680173"
"132","Moberly High School","Tennis Girls","49","Varsity","9/15","4:00 pm","","Helias Catholic","away","https://www.mshsaa.org/MySchool/Schedule.aspx?s=132&alg=49","https://www.mshsaa.org/MySchool/Matchup.aspx?s=132&alg=49&comp=2647176"
"139","North Callaway High School","Softball Fall Season","38","Varsity","9/15","5:00 pm","","Clopton","home","https://www.mshsaa.org/MySchool/Schedule.aspx?s=139&alg=38","https://www.mshsaa.org/MySchool/Matchup.aspx?s=139&alg=38&comp=2614153"
"152","Osage High School","Soccer Boys","33","Varsity","9/15","6:45 pm","","Clinton","home","https://www.mshsaa.org/MySchool/Schedule.aspx?s=152&alg=33","https://www.mshsaa.org/MySchool/Matchup.aspx?s=152&alg=33&comp=2703955"
"152","Osage High School","Tennis Girls","49","Varsity","9/15","4:00 pm","","Fulton","home","https://www.mshsaa.org/MySchool/Schedule.aspx?s=152&alg=49","https://www.mshsaa.org/MySchool/Matchup.aspx?s=152&alg=49&comp=2697352"
"152","Osage High School","Volleyball Girls","57","Varsity","9/15","6:00 pm","","Boonville","home","https://www.mshsaa.org/MySchool/Schedule.aspx?s=152&alg=57","https://www.mshsaa.org/MySchool/Matchup.aspx?s=152&alg=57&comp=2709008"
"578","Rock Bridge High School","Soccer Boys","33","Varsity","9/15","7:00 pm","","Jefferson City","away","https://www.mshsaa.org/MySchool/Schedule.aspx?s=578&alg=33","https://www.mshsaa.org/MySchool/Matchup.aspx?s=578&alg=33&comp=2743212"
"578","Rock Bridge High School","Tennis Girls","49","Varsity","9/15","4:30 pm","","Smith-Cotton","home","https://www.mshsaa.org/MySchool/Schedule.aspx?s=578&alg=49","https://www.mshsaa.org/MySchool/Matchup.aspx?s=578&alg=49&comp=2730117"
"578","Rock Bridge High School","Volleyball Girls","57","Varsity","9/15","6:30 pm","","Hermann","away","https://www.mshsaa.org/MySchool/Schedule.aspx?s=578&alg=57","https://www.mshsaa.org/MySchool/Matchup.aspx?s=578&alg=57&comp=2634368"
"430","Russellville High School","Golf Girls","24","Varsity","9/15","","","Tipton Tri","tournament","https://www.mshsaa.org/MySchool/Schedule.aspx?s=430&alg=24","https://www.mshsaa.org/MySchool/Tournament.aspx?s=430&alg=24&tournament=592213"
"430","Russellville High School","Golf Girls","24","Varsity","9/15","","","Belle Quad","tournament","https://www.mshsaa.org/MySchool/Schedule.aspx?s=430&alg=24","https://www.mshsaa.org/MySchool/Tournament.aspx?s=430&alg=24&tournament=594352"
"430","Russellville High School","Softball Fall Season","38","Varsity","9/15","5:00 pm","","Hallsville with Christian Fellowship Sr.","away","https://www.mshsaa.org/MySchool/Schedule.aspx?s=430&alg=38","https://www.mshsaa.org/MySchool/Matchup.aspx?s=430&alg=38&comp=2616303"
"430","Russellville High School","Volleyball Girls","57","Varsity","9/15","6:15 pm","","Hallsville","home","https://www.mshsaa.org/MySchool/Schedule.aspx?s=430&alg=57","https://www.mshsaa.org/MySchool/Matchup.aspx?s=430&alg=57&comp=2612882"
"431","Salisbury High School","Golf Girls","24","Varsity","9/15","","","Westran Invitational","tournament","https://www.mshsaa.org/MySchool/Schedule.aspx?s=431&alg=24","https://www.mshsaa.org/MySchool/Tournament.aspx?s=431&alg=24&tournament=545814"
"431","Salisbury High School","Softball Fall Season","38","Varsity","9/15","5:00 pm","","Paris","home","https://www.mshsaa.org/MySchool/Schedule.aspx?s=431&alg=38","https://www.mshsaa.org/MySchool/Matchup.aspx?s=431&alg=38&comp=2632148"
"194","Smith-Cotton High School","Soccer Boys","33","Varsity","9/15","6:30 pm","","Capital City","home","https://www.mshsaa.org/MySchool/Schedule.aspx?s=194&alg=33","https://www.mshsaa.org/MySchool/Matchup.aspx?s=194&alg=33&comp=2677006"
"194","Smith-Cotton High School","Swimming and Diving Boys","44","Varsity","9/15","4:00 pm","","Blue Springs Invite","tournament","https://www.mshsaa.org/MySchool/Schedule.aspx?s=194&alg=44","https://www.mshsaa.org/MySchool/Tournament.aspx?s=194&alg=44&tournament=575867"
"194","Smith-Cotton High School","Tennis Girls","49","Varsity","9/15","4:30 pm","","Rock Bridge","away","https://www.mshsaa.org/MySchool/Schedule.aspx?s=194&alg=49","https://www.mshsaa.org/MySchool/Matchup.aspx?s=194&alg=49&comp=2669522"
"194","Smith-Cotton High School","Volleyball Girls","57","Varsity","9/15","7:00 pm","","Warrensburg","away","https://www.mshsaa.org/MySchool/Schedule.aspx?s=194&alg=57","https://www.mshsaa.org/MySchool/Matchup.aspx?s=194&alg=57&comp=2643400"
"197","South Callaway High School","Golf Girls","24","Varsity","9/15","","","Tipton Tri","tournament","https://www.mshsaa.org/MySchool/Schedule.aspx?s=197&alg=24","https://www.mshsaa.org/MySchool/Tournament.aspx?s=197&alg=24&tournament=595863"
"197","South Callaway High School","Softball Fall Season","38","Varsity","9/15","5:00 pm","","California","away","https://www.mshsaa.org/MySchool/Schedule.aspx?s=197&alg=38","https://www.mshsaa.org/MySchool/Matchup.aspx?s=197&alg=38&comp=2724557"
"474","Tipton High School","Golf Girls","24","Varsity","9/15","","","Tipton Tri","tournament","https://www.mshsaa.org/MySchool/Schedule.aspx?s=474&alg=24","https://www.mshsaa.org/MySchool/Tournament.aspx?s=474&alg=24&tournament=590900"
"474","Tipton High School","Golf Girls","24","Varsity","⤷ 9/15","TBD","","South Callaway","tournament","https://www.mshsaa.org/MySchool/Schedule.aspx?s=474&alg=24","https://www.mshsaa.org/MySchool/Matchup.aspx?s=474&alg=24&comp=2769449"
"474","Tipton High School","Golf Girls","24","Varsity","⤷ 9/15","TBD","","Russellville","tournament","https://www.mshsaa.org/MySchool/Schedule.aspx?s=474&alg=24","https://www.mshsaa.org/MySchool/Matchup.aspx?s=474&alg=24&comp=2769450"
"485","Versailles High School","Golf Girls","24","Varsity","9/15","4:00 pm","","Adrian","away","https://www.mshsaa.org/MySchool/Schedule.aspx?s=485&alg=24","https://www.mshsaa.org/MySchool/Matchup.aspx?s=485&alg=24&comp=2629950"
"953","Battle High School","Tennis Girls","49","Varsity","9/16","4:30 pm","","Father Tolton","home","https://www.mshsaa.org/MySchool/Schedule.aspx?s=953&alg=49","https://www.mshsaa.org/MySchool/Matchup.aspx?s=953&alg=49&comp=2766955"
"953","Battle High School","Volleyball Girls","57","Varsity","9/16","6:15 pm","","Helias Catholic","home","https://www.mshsaa.org/MySchool/Schedule.aspx?s=953&alg=57","https://www.mshsaa.org/MySchool/Matchup.aspx?s=953&alg=57&comp=2762752"
"217","Blair Oaks High School","Golf Girls","24","Varsity","9/16","","","Southern Boone Tri: Southern Boone, Blair Oaks, Hallsville","tournament","https://www.mshsaa.org/MySchool/Schedule.aspx?s=217&alg=24","https://www.mshsaa.org/MySchool/Tournament.aspx?s=217&alg=24&tournament=575955"
"16","Boonville High School","Volleyball Girls","57","Varsity","9/16","6:30 pm","","Tipton","home","https://www.mshsaa.org/MySchool/Schedule.aspx?s=16&alg=57","https://www.mshsaa.org/MySchool/Matchup.aspx?s=16&alg=57&comp=2781547"
"1540","Capital City High School","Softball Fall Season","38","Varsity","9/16","5:00 pm","","Hickman","away","https://www.mshsaa.org/MySchool/Schedule.aspx?s=1540&alg=38","https://www.mshsaa.org/MySchool/Matchup.aspx?s=1540&alg=38&comp=2744356"
"1099","Christian Fellowship","Softball Fall Season","38","Varsity","9/16","5:00 pm","","Smith-Cotton","home","https://www.mshsaa.org/MySchool/Schedule.aspx?s=1099&alg=38","https://www.mshsaa.org/MySchool/Matchup.aspx?s=1099&alg=38&comp=2633019"
"566","Columbia Independent","Volleyball Girls","57","Varsity","9/16","6:00 pm","","Chamois","away","https://www.mshsaa.org/MySchool/Schedule.aspx?s=566&alg=57","https://www.mshsaa.org/MySchool/Matchup.aspx?s=566&alg=57&comp=2760606"
"566","Columbia Independent","Volleyball Girls","57","Varsity","9/16","6:00 pm","","Chamois","away","https://www.mshsaa.org/MySchool/Schedule.aspx?s=566&alg=57","https://www.mshsaa.org/MySchool/Matchup.aspx?s=566&alg=57&comp=2766272"
"278","Eldon High School","Golf Girls","24","Varsity","9/16","","","Eldon Quad w/ Jeff City, Crocker, Eugene","tournament","https://www.mshsaa.org/MySchool/Schedule.aspx?s=278&alg=24","https://www.mshsaa.org/MySchool/Tournament.aspx?s=278&alg=24&tournament=545002"
"278","Eldon High School","Softball Fall Season","38","Varsity","9/16","5:00 pm","","Crocker","home","https://www.mshsaa.org/MySchool/Schedule.aspx?s=278&alg=38","https://www.mshsaa.org/MySchool/Matchup.aspx?s=278&alg=38&comp=2628676"
"278","Eldon High School","Volleyball Girls","57","Varsity","9/16","6:30 pm","","Hallsville","away","https://www.mshsaa.org/MySchool/Schedule.aspx?s=278&alg=57","https://www.mshsaa.org/MySchool/Matchup.aspx?s=278&alg=57&comp=2623024"
"917","Father Tolton","Tennis Girls","49","Varsity","9/16","4:30 pm","","Battle","away","https://www.mshsaa.org/MySchool/Schedule.aspx?s=917&alg=49","https://www.mshsaa.org/MySchool/Matchup.aspx?s=917&alg=49&comp=2765858"
"311","Hallsville High School","Golf Girls","24","Varsity","9/16","","","Southern Boone Tri: Southern Boone, Blair Oaks, Hallsville","tournament","https://www.mshsaa.org/MySchool/Schedule.aspx?s=311&alg=24","https://www.mshsaa.org/MySchool/Tournament.aspx?s=311&alg=24&tournament=574867"
"311","Hallsville High School","Softball Fall Season","38","Varsity","9/16","5:00 pm","","Smith-Cotton","home","https://www.mshsaa.org/MySchool/Schedule.aspx?s=311&alg=38","https://www.mshsaa.org/MySchool/Matchup.aspx?s=311&alg=38&comp=2633019"
"311","Hallsville High School","Volleyball Girls","57","Varsity","9/16","6:30 pm","","Eldon","home","https://www.mshsaa.org/MySchool/Schedule.aspx?s=311&alg=57","https://www.mshsaa.org/MySchool/Matchup.aspx?s=311&alg=57&comp=2638634"
"522","Helias High School","Softball Fall Season","38","Varsity","9/16","4:30 pm","","Bowling Green","home","https://www.mshsaa.org/MySchool/Schedule.aspx?s=522&alg=38","https://www.mshsaa.org/MySchool/Matchup.aspx?s=522&alg=38&comp=2710404"
"522","Helias High School","Tennis Girls","49","Varsity","9/16","4:30 pm","","Jefferson City","away","https://www.mshsaa.org/MySchool/Schedule.aspx?s=522&alg=49","https://www.mshsaa.org/MySchool/Matchup.aspx?s=522&alg=49&comp=2753106"
"522","Helias High School","Volleyball Girls","57","Varsity","9/16","6:15 pm","","Battle","away","https://www.mshsaa.org/MySchool/Schedule.aspx?s=522&alg=57","https://www.mshsaa.org/MySchool/Matchup.aspx?s=522&alg=57&comp=2763162"
"85","Hickman High School","Softball Fall Season","38","Varsity","9/16","5:00 pm","","Capital City","home","https://www.mshsaa.org/MySchool/Schedule.aspx?s=85&alg=38","https://www.mshsaa.org/MySchool/Matchup.aspx?s=85&alg=38&comp=2776536"
"85","Hickman High School","Tennis Girls","49","Varsity","9/16","4:30 pm","","Smith-Cotton","away","https://www.mshsaa.org/MySchool/Schedule.aspx?s=85&alg=49","https://www.mshsaa.org/MySchool/Matchup.aspx?s=85&alg=49&comp=2765025"
"317","Higbee High School","Baseball Fall Season","66","Varsity","9/16","5:00 pm","","New Franklin","home","https://www.mshsaa.org/MySchool/Schedule.aspx?s=317&alg=66","https://www.mshsaa.org/MySchool/Matchup.aspx?s=317&alg=66&comp=2610867"
"84","Jefferson City High School","Golf Girls","24","Varsity","9/16","4:00 pm","","Eldon Quad w/ Jeff City, Crocker, Eugene","tournament","https://www.mshsaa.org/MySchool/Schedule.aspx?s=84&alg=24","https://www.mshsaa.org/MySchool/Tournament.aspx?s=84&alg=24&tournament=594912"
"84","Jefferson City High School","Golf Girls","24","Varsity","⤷ 9/16","TBD","","Eldon","tournament","https://www.mshsaa.org/MySchool/Schedule.aspx?s=84&alg=24","https://www.mshsaa.org/MySchool/Matchup.aspx?s=84&alg=24&comp=2777583"
"84","Jefferson City High School","Tennis Girls","49","Varsity","9/16","4:30 pm","","Helias Catholic","home","https://www.mshsaa.org/MySchool/Schedule.aspx?s=84&alg=49","https://www.mshsaa.org/MySchool/Matchup.aspx?s=84&alg=49&comp=2757152"
"360","Marshall High School","Soccer Boys","33","Varsity","⤷ 9/16","TBD","","William Chrisman","tournament","https://www.mshsaa.org/MySchool/Schedule.aspx?s=360&alg=33","https://www.mshsaa.org/MySchool/Matchup.aspx?s=360&alg=33&comp=2791086"
"360","Marshall High School","Softball Fall Season","38","Varsity","9/16","5:00 pm","","Odessa","away","https://www.mshsaa.org/MySchool/Schedule.aspx?s=360&alg=38","https://www.mshsaa.org/MySchool/Matchup.aspx?s=360&alg=38&comp=2765360"
"360","Marshall High School","Swimming and Diving Boys","44","Varsity","9/16","5:00 pm","","Raytown","away","https://www.mshsaa.org/MySchool/Schedule.aspx?s=360&alg=44","https://www.mshsaa.org/MySchool/Matchup.aspx?s=360&alg=44&comp=2773840"
"128","Mexico High School","Softball Fall Season","38","Varsity","9/16","5:00 pm","","Macon","home","https://www.mshsaa.org/MySchool/Schedule.aspx?s=128&alg=38","https://www.mshsaa.org/MySchool/Matchup.aspx?s=128&alg=38&comp=2663198"
"139","North Callaway High School","Volleyball Girls","57","Varsity","9/16","6:00 pm","","Wright City","away","https://www.mshsaa.org/MySchool/Schedule.aspx?s=139&alg=57","https://www.mshsaa.org/MySchool/Matchup.aspx?s=139&alg=57&comp=2615036"
"194","Smith-Cotton High School","Golf Girls","24","Varsity","9/16","","","Richmond Tournament","tournament","https://www.mshsaa.org/MySchool/Schedule.aspx?s=194&alg=24","https://www.mshsaa.org/MySchool/Tournament.aspx?s=194&alg=24&tournament=557514"
"194","Smith-Cotton High School","Softball Fall Season","38","Varsity","9/16","5:00 pm","","Hallsville with Christian Fellowship Sr.","away","https://www.mshsaa.org/MySchool/Schedule.aspx?s=194&alg=38","https://www.mshsaa.org/MySchool/Matchup.aspx?s=194&alg=38&comp=2637896"
"194","Smith-Cotton High School","Tennis Girls","49","Varsity","9/16","4:30 pm","","Hickman","home","https://www.mshsaa.org/MySchool/Schedule.aspx?s=194&alg=49","https://www.mshsaa.org/MySchool/Matchup.aspx?s=194&alg=49&comp=2669523"
"2","Southern Boone High School","Golf Girls","24","Varsity","9/16","4:00 pm","","Southern Boone Tri: Southern Boone, Blair Oaks, Hallsville","tournament","https://www.mshsaa.org/MySchool/Schedule.aspx?s=2&alg=24","https://www.mshsaa.org/MySchool/Tournament.aspx?s=2&alg=24&tournament=564533"
"2","Southern Boone High School","Golf Girls","24","Varsity","⤷ 9/16","TBD","","Blair Oaks","tournament","https://www.mshsaa.org/MySchool/Schedule.aspx?s=2&alg=24","https://www.mshsaa.org/MySchool/Matchup.aspx?s=2&alg=24&comp=2780114"
"2","Southern Boone High School","Golf Girls","24","Varsity","⤷ 9/16","TBD","","Hallsville","tournament","https://www.mshsaa.org/MySchool/Schedule.aspx?s=2&alg=24","https://www.mshsaa.org/MySchool/Matchup.aspx?s=2&alg=24&comp=2780115"
"474","Tipton High School","Volleyball Girls","57","Varsity","9/16","6:30 pm","","Boonville","away","https://www.mshsaa.org/MySchool/Schedule.aspx?s=474&alg=57","https://www.mshsaa.org/MySchool/Matchup.aspx?s=474&alg=57&comp=2782270"
"953","Battle High School","Softball Fall Season","38","Varsity","9/17","5:00 pm","","New Bloomfield","home","https://www.mshsaa.org/MySchool/Schedule.aspx?s=953&alg=38","https://www.mshsaa.org/MySchool/Matchup.aspx?s=953&alg=38&comp=2762384"
"953","Battle High School","Tennis Girls","49","Varsity","9/17","4:30 pm","","Helias Catholic","away","https://www.mshsaa.org/MySchool/Schedule.aspx?s=953&alg=49","https://www.mshsaa.org/MySchool/Matchup.aspx?s=953&alg=49&comp=2766287"
"953","Battle High School","Volleyball Girls","57","Varsity","9/17","6:30 pm","","Father Tolton","away","https://www.mshsaa.org/MySchool/Schedule.aspx?s=953&alg=57","https://www.mshsaa.org/MySchool/Matchup.aspx?s=953&alg=57&comp=2762756"
"217","Blair Oaks High School","Golf Girls","24","Varsity","9/17","","","Marshall Tournament","tournament","https://www.mshsaa.org/MySchool/Schedule.aspx?s=217&alg=24","https://www.mshsaa.org/MySchool/Tournament.aspx?s=217&alg=24&tournament=581386"
"217","Blair Oaks High School","Softball Fall Season","38","Varsity","9/17","5:00 pm","","Boonville","away","https://www.mshsaa.org/MySchool/Schedule.aspx?s=217&alg=38","https://www.mshsaa.org/MySchool/Matchup.aspx?s=217&alg=38&comp=2632323"
"217","Blair Oaks High School","Volleyball Girls","57","Varsity","9/17","7:00 pm","","California","away","https://www.mshsaa.org/MySchool/Schedule.aspx?s=217&alg=57","https://www.mshsaa.org/MySchool/Matchup.aspx?s=217&alg=57&comp=2618794"
"16","Boonville High School","Golf Girls","24","Varsity","9/17","","","Versailles Invitational","tournament","https://www.mshsaa.org/MySchool/Schedule.aspx?s=16&alg=24","https://www.mshsaa.org/MySchool/Tournament.aspx?s=16&alg=24&tournament=545348"
"16","Boonville High School","Softball Fall Season","38","Varsity","9/17","5:00 pm","","Blair Oaks","home","https://www.mshsaa.org/MySchool/Schedule.aspx?s=16&alg=38","https://www.mshsaa.org/MySchool/Matchup.aspx?s=16&alg=38&comp=2761130"
"16","Boonville High School","Tennis Girls","49","Varsity","9/17","4:30 pm","","Fulton","away","https://www.mshsaa.org/MySchool/Schedule.aspx?s=16&alg=49","https://www.mshsaa.org/MySchool/Matchup.aspx?s=16&alg=49&comp=2747929"
"16","Boonville High School","Volleyball Girls","57","Varsity","9/17","7:00 pm","","Hallsville","home","https://www.mshsaa.org/MySchool/Schedule.aspx?s=16&alg=57","https://www.mshsaa.org/MySchool/Matchup.aspx?s=16&alg=57&comp=2722403"
"582","California High School","Golf Girls","24","Varsity","9/17","","","Versailles Invitational","tournament","https://www.mshsaa.org/MySchool/Schedule.aspx?s=582&alg=24","https://www.mshsaa.org/MySchool/Tournament.aspx?s=582&alg=24&tournament=582869"
"582","California High School","Softball Fall Season","38","Varsity","9/17","5:00 pm","","Southern Boone","home","https://www.mshsaa.org/MySchool/Schedule.aspx?s=582&alg=38","https://www.mshsaa.org/MySchool/Matchup.aspx?s=582&alg=38&comp=2618137"
"582","California High School","Volleyball Girls","57","Varsity","9/17","7:00 pm","","Blair Oaks","home","https://www.mshsaa.org/MySchool/Schedule.aspx?s=582&alg=57","https://www.mshsaa.org/MySchool/Matchup.aspx?s=582&alg=57&comp=2618095"
"26","Camdenton High School","Soccer Boys","33","Varsity","9/17","6:45 pm","","Osage","home","https://www.mshsaa.org/MySchool/Schedule.aspx?s=26&alg=33","https://www.mshsaa.org/MySchool/Matchup.aspx?s=26&alg=33&comp=2715173"
"26","Camdenton High School","Softball Fall Season","38","Varsity","9/17","4:30 pm","","Rock Bridge","home","https://www.mshsaa.org/MySchool/Schedule.aspx?s=26&alg=38","https://www.mshsaa.org/MySchool/Matchup.aspx?s=26&alg=38&comp=2650265"
"26","Camdenton High School","Swimming and Diving Boys","44","Varsity","9/17","4:30 pm","","Monett with Pierce City","away","https://www.mshsaa.org/MySchool/Schedule.aspx?s=26&alg=44","https://www.mshsaa.org/MySchool/Matchup.aspx?s=26&alg=44&comp=2788293"
"1540","Capital City High School","Golf Girls","24","Varsity","9/17","","","Versailles Invitational","tournament","https://www.mshsaa.org/MySchool/Schedule.aspx?s=1540&alg=24","https://www.mshsaa.org/MySchool/Tournament.aspx?s=1540&alg=24&tournament=563805"
"1540","Capital City High School","Soccer Boys","33","Varsity","9/17","5:00 pm","","Branson","home","https://www.mshsaa.org/MySchool/Schedule.aspx?s=1540&alg=33","https://www.mshsaa.org/MySchool/Matchup.aspx?s=1540&alg=33&comp=2671329"
"1540","Capital City High School","Tennis Girls","49","Varsity","9/17","4:30 pm","","Hickman","away","https://www.mshsaa.org/MySchool/Schedule.aspx?s=1540&alg=49","https://www.mshsaa.org/MySchool/Matchup.aspx?s=1540&alg=49&comp=2621723"
"1540","Capital City High School","Volleyball Girls","57","Varsity","9/17","7:00 pm","","Jefferson City","home","https://www.mshsaa.org/MySchool/Schedule.aspx?s=1540&alg=57","https://www.mshsaa.org/MySchool/Matchup.aspx?s=1540&alg=57&comp=2684502"
"53","Centralia High School","Golf Girls","24","Varsity","9/17","4:00 pm","","Centralia Penta: Hickman, New Bloomfield, Monroe City","tournament","https://www.mshsaa.org/MySchool/Schedule.aspx?s=53&alg=24","https://www.mshsaa.org/MySchool/Tournament.aspx?s=53&alg=24&tournament=552257"
"53","Centralia High School","Golf Girls","24","Varsity","⤷ 9/17","TBD","","Hickman","tournament","https://www.mshsaa.org/MySchool/Schedule.aspx?s=53&alg=24","https://www.mshsaa.org/MySchool/Matchup.aspx?s=53&alg=24&comp=2655419"
"53","Centralia High School","Golf Girls","24","Varsity","⤷ 9/17","TBD","","New Bloomfield","tournament","https://www.mshsaa.org/MySchool/Schedule.aspx?s=53&alg=24","https://www.mshsaa.org/MySchool/Matchup.aspx?s=53&alg=24&comp=2655420"
"53","Centralia High School","Golf Girls","24","Varsity","⤷ 9/17","TBD","","Monroe City","tournament","https://www.mshsaa.org/MySchool/Schedule.aspx?s=53&alg=24","https://www.mshsaa.org/MySchool/Matchup.aspx?s=53&alg=24&comp=2655421"
"53","Centralia High School","Volleyball Girls","57","Varsity","9/17","6:00 pm","","New Bloomfield","away","https://www.mshsaa.org/MySchool/Schedule.aspx?s=53&alg=57","https://www.mshsaa.org/MySchool/Matchup.aspx?s=53&alg=57&comp=2655582"
"1099","Christian Fellowship","Soccer Boys","33","Varsity","9/17","6:30 pm","","Southern Boone","home","https://www.mshsaa.org/MySchool/Schedule.aspx?s=1099&alg=33","https://www.mshsaa.org/MySchool/Matchup.aspx?s=1099&alg=33&comp=2695938"
"566","Columbia Independent","Tennis Girls","49","Varsity","9/17","4:30 pm","","Father Tolton","home","https://www.mshsaa.org/MySchool/Schedule.aspx?s=566&alg=49","https://www.mshsaa.org/MySchool/Matchup.aspx?s=566&alg=49&comp=2781629"
"278","Eldon High School","Golf Girls","24","Varsity","9/17","","","Marshall Tournament","tournament","https://www.mshsaa.org/MySchool/Schedule.aspx?s=278&alg=24","https://www.mshsaa.org/MySchool/Tournament.aspx?s=278&alg=24&tournament=582355"
"278","Eldon High School","Softball Fall Season","38","Varsity","9/17","5:00 pm","","Osage","away","https://www.mshsaa.org/MySchool/Schedule.aspx?s=278&alg=38","https://www.mshsaa.org/MySchool/Matchup.aspx?s=278&alg=38&comp=2628677"
"917","Father Tolton","Soccer Boys","33","Varsity","9/17","5:30 pm","","Fatima","away","https://www.mshsaa.org/MySchool/Schedule.aspx?s=917&alg=33","https://www.mshsaa.org/MySchool/Matchup.aspx?s=917&alg=33&comp=2665264"
"917","Father Tolton","Softball Fall Season","38","Varsity","⤷ 9/17","5:00 pm","","Jefferson City","tournament","https://www.mshsaa.org/MySchool/Schedule.aspx?s=917&alg=38","https://www.mshsaa.org/MySchool/Matchup.aspx?s=917&alg=38&comp=2786094"
"917","Father Tolton","Tennis Girls","49","Varsity","9/17","4:30 pm","","Columbia Independent","away","https://www.mshsaa.org/MySchool/Schedule.aspx?s=917&alg=49","https://www.mshsaa.org/MySchool/Matchup.aspx?s=917&alg=49&comp=2768072"
"917","Father Tolton","Volleyball Girls","57","Varsity","9/17","6:30 pm","","Battle","home","https://www.mshsaa.org/MySchool/Schedule.aspx?s=917&alg=57","https://www.mshsaa.org/MySchool/Matchup.aspx?s=917&alg=57&comp=2711660"
"294","Fayette High School","Golf Girls","24","Varsity","9/17","","","Versailles Invitational","tournament","https://www.mshsaa.org/MySchool/Schedule.aspx?s=294&alg=24","https://www.mshsaa.org/MySchool/Tournament.aspx?s=294&alg=24&tournament=572734"
"294","Fayette High School","Softball Fall Season","38","Varsity","9/17","5:00 pm","","Harrisburg","away","https://www.mshsaa.org/MySchool/Schedule.aspx?s=294&alg=38","https://www.mshsaa.org/MySchool/Matchup.aspx?s=294&alg=38&comp=2635049"
"80","Fulton High School","Golf Girls","24","Varsity","9/17","","","Marshall Tournament","tournament","https://www.mshsaa.org/MySchool/Schedule.aspx?s=80&alg=24","https://www.mshsaa.org/MySchool/Tournament.aspx?s=80&alg=24&tournament=586409"
"80","Fulton High School","Soccer Boys","33","Varsity","9/17","4:30 pm","","Wright City","away","https://www.mshsaa.org/MySchool/Schedule.aspx?s=80&alg=33","https://www.mshsaa.org/MySchool/Matchup.aspx?s=80&alg=33&comp=2647568"
"80","Fulton High School","Softball Fall Season","38","Varsity","9/17","5:00 pm","","Mexico","home","https://www.mshsaa.org/MySchool/Schedule.aspx?s=80&alg=38","https://www.mshsaa.org/MySchool/Matchup.aspx?s=80&alg=38&comp=2635711"
"80","Fulton High School","Tennis Girls","49","Varsity","9/17","4:30 pm","","Boonville","home","https://www.mshsaa.org/MySchool/Schedule.aspx?s=80&alg=49","https://www.mshsaa.org/MySchool/Matchup.aspx?s=80&alg=49&comp=2745181"
"302","Glasgow High School","Baseball Fall Season","66","Varsity","9/17","7:00 pm","","Northeast (Cairo)","home","https://www.mshsaa.org/MySchool/Schedule.aspx?s=302&alg=66","https://www.mshsaa.org/MySchool/Matchup.aspx?s=302&alg=66&comp=2592749"
"302","Glasgow High School","Golf Girls","24","Varsity","9/17","","","SH Quad with Green Ridge, Cole Camp and Glasgow","tournament","https://www.mshsaa.org/MySchool/Schedule.aspx?s=302&alg=24","https://www.mshsaa.org/MySchool/Tournament.aspx?s=302&alg=24&tournament=553914"
"302","Glasgow High School","Softball Fall Season","38","Varsity","9/17","5:00 pm","","Northeast (Cairo)","home","https://www.mshsaa.org/MySchool/Schedule.aspx?s=302&alg=38","https://www.mshsaa.org/MySchool/Matchup.aspx?s=302&alg=38&comp=2592748"
"311","Hallsville High School","Soccer Boys","33","Varsity","9/17","6:30 pm","","Southern Boone","home","https://www.mshsaa.org/MySchool/Schedule.aspx?s=311&alg=33","https://www.mshsaa.org/MySchool/Matchup.aspx?s=311&alg=33&comp=2695938"
"311","Hallsville High School","Volleyball Girls","57","Varsity","9/17","7:00 pm","","Boonville","away","https://www.mshsaa.org/MySchool/Schedule.aspx?s=311&alg=57","https://www.mshsaa.org/MySchool/Matchup.aspx?s=311&alg=57&comp=2721779"
"313","Harrisburg High School","Golf Girls","24","Varsity","9/17","4:00 pm","","Salisbury: Westran, Harrisburg, Cairo, New Franklin, Salisbury","tournament","https://www.mshsaa.org/MySchool/Schedule.aspx?s=313&alg=24","https://www.mshsaa.org/MySchool/Tournament.aspx?s=313&alg=24&tournament=543826"
"313","Harrisburg High School","Softball Fall Season","38","Varsity","9/17","5:00 pm","","Fayette","home","https://www.mshsaa.org/MySchool/Schedule.aspx?s=313&alg=38","https://www.mshsaa.org/MySchool/Matchup.aspx?s=313&alg=38&comp=2649305"
"522","Helias High School","Tennis Girls","49","Varsity","9/17","4:30 pm","","Battle","home","https://www.mshsaa.org/MySchool/Schedule.aspx?s=522&alg=49","https://www.mshsaa.org/MySchool/Matchup.aspx?s=522&alg=49&comp=2627971"
"85","Hickman High School","Golf Girls","24","Varsity","9/17","","","Centralia Penta: Hickman, New Bloomfield, Monroe City","tournament","https://www.mshsaa.org/MySchool/Schedule.aspx?s=85&alg=24","https://www.mshsaa.org/MySchool/Tournament.aspx?s=85&alg=24&tournament=552613"
"85","Hickman High School","Soccer Boys","33","Varsity","9/17","6:30 pm","","Ft. Zumwalt West","away","https://www.mshsaa.org/MySchool/Schedule.aspx?s=85&alg=33","https://www.mshsaa.org/MySchool/Matchup.aspx?s=85&alg=33&comp=2675499"
"85","Hickman High School","Tennis Girls","49","Varsity","9/17","4:30 pm","","Capital City","home","https://www.mshsaa.org/MySchool/Schedule.aspx?s=85&alg=49","https://www.mshsaa.org/MySchool/Matchup.aspx?s=85&alg=49&comp=2765026"
"85","Hickman High School","Volleyball Girls","57","Varsity","9/17","7:30 pm","","Southern Boone","home","https://www.mshsaa.org/MySchool/Schedule.aspx?s=85&alg=57","https://www.mshsaa.org/MySchool/Matchup.aspx?s=85&alg=57&comp=2710745"
"317","Higbee High School","Softball Fall Season","38","Varsity","9/17","5:00 pm","","Slater with Malta Bend","home","https://www.mshsaa.org/MySchool/Schedule.aspx?s=317&alg=38","https://www.mshsaa.org/MySchool/Matchup.aspx?s=317&alg=38&comp=2626905"
"84","Jefferson City High School","Soccer Boys","33","Varsity","9/17","6:30 pm","","Rolla","away","https://www.mshsaa.org/MySchool/Schedule.aspx?s=84&alg=33","https://www.mshsaa.org/MySchool/Matchup.aspx?s=84&alg=33&comp=2660232"
"84","Jefferson City High School","Softball Fall Season","38","Varsity","9/17-19","","","Lady Jays Classic","tournament","https://www.mshsaa.org/MySchool/Schedule.aspx?s=84&alg=38","https://www.mshsaa.org/MySchool/Tournament.aspx?s=84&alg=38&tournament=547667"
"84","Jefferson City High School","Volleyball Girls","57","Varsity","9/17","7:00 pm","","Capital City","away","https://www.mshsaa.org/MySchool/Schedule.aspx?s=84&alg=57","https://www.mshsaa.org/MySchool/Matchup.aspx?s=84&alg=57&comp=2752565"
"360","Marshall High School","Golf Girls","24","Varsity","9/17","","","Marshall Tournament","tournament","https://www.mshsaa.org/MySchool/Schedule.aspx?s=360&alg=24","https://www.mshsaa.org/MySchool/Tournament.aspx?s=360&alg=24&tournament=554359"
"360","Marshall High School","Softball Fall Season","38","Varsity","9/17","5:00 pm","","Moberly","home","https://www.mshsaa.org/MySchool/Schedule.aspx?s=360&alg=38","https://www.mshsaa.org/MySchool/Matchup.aspx?s=360&alg=38&comp=2650338"
"360","Marshall High School","Volleyball Girls","57","Varsity","9/17","6:30 pm","","Odessa","away","https://www.mshsaa.org/MySchool/Schedule.aspx?s=360&alg=57","https://www.mshsaa.org/MySchool/Matchup.aspx?s=360&alg=57&comp=2661611"
"128","Mexico High School","Soccer Boys","33","Varsity","9/17","6:30 pm","","Moberly","home","https://www.mshsaa.org/MySchool/Schedule.aspx?s=128&alg=33","https://www.mshsaa.org/MySchool/Matchup.aspx?s=128&alg=33&comp=2762099"
"128","Mexico High School","Softball Fall Season","38","Varsity","9/17","5:00 pm","","Fulton","away","https://www.mshsaa.org/MySchool/Schedule.aspx?s=128&alg=38","https://www.mshsaa.org/MySchool/Matchup.aspx?s=128&alg=38&comp=2663199"
"128","Mexico High School","Tennis Girls","49","Varsity","9/17","4:00 pm","","Moberly","home","https://www.mshsaa.org/MySchool/Schedule.aspx?s=128&alg=49","https://www.mshsaa.org/MySchool/Matchup.aspx?s=128&alg=49&comp=2758453"
"128","Mexico High School","Volleyball Girls","57","Varsity","9/17","6:00 pm","","Hannibal","home","https://www.mshsaa.org/MySchool/Schedule.aspx?s=128&alg=57","https://www.mshsaa.org/MySchool/Matchup.aspx?s=128&alg=57&comp=2652132"
"132","Moberly High School","Soccer Boys","33","Varsity","9/17","6:30 pm","","Mexico","away","https://www.mshsaa.org/MySchool/Schedule.aspx?s=132&alg=33","https://www.mshsaa.org/MySchool/Matchup.aspx?s=132&alg=33&comp=2762729"
"132","Moberly High School","Softball Fall Season","38","Varsity","9/17","5:00 pm","","Marshall","away","https://www.mshsaa.org/MySchool/Schedule.aspx?s=132&alg=38","https://www.mshsaa.org/MySchool/Matchup.aspx?s=132&alg=38&comp=2769896"
"132","Moberly High School","Tennis Girls","49","Varsity","9/17","4:00 pm","","Mexico","away","https://www.mshsaa.org/MySchool/Schedule.aspx?s=132&alg=49","https://www.mshsaa.org/MySchool/Matchup.aspx?s=132&alg=49&comp=2760268"
"139","North Callaway High School","Softball Fall Season","38","Varsity","9/17","5:00 pm","","Elsberry","away","https://www.mshsaa.org/MySchool/Schedule.aspx?s=139&alg=38","https://www.mshsaa.org/MySchool/Matchup.aspx?s=139&alg=38&comp=2614154"
"139","North Callaway High School","Volleyball Girls","57","Varsity","9/17","6:30 pm","","Montgomery County","away","https://www.mshsaa.org/MySchool/Schedule.aspx?s=139&alg=57","https://www.mshsaa.org/MySchool/Matchup.aspx?s=139&alg=57&comp=2615037"
"152","Osage High School","Golf Girls","24","Varsity","9/17","","","Marshall Tournament","tournament","https://www.mshsaa.org/MySchool/Schedule.aspx?s=152&alg=24","https://www.mshsaa.org/MySchool/Tournament.aspx?s=152&alg=24&tournament=582127"
"152","Osage High School","Soccer Boys","33","Varsity","9/17","6:45 pm","","Camdenton","away","https://www.mshsaa.org/MySchool/Schedule.aspx?s=152&alg=33","https://www.mshsaa.org/MySchool/Matchup.aspx?s=152&alg=33&comp=2702057"
"152","Osage High School","Softball Fall Season","38","Varsity","9/17","5:00 pm","","Eldon","home","https://www.mshsaa.org/MySchool/Schedule.aspx?s=152&alg=38","https://www.mshsaa.org/MySchool/Matchup.aspx?s=152&alg=38&comp=2656326"
"152","Osage High School","Tennis Girls","49","Varsity","9/17","4:00 pm","","Rolla","away","https://www.mshsaa.org/MySchool/Schedule.aspx?s=152&alg=49","https://www.mshsaa.org/MySchool/Matchup.aspx?s=152&alg=49&comp=2697353"
"152","Osage High School","Volleyball Girls","57","Varsity","9/17","6:30 pm","","Eugene","home","https://www.mshsaa.org/MySchool/Schedule.aspx?s=152&alg=57","https://www.mshsaa.org/MySchool/Matchup.aspx?s=152&alg=57&comp=2654121"
"578","Rock Bridge High School","Softball Fall Season","38","Varsity","9/17","5:30 pm","","Camdenton","away","https://www.mshsaa.org/MySchool/Schedule.aspx?s=578&alg=38","https://www.mshsaa.org/MySchool/Matchup.aspx?s=578&alg=38&comp=2743017"
"578","Rock Bridge High School","Volleyball Girls","57","Varsity","9/17","8:00 pm","","Smith-Cotton","away","https://www.mshsaa.org/MySchool/Schedule.aspx?s=578&alg=57","https://www.mshsaa.org/MySchool/Matchup.aspx?s=578&alg=57&comp=2644109"
"430","Russellville High School","Golf Girls","24","Varsity","9/17","","","Versailles Invitational","tournament","https://www.mshsaa.org/MySchool/Schedule.aspx?s=430&alg=24","https://www.mshsaa.org/MySchool/Tournament.aspx?s=430&alg=24&tournament=545208"
"430","Russellville High School","Softball Fall Season","38","Varsity","9/17","5:00 pm","","Eugene","away","https://www.mshsaa.org/MySchool/Schedule.aspx?s=430&alg=38","https://www.mshsaa.org/MySchool/Matchup.aspx?s=430&alg=38&comp=2616304"
"430","Russellville High School","Volleyball Girls","57","Varsity","9/17","7:00 pm","","Versailles","away","https://www.mshsaa.org/MySchool/Schedule.aspx?s=430&alg=57","https://www.mshsaa.org/MySchool/Matchup.aspx?s=430&alg=57&comp=2612883"
"431","Salisbury High School","Golf Girls","24","Varsity","9/17","","","Salisbury: Westran, Harrisburg, Cairo, New Franklin, Salisbury","tournament","https://www.mshsaa.org/MySchool/Schedule.aspx?s=431&alg=24","https://www.mshsaa.org/MySchool/Tournament.aspx?s=431&alg=24&tournament=545815"
"431","Salisbury High School","Softball Fall Season","38","Varsity","9/17","5:00 pm","","Brunswick with Keytesville, Northwestern (Mendon)","away","https://www.mshsaa.org/MySchool/Schedule.aspx?s=431&alg=38","https://www.mshsaa.org/MySchool/Matchup.aspx?s=431&alg=38&comp=2632149"
"194","Smith-Cotton High School","Golf Girls","24","Varsity","9/17","","","Marshall Tournament","tournament","https://www.mshsaa.org/MySchool/Schedule.aspx?s=194&alg=24","https://www.mshsaa.org/MySchool/Tournament.aspx?s=194&alg=24&tournament=582164"
"194","Smith-Cotton High School","Soccer Boys","33","Varsity","9/17","6:30 pm","","Warrensburg","away","https://www.mshsaa.org/MySchool/Schedule.aspx?s=194&alg=33","https://www.mshsaa.org/MySchool/Matchup.aspx?s=194&alg=33&comp=2663087"
"194","Smith-Cotton High School","Tennis Girls","49","Varsity","9/17","4:30 pm","","Odessa","away","https://www.mshsaa.org/MySchool/Schedule.aspx?s=194&alg=49","https://www.mshsaa.org/MySchool/Matchup.aspx?s=194&alg=49&comp=2669524"
"194","Smith-Cotton High School","Volleyball Girls","57","Varsity","9/17","8:00 pm","","Rock Bridge","home","https://www.mshsaa.org/MySchool/Schedule.aspx?s=194&alg=57","https://www.mshsaa.org/MySchool/Matchup.aspx?s=194&alg=57&comp=2643401"
"197","South Callaway High School","Softball Fall Season","38","Varsity","9/17","5:00 pm","","Linn","away","https://www.mshsaa.org/MySchool/Schedule.aspx?s=197&alg=38","https://www.mshsaa.org/MySchool/Matchup.aspx?s=197&alg=38&comp=2726187"
"2","Southern Boone High School","Soccer Boys","33","Varsity","9/17","5:00 pm","","Christian Fellowship Sr. with Hallsville","away","https://www.mshsaa.org/MySchool/Schedule.aspx?s=2&alg=33","https://www.mshsaa.org/MySchool/Matchup.aspx?s=2&alg=33&comp=2632891"
"2","Southern Boone High School","Softball Fall Season","38","Varsity","9/17","5:00 pm","","California","away","https://www.mshsaa.org/MySchool/Schedule.aspx?s=2&alg=38","https://www.mshsaa.org/MySchool/Matchup.aspx?s=2&alg=38&comp=2627340"
"2","Southern Boone High School","Volleyball Girls","57","Varsity","9/17","7:30 pm","","Hickman","away","https://www.mshsaa.org/MySchool/Schedule.aspx?s=2&alg=57","https://www.mshsaa.org/MySchool/Matchup.aspx?s=2&alg=57&comp=2653884"
"474","Tipton High School","Golf Girls","24","Varsity","9/17","","","Versailles Invitational","tournament","https://www.mshsaa.org/MySchool/Schedule.aspx?s=474&alg=24","https://www.mshsaa.org/MySchool/Tournament.aspx?s=474&alg=24&tournament=545206"
"485","Versailles High School","Golf Girls","24","Varsity","9/17","9:00 am","","Versailles Invitational","tournament","https://www.mshsaa.org/MySchool/Schedule.aspx?s=485&alg=24","https://www.mshsaa.org/MySchool/Tournament.aspx?s=485&alg=24&tournament=545178"
"485","Versailles High School","Volleyball Girls","57","Varsity","9/17","7:00 pm","","Russellville","home","https://www.mshsaa.org/MySchool/Schedule.aspx?s=485&alg=57","https://www.mshsaa.org/MySchool/Matchup.aspx?s=485&alg=57&comp=2616317"
"953","Battle High School","Football","19","Varsity","9/18","7:00 pm","","Hickman","away","https://www.mshsaa.org/MySchool/Schedule.aspx?s=953&alg=19","https://www.mshsaa.org/MySchool/Matchup.aspx?s=953&alg=19&comp=2666893"
"953","Battle High School","Soccer Boys","33","Varsity","9/18","1:15 pm","","Branson","home","https://www.mshsaa.org/MySchool/Schedule.aspx?s=953&alg=33","https://www.mshsaa.org/MySchool/Matchup.aspx?s=953&alg=33&comp=2767055"
"217","Blair Oaks High School","Football","19","Varsity","9/18","7:00 pm","","Osage","home","https://www.mshsaa.org/MySchool/Schedule.aspx?s=217&alg=19","https://www.mshsaa.org/MySchool/Matchup.aspx?s=217&alg=19&comp=2520257"
"217","Blair Oaks High School","Softball Fall Season","38","Varsity","9/18-19","","","Lady Jays Classic","tournament","https://www.mshsaa.org/MySchool/Schedule.aspx?s=217&alg=38","https://www.mshsaa.org/MySchool/Tournament.aspx?s=217&alg=38&tournament=545735"
"217","Blair Oaks High School","Volleyball Girls","57","Varsity","9/18","1:00 pm","","Logan-Rogersville","away","https://www.mshsaa.org/MySchool/Schedule.aspx?s=217&alg=57","https://www.mshsaa.org/MySchool/Matchup.aspx?s=217&alg=57&comp=2733507"
"217","Blair Oaks High School","Volleyball Girls","57","Varsity","9/18","5:00 pm","","Potosi","away","https://www.mshsaa.org/MySchool/Schedule.aspx?s=217&alg=57","https://www.mshsaa.org/MySchool/Matchup.aspx?s=217&alg=57&comp=2733565"
"16","Boonville High School","Football","19","Varsity","9/18","7:00 pm","","Hallsville","away","https://www.mshsaa.org/MySchool/Schedule.aspx?s=16&alg=19","https://www.mshsaa.org/MySchool/Matchup.aspx?s=16&alg=19&comp=2595283"
"16","Boonville High School","Softball Fall Season","38","Varsity","9/18-19","","","Park Hill South Tournament","tournament","https://www.mshsaa.org/MySchool/Schedule.aspx?s=16&alg=38","https://www.mshsaa.org/MySchool/Tournament.aspx?s=16&alg=38&tournament=586601"
"16","Boonville High School","Softball Fall Season","38","Varsity","⤷ 9/18","TBD","","Park Hill South","tournament","https://www.mshsaa.org/MySchool/Schedule.aspx?s=16&alg=38","https://www.mshsaa.org/MySchool/Matchup.aspx?s=16&alg=38&comp=2788927"
"16","Boonville High School","Softball Fall Season","38","Varsity","⤷ 9/18","TBD","","West Platte","tournament","https://www.mshsaa.org/MySchool/Schedule.aspx?s=16&alg=38","https://www.mshsaa.org/MySchool/Matchup.aspx?s=16&alg=38&comp=2788928"
"582","California High School","Football","19","Varsity","9/18","7:00 pm","","Southern Boone","away","https://www.mshsaa.org/MySchool/Schedule.aspx?s=582&alg=19","https://www.mshsaa.org/MySchool/Matchup.aspx?s=582&alg=19&comp=2519681"
"26","Camdenton High School","Football","19","Varsity","9/18","7:00 pm","","Helias Catholic","home","https://www.mshsaa.org/MySchool/Schedule.aspx?s=26&alg=19","https://www.mshsaa.org/MySchool/Matchup.aspx?s=26&alg=19&comp=2674415"
"26","Camdenton High School","Soccer Boys","33","Varsity","9/18","5:00 pm","","Joplin","away","https://www.mshsaa.org/MySchool/Schedule.aspx?s=26&alg=33","https://www.mshsaa.org/MySchool/Matchup.aspx?s=26&alg=33&comp=2715189"
"26","Camdenton High School","Softball Fall Season","38","Varsity","9/18","5:00 pm","","Iberia","home","https://www.mshsaa.org/MySchool/Schedule.aspx?s=26&alg=38","https://www.mshsaa.org/MySchool/Matchup.aspx?s=26&alg=38&comp=2650266"
"26","Camdenton High School","Tennis Girls","49","Varsity","9/18","4:00 pm","","Parkview","home","https://www.mshsaa.org/MySchool/Schedule.aspx?s=26&alg=49","https://www.mshsaa.org/MySchool/Matchup.aspx?s=26&alg=49&comp=2775268"
"26","Camdenton High School","Volleyball Girls","57","Varsity","9/18","","","Varsity Scramble: Branson | Camdenton | Webb City | Willard","tournament","https://www.mshsaa.org/MySchool/Schedule.aspx?s=26&alg=57","https://www.mshsaa.org/MySchool/Tournament.aspx?s=26&alg=57&tournament=595499"
"1540","Capital City High School","Football","19","Varsity","9/18","7:00 pm","","Rock Bridge","away","https://www.mshsaa.org/MySchool/Schedule.aspx?s=1540&alg=19","https://www.mshsaa.org/MySchool/Matchup.aspx?s=1540&alg=19&comp=2622654"
"1540","Capital City High School","Soccer Boys","33","Varsity","9/18","5:00 pm","","Republic","home","https://www.mshsaa.org/MySchool/Schedule.aspx?s=1540&alg=33","https://www.mshsaa.org/MySchool/Matchup.aspx?s=1540&alg=33&comp=2671263"
"1540","Capital City High School","Softball Fall Season","38","Varsity","9/18-19","","","Lady Jays Classic","tournament","https://www.mshsaa.org/MySchool/Schedule.aspx?s=1540&alg=38","https://www.mshsaa.org/MySchool/Tournament.aspx?s=1540&alg=38&tournament=543817"
"1540","Capital City High School","Softball Fall Season","38","Varsity","⤷ 9/18","9:00 am","","Fatima","tournament","https://www.mshsaa.org/MySchool/Schedule.aspx?s=1540&alg=38","https://www.mshsaa.org/MySchool/Matchup.aspx?s=1540&alg=38&comp=2783016"
"1540","Capital City High School","Softball Fall Season","38","Varsity","⤷ 9/18","7:00 pm","","Chaffee","tournament","https://www.mshsaa.org/MySchool/Schedule.aspx?s=1540&alg=38","https://www.mshsaa.org/MySchool/Matchup.aspx?s=1540&alg=38&comp=2783017"
"1540","Capital City High School","Tennis Girls","49","Varsity","9/18","4:30 pm","","Lebanon","home","https://www.mshsaa.org/MySchool/Schedule.aspx?s=1540&alg=49","https://www.mshsaa.org/MySchool/Matchup.aspx?s=1540&alg=49&comp=2621724"
"53","Centralia High School","Football","19","Varsity","9/18","7:00 pm","","Hermann","away","https://www.mshsaa.org/MySchool/Schedule.aspx?s=53&alg=19","https://www.mshsaa.org/MySchool/Matchup.aspx?s=53&alg=19&comp=2584465"
"1099","Christian Fellowship","Soccer Boys","33","Varsity","9/18","6:30 pm","","Moberly","home","https://www.mshsaa.org/MySchool/Schedule.aspx?s=1099&alg=33","https://www.mshsaa.org/MySchool/Matchup.aspx?s=1099&alg=33&comp=2719068"
"1099","Christian Fellowship","Volleyball Girls","57","Varsity","9/18","6:00 pm","","Prairie Home","home","https://www.mshsaa.org/MySchool/Schedule.aspx?s=1099&alg=57","https://www.mshsaa.org/MySchool/Matchup.aspx?s=1099&alg=57&comp=2687474"
"566","Columbia Independent","Soccer Boys","33","Varsity","9/18","1:15 pm","","Branson","home","https://www.mshsaa.org/MySchool/Schedule.aspx?s=566&alg=33","https://www.mshsaa.org/MySchool/Matchup.aspx?s=566&alg=33&comp=2767055"
"278","Eldon High School","Football","19","Varsity","9/18","7:00 pm","","Fulton","home","https://www.mshsaa.org/MySchool/Schedule.aspx?s=278&alg=19","https://www.mshsaa.org/MySchool/Matchup.aspx?s=278&alg=19&comp=2609438"
"917","Father Tolton","Football","19","Varsity","9/18","7:00 pm","","Summit Christian Academy","away","https://www.mshsaa.org/MySchool/Schedule.aspx?s=917&alg=19","https://www.mshsaa.org/MySchool/Matchup.aspx?s=917&alg=19&comp=2493251"
"917","Father Tolton","Softball Fall Season","38","Varsity","9/18-19","","","Lady Jays Classic","tournament","https://www.mshsaa.org/MySchool/Schedule.aspx?s=917&alg=38","https://www.mshsaa.org/MySchool/Tournament.aspx?s=917&alg=38&tournament=559426"
"917","Father Tolton","Softball Fall Season","38","Varsity","⤷ 9/18","11:00 am","","Macon","tournament","https://www.mshsaa.org/MySchool/Schedule.aspx?s=917&alg=38","https://www.mshsaa.org/MySchool/Matchup.aspx?s=917&alg=38&comp=2786095"
"917","Father Tolton","Tennis Girls","49","Varsity","9/18-19","","","Francis Howell North Invitational","tournament","https://www.mshsaa.org/MySchool/Schedule.aspx?s=917&alg=49","https://www.mshsaa.org/MySchool/Tournament.aspx?s=917&alg=49&tournament=596563"
"294","Fayette High School","Football","19","Varsity","9/18","7:00 pm","","Westran","home","https://www.mshsaa.org/MySchool/Schedule.aspx?s=294&alg=19","https://www.mshsaa.org/MySchool/Matchup.aspx?s=294&alg=19&comp=2634430"
"80","Fulton High School","Football","19","Varsity","9/18","7:00 pm","","Eldon","away","https://www.mshsaa.org/MySchool/Schedule.aspx?s=80&alg=19","https://www.mshsaa.org/MySchool/Matchup.aspx?s=80&alg=19&comp=2589275"
"311","Hallsville High School","Football","19","Varsity","9/18","7:00 pm","","Boonville","home","https://www.mshsaa.org/MySchool/Schedule.aspx?s=311&alg=19","https://www.mshsaa.org/MySchool/Matchup.aspx?s=311&alg=19&comp=2589270"
"311","Hallsville High School","Soccer Boys","33","Varsity","9/18","6:30 pm","","Moberly","home","https://www.mshsaa.org/MySchool/Schedule.aspx?s=311&alg=33","https://www.mshsaa.org/MySchool/Matchup.aspx?s=311&alg=33&comp=2719068"
"313","Harrisburg High School","Football","19","Varsity","9/18","7:00 pm","","Salisbury","home","https://www.mshsaa.org/MySchool/Schedule.aspx?s=313&alg=19","https://www.mshsaa.org/MySchool/Matchup.aspx?s=313&alg=19&comp=2522966"
"313","Harrisburg High School","Softball Fall Season","38","Varsity","9/18-19","","","Park Hill South Tournament","tournament","https://www.mshsaa.org/MySchool/Schedule.aspx?s=313&alg=38","https://www.mshsaa.org/MySchool/Tournament.aspx?s=313&alg=38&tournament=593419"
"522","Helias High School","Football","19","Varsity","9/18","7:00 pm","","Camdenton","away","https://www.mshsaa.org/MySchool/Schedule.aspx?s=522&alg=19","https://www.mshsaa.org/MySchool/Matchup.aspx?s=522&alg=19&comp=2674214"
"522","Helias High School","Soccer Boys","33","Varsity","9/18-19","","","Catholic Showcase","tournament","https://www.mshsaa.org/MySchool/Schedule.aspx?s=522&alg=33","https://www.mshsaa.org/MySchool/Tournament.aspx?s=522&alg=33&tournament=547005"
"85","Hickman High School","Football","19","Varsity","9/18","7:00 pm","","Battle","home","https://www.mshsaa.org/MySchool/Schedule.aspx?s=85&alg=19","https://www.mshsaa.org/MySchool/Matchup.aspx?s=85&alg=19&comp=2646525"
"85","Hickman High School","Softball Fall Season","38","Varsity","9/18-19","","","Lady Jays Classic","tournament","https://www.mshsaa.org/MySchool/Schedule.aspx?s=85&alg=38","https://www.mshsaa.org/MySchool/Tournament.aspx?s=85&alg=38&tournament=581257"
"85","Hickman High School","Swimming and Diving Boys","44","Varsity","9/18","4:30 pm","","NKC Invite Prelims","tournament","https://www.mshsaa.org/MySchool/Schedule.aspx?s=85&alg=44","https://www.mshsaa.org/MySchool/Tournament.aspx?s=85&alg=44&tournament=592802"
"317","Higbee High School","Baseball Fall Season","66","Varsity","9/18","5:00 pm","","Pilot Grove","away","https://www.mshsaa.org/MySchool/Schedule.aspx?s=317&alg=66","https://www.mshsaa.org/MySchool/Matchup.aspx?s=317&alg=66&comp=2769893"
"84","Jefferson City High School","Football","19","Varsity","9/18","7:00 pm","","Smith-Cotton","home","https://www.mshsaa.org/MySchool/Schedule.aspx?s=84&alg=19","https://www.mshsaa.org/MySchool/Matchup.aspx?s=84&alg=19&comp=2560879"
"84","Jefferson City High School","Tennis Girls","49","Varsity","9/18","1:00 pm","","Lebanon","home","https://www.mshsaa.org/MySchool/Schedule.aspx?s=84&alg=49","https://www.mshsaa.org/MySchool/Matchup.aspx?s=84&alg=49&comp=2752545"
"360","Marshall High School","Football","19","Varsity","9/18","7:00 pm","","Mexico","away","https://www.mshsaa.org/MySchool/Schedule.aspx?s=360&alg=19","https://www.mshsaa.org/MySchool/Matchup.aspx?s=360&alg=19&comp=2450268"
"128","Mexico High School","Football","19","Varsity","9/18","7:00 pm","","Marshall","home","https://www.mshsaa.org/MySchool/Schedule.aspx?s=128&alg=19","https://www.mshsaa.org/MySchool/Matchup.aspx?s=128&alg=19&comp=2518018"
"569","Missouri Military Academy","Football","19","Varsity","9/18","7:00 pm","","Russellville","home","https://www.mshsaa.org/MySchool/Schedule.aspx?s=569&alg=19","https://www.mshsaa.org/MySchool/Matchup.aspx?s=569&alg=19&comp=2524068"
"132","Moberly High School","Football","19","Varsity","9/18","7:00 pm","","Warrensburg","home","https://www.mshsaa.org/MySchool/Schedule.aspx?s=132&alg=19","https://www.mshsaa.org/MySchool/Matchup.aspx?s=132&alg=19&comp=2576632"
"132","Moberly High School","Soccer Boys","33","Varsity","9/18","6:30 pm","","Christian Fellowship Sr. with Hallsville","away","https://www.mshsaa.org/MySchool/Schedule.aspx?s=132&alg=33","https://www.mshsaa.org/MySchool/Matchup.aspx?s=132&alg=33&comp=2719074"
"139","North Callaway High School","Football","19","Varsity","9/18","7:00 pm","","Bowling Green","home","https://www.mshsaa.org/MySchool/Schedule.aspx?s=139&alg=19","https://www.mshsaa.org/MySchool/Matchup.aspx?s=139&alg=19&comp=2591217"
"139","North Callaway High School","Volleyball Girls","57","Varsity","9/18-19","","","Calvary Lutheran HS Volleyball Tournament","tournament","https://www.mshsaa.org/MySchool/Schedule.aspx?s=139&alg=57","https://www.mshsaa.org/MySchool/Tournament.aspx?s=139&alg=57&tournament=571772"
"152","Osage High School","Football","19","Varsity","9/18","7:00 pm","","Blair Oaks","away","https://www.mshsaa.org/MySchool/Schedule.aspx?s=152&alg=19","https://www.mshsaa.org/MySchool/Matchup.aspx?s=152&alg=19&comp=2518996"
"578","Rock Bridge High School","Football","19","Varsity","9/18","7:00 pm","","Capital City","home","https://www.mshsaa.org/MySchool/Schedule.aspx?s=578&alg=19","https://www.mshsaa.org/MySchool/Matchup.aspx?s=578&alg=19&comp=2683319"
"578","Rock Bridge High School","Softball Fall Season","38","Varsity","9/18","4:00 pm","","Belton","home","https://www.mshsaa.org/MySchool/Schedule.aspx?s=578&alg=38","https://www.mshsaa.org/MySchool/Matchup.aspx?s=578&alg=38&comp=2788894"
"578","Rock Bridge High School","Tennis Girls","49","Varsity","9/18","","","Columbia Duals","tournament","https://www.mshsaa.org/MySchool/Schedule.aspx?s=578&alg=49","https://www.mshsaa.org/MySchool/Tournament.aspx?s=578&alg=49&tournament=575279"
"430","Russellville High School","Football","19","Varsity","9/18","7:00 pm","","Missouri Military Academy","away","https://www.mshsaa.org/MySchool/Schedule.aspx?s=430&alg=19","https://www.mshsaa.org/MySchool/Matchup.aspx?s=430&alg=19&comp=2523973"
"431","Salisbury High School","Football","19","Varsity","9/18","7:00 pm","","Harrisburg","away","https://www.mshsaa.org/MySchool/Schedule.aspx?s=431&alg=19","https://www.mshsaa.org/MySchool/Matchup.aspx?s=431&alg=19&comp=2524341"
"194","Smith-Cotton High School","Football","19","Varsity","9/18","7:00 pm","","Jefferson City","away","https://www.mshsaa.org/MySchool/Schedule.aspx?s=194&alg=19","https://www.mshsaa.org/MySchool/Matchup.aspx?s=194&alg=19&comp=2669256"
"197","South Callaway High School","Football","19","Varsity","9/18","7:00 pm","","Montgomery County","home","https://www.mshsaa.org/MySchool/Schedule.aspx?s=197&alg=19","https://www.mshsaa.org/MySchool/Matchup.aspx?s=197&alg=19&comp=2639310"
"2","Southern Boone High School","Football","19","Varsity","9/18","7:00 pm","","California","home","https://www.mshsaa.org/MySchool/Schedule.aspx?s=2&alg=19","https://www.mshsaa.org/MySchool/Matchup.aspx?s=2&alg=19&comp=2599040"
"2","Southern Boone High School","Softball Fall Season","38","Varsity","9/18-19","","","Lady Jays Classic","tournament","https://www.mshsaa.org/MySchool/Schedule.aspx?s=2&alg=38","https://www.mshsaa.org/MySchool/Tournament.aspx?s=2&alg=38&tournament=550730"
"2","Southern Boone High School","Softball Fall Season","38","Varsity","⤷ 9/18","TBD","","Linn","tournament","https://www.mshsaa.org/MySchool/Schedule.aspx?s=2&alg=38","https://www.mshsaa.org/MySchool/Matchup.aspx?s=2&alg=38&comp=2767237"
"2","Southern Boone High School","Softball Fall Season","38","Varsity","⤷ 9/18","TBD","","South Harrison","tournament","https://www.mshsaa.org/MySchool/Schedule.aspx?s=2&alg=38","https://www.mshsaa.org/MySchool/Matchup.aspx?s=2&alg=38&comp=2767238"
"474","Tipton High School","Football","19","Varsity","9/18","7:00 pm","","Versailles","away","https://www.mshsaa.org/MySchool/Schedule.aspx?s=474&alg=19","https://www.mshsaa.org/MySchool/Matchup.aspx?s=474&alg=19&comp=2517386"
"485","Versailles High School","Football","19","Varsity","9/18","7:00 pm","","Tipton with Bunceton","home","https://www.mshsaa.org/MySchool/Schedule.aspx?s=485&alg=19","https://www.mshsaa.org/MySchool/Matchup.aspx?s=485&alg=19&comp=2517707"
"953","Battle High School","Cross Country Boys","11","Varsity","9/19","","","Fulton Invitational","tournament","https://www.mshsaa.org/MySchool/Schedule.aspx?s=953&alg=11","https://www.mshsaa.org/MySchool/Tournament.aspx?s=953&alg=11&tournament=589037"
"953","Battle High School","Cross Country Girls","12","Varsity","9/19","","","Fulton Invitational","tournament","https://www.mshsaa.org/MySchool/Schedule.aspx?s=953&alg=12","https://www.mshsaa.org/MySchool/Tournament.aspx?s=953&alg=12&tournament=597915"
"953","Battle High School","Soccer Boys","33","Varsity","9/19","11:00 am","","Republic","home","https://www.mshsaa.org/MySchool/Schedule.aspx?s=953&alg=33","https://www.mshsaa.org/MySchool/Matchup.aspx?s=953&alg=33&comp=2767063"
"953","Battle High School","Softball Fall Season","38","Varsity","9/19","","","Fayette Softball Tournament","tournament","https://www.mshsaa.org/MySchool/Schedule.aspx?s=953&alg=38","https://www.mshsaa.org/MySchool/Tournament.aspx?s=953&alg=38&tournament=587095"
"217","Blair Oaks High School","Cross Country Boys","11","Varsity","9/19","","","Fulton Invitational","tournament","https://www.mshsaa.org/MySchool/Schedule.aspx?s=217&alg=11","https://www.mshsaa.org/MySchool/Tournament.aspx?s=217&alg=11&tournament=545754"
"217","Blair Oaks High School","Cross Country Girls","12","Varsity","9/19","","","Fulton Invitational","tournament","https://www.mshsaa.org/MySchool/Schedule.aspx?s=217&alg=12","https://www.mshsaa.org/MySchool/Tournament.aspx?s=217&alg=12&tournament=545763"
"217","Blair Oaks High School","Volleyball Girls","57","Varsity","9/19","9:00 am","","Winona","away","https://www.mshsaa.org/MySchool/Schedule.aspx?s=217&alg=57","https://www.mshsaa.org/MySchool/Matchup.aspx?s=217&alg=57&comp=2733566"
"16","Boonville High School","Cross Country Boys","11","Varsity","9/19","","","Smith-Cotton Invitational","tournament","https://www.mshsaa.org/MySchool/Schedule.aspx?s=16&alg=11","https://www.mshsaa.org/MySchool/Tournament.aspx?s=16&alg=11&tournament=582948"
"16","Boonville High School","Cross Country Girls","12","Varsity","9/19","","","Smith Cotton Invitational","tournament","https://www.mshsaa.org/MySchool/Schedule.aspx?s=16&alg=12","https://www.mshsaa.org/MySchool/Tournament.aspx?s=16&alg=12&tournament=585070"
"16","Boonville High School","Softball Fall Season","38","Varsity","⤷ 9/19","TBD","","William Chrisman","tournament","https://www.mshsaa.org/MySchool/Schedule.aspx?s=16&alg=38","https://www.mshsaa.org/MySchool/Matchup.aspx?s=16&alg=38&comp=2788929"
"16","Boonville High School","Softball Fall Season","38","Varsity","⤷ 9/19","TBD","","Park Hill","tournament","https://www.mshsaa.org/MySchool/Schedule.aspx?s=16&alg=38","https://www.mshsaa.org/MySchool/Matchup.aspx?s=16&alg=38&comp=2788930"
"16","Boonville High School","Tennis Girls","49","Varsity","9/19","","","Osage Tourney","tournament","https://www.mshsaa.org/MySchool/Schedule.aspx?s=16&alg=49","https://www.mshsaa.org/MySchool/Tournament.aspx?s=16&alg=49&tournament=580421"
"26","Camdenton High School","Cross Country Boys","11","Varsity","9/19","","","Lebanon Invitational","tournament","https://www.mshsaa.org/MySchool/Schedule.aspx?s=26&alg=11","https://www.mshsaa.org/MySchool/Tournament.aspx?s=26&alg=11&tournament=594264"
"26","Camdenton High School","Cross Country Girls","12","Varsity","9/19","","","Lebanon Invitational","tournament","https://www.mshsaa.org/MySchool/Schedule.aspx?s=26&alg=12","https://www.mshsaa.org/MySchool/Tournament.aspx?s=26&alg=12&tournament=594265"
"26","Camdenton High School","Soccer Boys","33","Varsity","9/19","11:00 am","","Carthage","away","https://www.mshsaa.org/MySchool/Schedule.aspx?s=26&alg=33","https://www.mshsaa.org/MySchool/Matchup.aspx?s=26&alg=33&comp=2715190"
"1540","Capital City High School","Soccer Boys","33","Varsity","9/19","11:45 am","","Rolla","home","https://www.mshsaa.org/MySchool/Schedule.aspx?s=1540&alg=33","https://www.mshsaa.org/MySchool/Matchup.aspx?s=1540&alg=33&comp=2662532"
"53","Centralia High School","Cross Country Boys","11","Varsity","9/19","","","Fulton Invitational","tournament","https://www.mshsaa.org/MySchool/Schedule.aspx?s=53&alg=11","https://www.mshsaa.org/MySchool/Tournament.aspx?s=53&alg=11&tournament=552238"
"53","Centralia High School","Cross Country Girls","12","Varsity","9/19","","","Fulton Invitational","tournament","https://www.mshsaa.org/MySchool/Schedule.aspx?s=53&alg=12","https://www.mshsaa.org/MySchool/Tournament.aspx?s=53&alg=12&tournament=552245"
"53","Centralia High School","Softball Fall Season","38","Varsity","9/19","11:00 am","","Doniphan","away","https://www.mshsaa.org/MySchool/Schedule.aspx?s=53&alg=38","https://www.mshsaa.org/MySchool/Matchup.aspx?s=53&alg=38&comp=2751013"
"566","Columbia Independent","Cross Country Boys","11","Varsity","9/19","","","Fulton Invitational","tournament","https://www.mshsaa.org/MySchool/Schedule.aspx?s=566&alg=11","https://www.mshsaa.org/MySchool/Tournament.aspx?s=566&alg=11&tournament=594220"
"566","Columbia Independent","Cross Country Girls","12","Varsity","9/19","","","Fulton Invitational","tournament","https://www.mshsaa.org/MySchool/Schedule.aspx?s=566&alg=12","https://www.mshsaa.org/MySchool/Tournament.aspx?s=566&alg=12&tournament=594226"
"566","Columbia Independent","Soccer Boys","33","Varsity","9/19","11:00 am","","Republic","home","https://www.mshsaa.org/MySchool/Schedule.aspx?s=566&alg=33","https://www.mshsaa.org/MySchool/Matchup.aspx?s=566&alg=33&comp=2767063"
"566","Columbia Independent","Tennis Girls","49","Varsity","9/19","","","Osage Tourney","tournament","https://www.mshsaa.org/MySchool/Schedule.aspx?s=566&alg=49","https://www.mshsaa.org/MySchool/Tournament.aspx?s=566&alg=49&tournament=579498"
"278","Eldon High School","Cross Country Boys","11","Varsity","9/19","","","Smith-Cotton Invitational","tournament","https://www.mshsaa.org/MySchool/Schedule.aspx?s=278&alg=11","https://www.mshsaa.org/MySchool/Tournament.aspx?s=278&alg=11&tournament=544984"
"278","Eldon High School","Cross Country Girls","12","Varsity","9/19","","","Fulton Invitational","tournament","https://www.mshsaa.org/MySchool/Schedule.aspx?s=278&alg=12","https://www.mshsaa.org/MySchool/Tournament.aspx?s=278&alg=12&tournament=544991"
"294","Fayette High School","Cross Country Boys","11","Varsity","9/19","","","New Franklin/CAC Cross Country Meet","tournament","https://www.mshsaa.org/MySchool/Schedule.aspx?s=294&alg=11","https://www.mshsaa.org/MySchool/Tournament.aspx?s=294&alg=11&tournament=557600"
"294","Fayette High School","Softball Fall Season","38","Varsity","9/19","","","Fayette Softball Tournament","tournament","https://www.mshsaa.org/MySchool/Schedule.aspx?s=294&alg=38","https://www.mshsaa.org/MySchool/Tournament.aspx?s=294&alg=38&tournament=546469"
"80","Fulton High School","Cross Country Boys","11","Varsity","9/19","","","Fulton Invitational","tournament","https://www.mshsaa.org/MySchool/Schedule.aspx?s=80&alg=11","https://www.mshsaa.org/MySchool/Tournament.aspx?s=80&alg=11&tournament=580266"
"80","Fulton High School","Cross Country Girls","12","Varsity","9/19","","","Fulton Invitational","tournament","https://www.mshsaa.org/MySchool/Schedule.aspx?s=80&alg=12","https://www.mshsaa.org/MySchool/Tournament.aspx?s=80&alg=12&tournament=594833"
"80","Fulton High School","Softball Fall Season","38","Varsity","9/19","","","Fayette Softball Tournament","tournament","https://www.mshsaa.org/MySchool/Schedule.aspx?s=80&alg=38","https://www.mshsaa.org/MySchool/Tournament.aspx?s=80&alg=38&tournament=591683"
"302","Glasgow High School","Cross Country Boys","11","Varsity","9/19","","","New Franklin/CAC Cross Country Meet","tournament","https://www.mshsaa.org/MySchool/Schedule.aspx?s=302&alg=11","https://www.mshsaa.org/MySchool/Tournament.aspx?s=302&alg=11&tournament=558026"
"302","Glasgow High School","Cross Country Girls","12","Varsity","9/19","","","New Franklin CC","tournament","https://www.mshsaa.org/MySchool/Schedule.aspx?s=302&alg=12","https://www.mshsaa.org/MySchool/Tournament.aspx?s=302&alg=12&tournament=586726"
"302","Glasgow High School","Softball Fall Season","38","Varsity","9/19","","","Fayette Softball Tournament","tournament","https://www.mshsaa.org/MySchool/Schedule.aspx?s=302&alg=38","https://www.mshsaa.org/MySchool/Tournament.aspx?s=302&alg=38&tournament=549404"
"313","Harrisburg High School","Cross Country Boys","11","Varsity","9/19","9:00 am","","Missouri Southern Stampede","tournament","https://www.mshsaa.org/MySchool/Schedule.aspx?s=313&alg=11","https://www.mshsaa.org/MySchool/Tournament.aspx?s=313&alg=11&tournament=591298"
"313","Harrisburg High School","Cross Country Girls","12","Varsity","9/19","9:00 am","","Missouri Southern Stampede","tournament","https://www.mshsaa.org/MySchool/Schedule.aspx?s=313&alg=12","https://www.mshsaa.org/MySchool/Tournament.aspx?s=313&alg=12&tournament=591297"
"522","Helias High School","Cross Country Boys","11","Varsity","9/19","8:00 am","","Smith Cotton Invitational","tournament","https://www.mshsaa.org/MySchool/Schedule.aspx?s=522&alg=11","https://www.mshsaa.org/MySchool/Tournament.aspx?s=522&alg=11&tournament=544811"
"522","Helias High School","Cross Country Girls","12","Varsity","9/19","8:00 am","","Smith Cotton Invitational","tournament","https://www.mshsaa.org/MySchool/Schedule.aspx?s=522&alg=12","https://www.mshsaa.org/MySchool/Tournament.aspx?s=522&alg=12&tournament=544821"
"522","Helias High School","Softball Fall Season","38","Varsity","9/19","2:00 pm","","Troy Buchanan","away","https://www.mshsaa.org/MySchool/Schedule.aspx?s=522&alg=38","https://www.mshsaa.org/MySchool/Matchup.aspx?s=522&alg=38&comp=2751355"
"522","Helias High School","Softball Fall Season","38","Varsity","9/19","","","DH Troy, North Point","tournament","https://www.mshsaa.org/MySchool/Schedule.aspx?s=522&alg=38","https://www.mshsaa.org/MySchool/Tournament.aspx?s=522&alg=38&tournament=556403"
"85","Hickman High School","Cross Country Boys","11","Varsity","9/19","","","The Chris Soleburg Invite","tournament","https://www.mshsaa.org/MySchool/Schedule.aspx?s=85&alg=11","https://www.mshsaa.org/MySchool/Tournament.aspx?s=85&alg=11&tournament=587511"
"85","Hickman High School","Cross Country Girls","12","Varsity","9/19","","","The Chris Soleburg Invite","tournament","https://www.mshsaa.org/MySchool/Schedule.aspx?s=85&alg=12","https://www.mshsaa.org/MySchool/Tournament.aspx?s=85&alg=12&tournament=587598"
"85","Hickman High School","Swimming and Diving Boys","44","Varsity","9/19","10:00 am","","NKC Invite Diving","tournament","https://www.mshsaa.org/MySchool/Schedule.aspx?s=85&alg=44","https://www.mshsaa.org/MySchool/Tournament.aspx?s=85&alg=44&tournament=592803"
"85","Hickman High School","Swimming and Diving Boys","44","Varsity","9/19","1:00 pm","","NKC Invite Finals","tournament","https://www.mshsaa.org/MySchool/Schedule.aspx?s=85&alg=44","https://www.mshsaa.org/MySchool/Tournament.aspx?s=85&alg=44&tournament=592804"
"85","Hickman High School","Volleyball Girls","57","Varsity","9/19","","","51st Annual Winnetonka Girls' Volleyball Tournament","tournament","https://www.mshsaa.org/MySchool/Schedule.aspx?s=85&alg=57","https://www.mshsaa.org/MySchool/Tournament.aspx?s=85&alg=57&tournament=579354"
"317","Higbee High School","Cross Country Girls","12","Varsity","9/19","","","New Franklin CC","tournament","https://www.mshsaa.org/MySchool/Schedule.aspx?s=317&alg=12","https://www.mshsaa.org/MySchool/Tournament.aspx?s=317&alg=12&tournament=586429"
"317","Higbee High School","Softball Fall Season","38","Varsity","9/19","","","CLAA Conference Tournament","tournament","https://www.mshsaa.org/MySchool/Schedule.aspx?s=317&alg=38","https://www.mshsaa.org/MySchool/Tournament.aspx?s=317&alg=38&tournament=544590"
"84","Jefferson City High School","Swimming and Diving Boys","44","Varsity","9/19","12:00 pm","","Independence Invitational","tournament","https://www.mshsaa.org/MySchool/Schedule.aspx?s=84&alg=44","https://www.mshsaa.org/MySchool/Tournament.aspx?s=84&alg=44&tournament=593347"
"360","Marshall High School","Cross Country Boys","11","Varsity","9/19","","","Smith-Cotton Invitational","tournament","https://www.mshsaa.org/MySchool/Schedule.aspx?s=360&alg=11","https://www.mshsaa.org/MySchool/Tournament.aspx?s=360&alg=11&tournament=563992"
"360","Marshall High School","Cross Country Girls","12","Varsity","9/19","","","Smith-Cotton Invitational","tournament","https://www.mshsaa.org/MySchool/Schedule.aspx?s=360&alg=12","https://www.mshsaa.org/MySchool/Tournament.aspx?s=360&alg=12&tournament=584470"
"360","Marshall High School","Softball Fall Season","38","Varsity","9/19","1:00 pm","","Kirksville","home","https://www.mshsaa.org/MySchool/Schedule.aspx?s=360&alg=38","https://www.mshsaa.org/MySchool/Matchup.aspx?s=360&alg=38&comp=2764597"
"360","Marshall High School","Tennis Girls","49","Varsity","9/19","","","Marshall Tournament","tournament","https://www.mshsaa.org/MySchool/Schedule.aspx?s=360&alg=49","https://www.mshsaa.org/MySchool/Tournament.aspx?s=360&alg=49&tournament=554363"
"128","Mexico High School","Cross Country Boys","11","Varsity","9/19","","","Fulton Invitational","tournament","https://www.mshsaa.org/MySchool/Schedule.aspx?s=128&alg=11","https://www.mshsaa.org/MySchool/Tournament.aspx?s=128&alg=11&tournament=569371"
"128","Mexico High School","Cross Country Girls","12","Varsity","9/19","","","Fulton Invitational","tournament","https://www.mshsaa.org/MySchool/Schedule.aspx?s=128&alg=12","https://www.mshsaa.org/MySchool/Tournament.aspx?s=128&alg=12&tournament=588294"
"128","Mexico High School","Tennis Girls","49","Varsity","9/19","","","Osage Tourney","tournament","https://www.mshsaa.org/MySchool/Schedule.aspx?s=128&alg=49","https://www.mshsaa.org/MySchool/Tournament.aspx?s=128&alg=49&tournament=585213"
"569","Missouri Military Academy","Cross Country Boys","11","Varsity","9/19","","","Fulton Invitational","tournament","https://www.mshsaa.org/MySchool/Schedule.aspx?s=569&alg=11","https://www.mshsaa.org/MySchool/Tournament.aspx?s=569&alg=11&tournament=582756"
"132","Moberly High School","Cross Country Boys","11","Varsity","9/19","","","Fulton Invitational","tournament","https://www.mshsaa.org/MySchool/Schedule.aspx?s=132&alg=11","https://www.mshsaa.org/MySchool/Tournament.aspx?s=132&alg=11&tournament=582760"
"132","Moberly High School","Cross Country Girls","12","Varsity","9/19","","","Fulton Invitational","tournament","https://www.mshsaa.org/MySchool/Schedule.aspx?s=132&alg=12","https://www.mshsaa.org/MySchool/Tournament.aspx?s=132&alg=12&tournament=585351"
"132","Moberly High School","Softball Fall Season","38","Varsity","9/19","","","Cairo SB Tourney","tournament","https://www.mshsaa.org/MySchool/Schedule.aspx?s=132&alg=38","https://www.mshsaa.org/MySchool/Tournament.aspx?s=132&alg=38&tournament=549590"
"139","North Callaway High School","Cross Country Boys","11","Varsity","9/19","","","Fulton Invitational","tournament","https://www.mshsaa.org/MySchool/Schedule.aspx?s=139&alg=11","https://www.mshsaa.org/MySchool/Tournament.aspx?s=139&alg=11&tournament=552835"
"139","North Callaway High School","Cross Country Girls","12","Varsity","9/19","","","Fulton Invitational","tournament","https://www.mshsaa.org/MySchool/Schedule.aspx?s=139&alg=12","https://www.mshsaa.org/MySchool/Tournament.aspx?s=139&alg=12&tournament=552841"
"139","North Callaway High School","Softball Fall Season","38","Varsity","9/19","","","Cairo SB Tourney","tournament","https://www.mshsaa.org/MySchool/Schedule.aspx?s=139&alg=38","https://www.mshsaa.org/MySchool/Tournament.aspx?s=139&alg=38&tournament=541706"
"139","North Callaway High School","Volleyball Girls","57","Varsity","9/19","","","Calvary Lutheran HS Volleyball Tournament","tournament","https://www.mshsaa.org/MySchool/Schedule.aspx?s=139&alg=57","https://www.mshsaa.org/MySchool/Tournament.aspx?s=139&alg=57&tournament=541960"
"152","Osage High School","Cross Country Boys","11","Varsity","9/19","9:00 am","","Joplin","away","https://www.mshsaa.org/MySchool/Schedule.aspx?s=152&alg=11","https://www.mshsaa.org/MySchool/Matchup.aspx?s=152&alg=11&comp=2741224"
"152","Osage High School","Cross Country Girls","12","Varsity","9/19","9:00 am","","Joplin","away","https://www.mshsaa.org/MySchool/Schedule.aspx?s=152&alg=12","https://www.mshsaa.org/MySchool/Matchup.aspx?s=152&alg=12&comp=2741224"
"152","Osage High School","Tennis Girls","49","Varsity","9/19","9:00 am","","Osage Tourney","tournament","https://www.mshsaa.org/MySchool/Schedule.aspx?s=152&alg=49","https://www.mshsaa.org/MySchool/Tournament.aspx?s=152&alg=49&tournament=564930"
"578","Rock Bridge High School","Soccer Boys","33","Varsity","9/19","4:30 pm","","Lee's Summit West","away","https://www.mshsaa.org/MySchool/Schedule.aspx?s=578&alg=33","https://www.mshsaa.org/MySchool/Matchup.aspx?s=578&alg=33&comp=2776659"
"578","Rock Bridge High School","Softball Fall Season","38","Varsity","9/19","9:00 am","","Belton","home","https://www.mshsaa.org/MySchool/Schedule.aspx?s=578&alg=38","https://www.mshsaa.org/MySchool/Matchup.aspx?s=578&alg=38&comp=2788895"
"578","Rock Bridge High School","Softball Fall Season","38","Varsity","9/19","1:00 pm","","Marquette","home","https://www.mshsaa.org/MySchool/Schedule.aspx?s=578&alg=38","https://www.mshsaa.org/MySchool/Matchup.aspx?s=578&alg=38&comp=2788896"
"578","Rock Bridge High School","Volleyball Girls","57","Varsity","9/19","","","Kickapoo Tournament","tournament","https://www.mshsaa.org/MySchool/Schedule.aspx?s=578&alg=57","https://www.mshsaa.org/MySchool/Tournament.aspx?s=578&alg=57&tournament=579205"
"578","Rock Bridge High School","Volleyball Girls","57","Varsity","⤷ 9/19","TBD","","Republic","tournament","https://www.mshsaa.org/MySchool/Schedule.aspx?s=578&alg=57","https://www.mshsaa.org/MySchool/Matchup.aspx?s=578&alg=57&comp=2786423"
"578","Rock Bridge High School","Volleyball Girls","57","Varsity","⤷ 9/19","TBD","","Nixa","tournament","https://www.mshsaa.org/MySchool/Schedule.aspx?s=578&alg=57","https://www.mshsaa.org/MySchool/Matchup.aspx?s=578&alg=57&comp=2786424"
"578","Rock Bridge High School","Volleyball Girls","57","Varsity","⤷ 9/19","TBD","","Kickapoo","tournament","https://www.mshsaa.org/MySchool/Schedule.aspx?s=578&alg=57","https://www.mshsaa.org/MySchool/Matchup.aspx?s=578&alg=57&comp=2786433"
"578","Rock Bridge High School","Volleyball Girls","57","Varsity","⤷ 9/19","TBD","","Ozark","tournament","https://www.mshsaa.org/MySchool/Schedule.aspx?s=578&alg=57","https://www.mshsaa.org/MySchool/Matchup.aspx?s=578&alg=57&comp=2786436"
"430","Russellville High School","Cross Country Boys","11","Varsity","9/19","","","South Callaway Invitational","tournament","https://www.mshsaa.org/MySchool/Schedule.aspx?s=430&alg=11","https://www.mshsaa.org/MySchool/Tournament.aspx?s=430&alg=11&tournament=595940"
"430","Russellville High School","Cross Country Girls","12","Varsity","9/19","","","South Callaway Invitational","tournament","https://www.mshsaa.org/MySchool/Schedule.aspx?s=430&alg=12","https://www.mshsaa.org/MySchool/Tournament.aspx?s=430&alg=12&tournament=595941"
"194","Smith-Cotton High School","Cross Country Boys","11","Varsity","9/19","9:00 am","","Smith-Cotton Invitational","tournament","https://www.mshsaa.org/MySchool/Schedule.aspx?s=194&alg=11","https://www.mshsaa.org/MySchool/Tournament.aspx?s=194&alg=11&tournament=556794"
"194","Smith-Cotton High School","Cross Country Girls","12","Varsity","9/19","9:00 am","","Smith-Cotton Invitational","tournament","https://www.mshsaa.org/MySchool/Schedule.aspx?s=194&alg=12","https://www.mshsaa.org/MySchool/Tournament.aspx?s=194&alg=12&tournament=558625"
"197","South Callaway High School","Cross Country Boys","11","Varsity","9/19","9:00 am","","South Callaway Invitational","tournament","https://www.mshsaa.org/MySchool/Schedule.aspx?s=197&alg=11","https://www.mshsaa.org/MySchool/Tournament.aspx?s=197&alg=11&tournament=595773"
"197","South Callaway High School","Cross Country Girls","12","Varsity","9/19","9:00 am","","South Callaway Invitational","tournament","https://www.mshsaa.org/MySchool/Schedule.aspx?s=197&alg=12","https://www.mshsaa.org/MySchool/Tournament.aspx?s=197&alg=12&tournament=595794"
"2","Southern Boone High School","Cross Country Boys","11","Varsity","9/19","","","Fulton Invitational","tournament","https://www.mshsaa.org/MySchool/Schedule.aspx?s=2&alg=11","https://www.mshsaa.org/MySchool/Tournament.aspx?s=2&alg=11&tournament=559453"
"2","Southern Boone High School","Cross Country Girls","12","Varsity","9/19","","","Fulton Invitational","tournament","https://www.mshsaa.org/MySchool/Schedule.aspx?s=2&alg=12","https://www.mshsaa.org/MySchool/Tournament.aspx?s=2&alg=12&tournament=559461"
"2","Southern Boone High School","Volleyball Girls","57","Varsity","9/19","","","West Plains Quad","tournament","https://www.mshsaa.org/MySchool/Schedule.aspx?s=2&alg=57","https://www.mshsaa.org/MySchool/Tournament.aspx?s=2&alg=57&tournament=551761"
"474","Tipton High School","Cross Country Boys","11","Varsity","9/19","","","Fulton Invitational","tournament","https://www.mshsaa.org/MySchool/Schedule.aspx?s=474&alg=11","https://www.mshsaa.org/MySchool/Tournament.aspx?s=474&alg=11&tournament=582798"
"474","Tipton High School","Volleyball Girls","57","Varsity","9/19","","","2nd Annual Central Missouri Volleyball Invitational","tournament","https://www.mshsaa.org/MySchool/Schedule.aspx?s=474&alg=57","https://www.mshsaa.org/MySchool/Tournament.aspx?s=474&alg=57&tournament=546490"
"485","Versailles High School","Cross Country Boys","11","Varsity","9/19","","","Smith-Cotton Invitational","tournament","https://www.mshsaa.org/MySchool/Schedule.aspx?s=485&alg=11","https://www.mshsaa.org/MySchool/Tournament.aspx?s=485&alg=11&tournament=565604"
"485","Versailles High School","Cross Country Girls","12","Varsity","9/19","","","Smith-Cotton Invitational","tournament","https://www.mshsaa.org/MySchool/Schedule.aspx?s=485&alg=12","https://www.mshsaa.org/MySchool/Tournament.aspx?s=485&alg=12&tournament=565613"
"953","Battle High School","Softball Fall Season","38","Varsity","9/21","5:00 pm","","Smith-Cotton","home","https://www.mshsaa.org/MySchool/Schedule.aspx?s=953&alg=38","https://www.mshsaa.org/MySchool/Matchup.aspx?s=953&alg=38&comp=2762385"
"217","Blair Oaks High School","Softball Fall Season","38","Varsity","9/21","5:00 pm","","Iberia","away","https://www.mshsaa.org/MySchool/Schedule.aspx?s=217&alg=38","https://www.mshsaa.org/MySchool/Matchup.aspx?s=217&alg=38&comp=2701223"
"16","Boonville High School","Soccer Boys","33","Varsity","9/21","6:30 pm","","Southern Boone","home","https://www.mshsaa.org/MySchool/Schedule.aspx?s=16&alg=33","https://www.mshsaa.org/MySchool/Matchup.aspx?s=16&alg=33&comp=2696309"
"16","Boonville High School","Tennis Girls","49","Varsity","9/21","4:30 pm","","Knob Noster","home","https://www.mshsaa.org/MySchool/Schedule.aspx?s=16&alg=49","https://www.mshsaa.org/MySchool/Matchup.aspx?s=16&alg=49&comp=2765960"
"16","Boonville High School","Volleyball Girls","57","Varsity","9/21","6:00 pm","","Eldon","home","https://www.mshsaa.org/MySchool/Schedule.aspx?s=16&alg=57","https://www.mshsaa.org/MySchool/Matchup.aspx?s=16&alg=57&comp=2710327"
"582","California High School","Softball Fall Season","38","Varsity","9/21","5:00 pm","","Fulton","away","https://www.mshsaa.org/MySchool/Schedule.aspx?s=582&alg=38","https://www.mshsaa.org/MySchool/Matchup.aspx?s=582&alg=38&comp=2648465"
"26","Camdenton High School","Golf Girls","24","Varsity","9/21","","","Jefferson City Jays Invitational","tournament","https://www.mshsaa.org/MySchool/Schedule.aspx?s=26&alg=24","https://www.mshsaa.org/MySchool/Tournament.aspx?s=26&alg=24&tournament=568365"
"26","Camdenton High School","Softball Fall Season","38","Varsity","9/21","5:00 pm","","Helias Catholic","away","https://www.mshsaa.org/MySchool/Schedule.aspx?s=26&alg=38","https://www.mshsaa.org/MySchool/Matchup.aspx?s=26&alg=38&comp=2650267"
"26","Camdenton High School","Tennis Girls","49","Varsity","9/21","4:00 pm","","Osage","away","https://www.mshsaa.org/MySchool/Schedule.aspx?s=26&alg=49","https://www.mshsaa.org/MySchool/Matchup.aspx?s=26&alg=49&comp=2742712"
"26","Camdenton High School","Volleyball Girls","57","Varsity","9/21","6:30 pm","","Helias Catholic","away","https://www.mshsaa.org/MySchool/Schedule.aspx?s=26&alg=57","https://www.mshsaa.org/MySchool/Matchup.aspx?s=26&alg=57&comp=2727914"
"1540","Capital City High School","Volleyball Girls","57","Varsity","9/21","6:30 pm","","Licking","home","https://www.mshsaa.org/MySchool/Schedule.aspx?s=1540&alg=57","https://www.mshsaa.org/MySchool/Matchup.aspx?s=1540&alg=57&comp=2711044"
"53","Centralia High School","Golf Girls","24","Varsity","9/21","4:00 pm","","Centralia 6: Kirksville, La Plata, Macon, Columbia Independent, North Shelby","tournament","https://www.mshsaa.org/MySchool/Schedule.aspx?s=53&alg=24","https://www.mshsaa.org/MySchool/Tournament.aspx?s=53&alg=24&tournament=552258"
"53","Centralia High School","Golf Girls","24","Varsity","⤷ 9/21","TBD","","Kirksville","tournament","https://www.mshsaa.org/MySchool/Schedule.aspx?s=53&alg=24","https://www.mshsaa.org/MySchool/Matchup.aspx?s=53&alg=24&comp=2655422"
"53","Centralia High School","Golf Girls","24","Varsity","⤷ 9/21","TBD","","La Plata","tournament","https://www.mshsaa.org/MySchool/Schedule.aspx?s=53&alg=24","https://www.mshsaa.org/MySchool/Matchup.aspx?s=53&alg=24&comp=2655423"
"53","Centralia High School","Golf Girls","24","Varsity","⤷ 9/21","TBD","","Macon","tournament","https://www.mshsaa.org/MySchool/Schedule.aspx?s=53&alg=24","https://www.mshsaa.org/MySchool/Matchup.aspx?s=53&alg=24&comp=2655424"
"53","Centralia High School","Softball Fall Season","38","Varsity","9/21","5:00 pm","","Monroe City","home","https://www.mshsaa.org/MySchool/Schedule.aspx?s=53&alg=38","https://www.mshsaa.org/MySchool/Matchup.aspx?s=53&alg=38&comp=2655435"
"53","Centralia High School","Volleyball Girls","57","Varsity","9/21","6:00 pm","","North Callaway","home","https://www.mshsaa.org/MySchool/Schedule.aspx?s=53&alg=57","https://www.mshsaa.org/MySchool/Matchup.aspx?s=53&alg=57&comp=2655583"
"1099","Christian Fellowship","Soccer Boys","33","Varsity","9/21","5:00 pm","","Fulton","home","https://www.mshsaa.org/MySchool/Schedule.aspx?s=1099&alg=33","https://www.mshsaa.org/MySchool/Matchup.aspx?s=1099&alg=33&comp=2722346"
"1099","Christian Fellowship","Softball Fall Season","38","Varsity","9/21","5:00 pm","","Father Tolton","away","https://www.mshsaa.org/MySchool/Schedule.aspx?s=1099&alg=38","https://www.mshsaa.org/MySchool/Matchup.aspx?s=1099&alg=38&comp=2721768"
"566","Columbia Independent","Golf Girls","24","Varsity","9/21","","","Centralia 6: Kirksville, La Plata, Macon, Columbia Independent, North Shelby","tournament","https://www.mshsaa.org/MySchool/Schedule.aspx?s=566&alg=24","https://www.mshsaa.org/MySchool/Tournament.aspx?s=566&alg=24&tournament=557993"
"566","Columbia Independent","Volleyball Girls","57","Varsity","9/21","6:00 pm","","Russellville","home","https://www.mshsaa.org/MySchool/Schedule.aspx?s=566&alg=57","https://www.mshsaa.org/MySchool/Matchup.aspx?s=566&alg=57&comp=2696511"
"278","Eldon High School","Volleyball Girls","57","Varsity","9/21","7:00 pm","","Boonville","away","https://www.mshsaa.org/MySchool/Schedule.aspx?s=278&alg=57","https://www.mshsaa.org/MySchool/Matchup.aspx?s=278&alg=57&comp=2623025"
"917","Father Tolton","Softball Fall Season","38","Varsity","9/21","5:00 pm","","Hallsville with Christian Fellowship Sr.","home","https://www.mshsaa.org/MySchool/Schedule.aspx?s=917&alg=38","https://www.mshsaa.org/MySchool/Matchup.aspx?s=917&alg=38&comp=2695763"
"917","Father Tolton","Tennis Girls","49","Varsity","9/21","","","St. Michael's Varsity Doubles Tournament","tournament","https://www.mshsaa.org/MySchool/Schedule.aspx?s=917&alg=49","https://www.mshsaa.org/MySchool/Tournament.aspx?s=917&alg=49&tournament=588895"
"917","Father Tolton","Volleyball Girls","57","Varsity","9/21","6:00 pm","","St. Francis Borgia","away","https://www.mshsaa.org/MySchool/Schedule.aspx?s=917&alg=57","https://www.mshsaa.org/MySchool/Matchup.aspx?s=917&alg=57&comp=2695470"
"294","Fayette High School","Softball Fall Season","38","Varsity","9/21","5:00 pm","","Eugene","away","https://www.mshsaa.org/MySchool/Schedule.aspx?s=294&alg=38","https://www.mshsaa.org/MySchool/Matchup.aspx?s=294&alg=38&comp=2635050"
"80","Fulton High School","Golf Girls","24","Varsity","9/21","4:00 pm","","Fulton Quad","tournament","https://www.mshsaa.org/MySchool/Schedule.aspx?s=80&alg=24","https://www.mshsaa.org/MySchool/Tournament.aspx?s=80&alg=24&tournament=579522"
"80","Fulton High School","Soccer Boys","33","Varsity","9/21","5:00 pm","","Christian Fellowship Sr. with Hallsville","away","https://www.mshsaa.org/MySchool/Schedule.aspx?s=80&alg=33","https://www.mshsaa.org/MySchool/Matchup.aspx?s=80&alg=33&comp=2647569"
"80","Fulton High School","Softball Fall Season","38","Varsity","9/21","5:00 pm","","California","home","https://www.mshsaa.org/MySchool/Schedule.aspx?s=80&alg=38","https://www.mshsaa.org/MySchool/Matchup.aspx?s=80&alg=38&comp=2648451"
"80","Fulton High School","Volleyball Girls","57","Varsity","9/21","6:30 pm","","Mexico","home","https://www.mshsaa.org/MySchool/Schedule.aspx?s=80&alg=57","https://www.mshsaa.org/MySchool/Matchup.aspx?s=80&alg=57&comp=2642115"
"302","Glasgow High School","Softball Fall Season","38","Varsity","9/21","5:00 pm","","Paris","home","https://www.mshsaa.org/MySchool/Schedule.aspx?s=302&alg=38","https://www.mshsaa.org/MySchool/Matchup.aspx?s=302&alg=38&comp=2737354"
"311","Hallsville High School","Soccer Boys","33","Varsity","9/21","5:00 pm","","Fulton","home","https://www.mshsaa.org/MySchool/Schedule.aspx?s=311&alg=33","https://www.mshsaa.org/MySchool/Matchup.aspx?s=311&alg=33&comp=2722346"
"311","Hallsville High School","Softball Fall Season","38","Varsity","9/21","5:00 pm","","Father Tolton","away","https://www.mshsaa.org/MySchool/Schedule.aspx?s=311&alg=38","https://www.mshsaa.org/MySchool/Matchup.aspx?s=311&alg=38&comp=2721768"
"313","Harrisburg High School","Softball Fall Season","38","Varsity","9/21","5:00 pm","","South Callaway","away","https://www.mshsaa.org/MySchool/Schedule.aspx?s=313&alg=38","https://www.mshsaa.org/MySchool/Matchup.aspx?s=313&alg=38&comp=2649306"
"522","Helias High School","Softball Fall Season","38","Varsity","9/21","5:00 pm","","Camdenton","home","https://www.mshsaa.org/MySchool/Schedule.aspx?s=522&alg=38","https://www.mshsaa.org/MySchool/Matchup.aspx?s=522&alg=38&comp=2641007"
"522","Helias High School","Tennis Girls","49","Varsity","9/21","8:30 am","","All Catholic","tournament","https://www.mshsaa.org/MySchool/Schedule.aspx?s=522&alg=49","https://www.mshsaa.org/MySchool/Tournament.aspx?s=522&alg=49&tournament=544828"
"522","Helias High School","Volleyball Girls","57","Varsity","9/21","6:30 pm","","Camdenton","home","https://www.mshsaa.org/MySchool/Schedule.aspx?s=522&alg=57","https://www.mshsaa.org/MySchool/Matchup.aspx?s=522&alg=57&comp=2640983"
"85","Hickman High School","Tennis Girls","49","Varsity","9/21","4:30 pm","","Kirksville","home","https://www.mshsaa.org/MySchool/Schedule.aspx?s=85&alg=49","https://www.mshsaa.org/MySchool/Matchup.aspx?s=85&alg=49&comp=2712425"
"317","Higbee High School","Baseball Fall Season","66","Varsity","9/21","5:00 pm","","Calvary Lutheran","away","https://www.mshsaa.org/MySchool/Schedule.aspx?s=317&alg=66","https://www.mshsaa.org/MySchool/Matchup.aspx?s=317&alg=66&comp=2626885"
"84","Jefferson City High School","Soccer Boys","33","Varsity","9/21","6:45 pm","","Osage","away","https://www.mshsaa.org/MySchool/Schedule.aspx?s=84&alg=33","https://www.mshsaa.org/MySchool/Matchup.aspx?s=84&alg=33&comp=2764546"
"84","Jefferson City High School","Tennis Girls","49","Varsity","9/21","2:45 pm","","Smith-Cotton","away","https://www.mshsaa.org/MySchool/Schedule.aspx?s=84&alg=49","https://www.mshsaa.org/MySchool/Matchup.aspx?s=84&alg=49&comp=2791291"
"84","Jefferson City High School","Volleyball Girls","57","Varsity","9/21","6:30 pm","","Incarnate Word Academy","away","https://www.mshsaa.org/MySchool/Schedule.aspx?s=84&alg=57","https://www.mshsaa.org/MySchool/Matchup.aspx?s=84&alg=57&comp=2699072"
"360","Marshall High School","Softball Fall Season","38","Varsity","9/21","5:00 pm","","Mexico","away","https://www.mshsaa.org/MySchool/Schedule.aspx?s=360&alg=38","https://www.mshsaa.org/MySchool/Matchup.aspx?s=360&alg=38&comp=2650341"
"360","Marshall High School","Tennis Girls","49","Varsity","9/21","4:30 pm","","Lafayette County","away","https://www.mshsaa.org/MySchool/Schedule.aspx?s=360&alg=49","https://www.mshsaa.org/MySchool/Matchup.aspx?s=360&alg=49&comp=2661601"
"360","Marshall High School","Volleyball Girls","57","Varsity","9/21","7:00 pm","","Smith-Cotton","away","https://www.mshsaa.org/MySchool/Schedule.aspx?s=360&alg=57","https://www.mshsaa.org/MySchool/Matchup.aspx?s=360&alg=57&comp=2643535"
"128","Mexico High School","Golf Girls","24","Varsity","9/21","4:00 pm","","Moberly","home","https://www.mshsaa.org/MySchool/Schedule.aspx?s=128&alg=24","https://www.mshsaa.org/MySchool/Matchup.aspx?s=128&alg=24&comp=2761732"
"128","Mexico High School","Softball Fall Season","38","Varsity","9/21","5:00 pm","","Marshall","home","https://www.mshsaa.org/MySchool/Schedule.aspx?s=128&alg=38","https://www.mshsaa.org/MySchool/Matchup.aspx?s=128&alg=38&comp=2663200"
"128","Mexico High School","Volleyball Girls","57","Varsity","9/21","6:30 pm","","Fulton","away","https://www.mshsaa.org/MySchool/Schedule.aspx?s=128&alg=57","https://www.mshsaa.org/MySchool/Matchup.aspx?s=128&alg=57&comp=2652133"
"132","Moberly High School","Golf Girls","24","Varsity","9/21","4:00 pm","","Mexico","away","https://www.mshsaa.org/MySchool/Schedule.aspx?s=132&alg=24","https://www.mshsaa.org/MySchool/Matchup.aspx?s=132&alg=24&comp=2766918"
"132","Moberly High School","Softball Fall Season","38","Varsity","9/21","5:00 pm","","Chillicothe","home","https://www.mshsaa.org/MySchool/Schedule.aspx?s=132&alg=38","https://www.mshsaa.org/MySchool/Matchup.aspx?s=132&alg=38&comp=2756843"
"139","North Callaway High School","Volleyball Girls","57","Varsity","9/21","6:00 pm","","Centralia","away","https://www.mshsaa.org/MySchool/Schedule.aspx?s=139&alg=57","https://www.mshsaa.org/MySchool/Matchup.aspx?s=139&alg=57&comp=2615038"
"152","Osage High School","Soccer Boys","33","Varsity","9/21","6:45 pm","","Jefferson City","home","https://www.mshsaa.org/MySchool/Schedule.aspx?s=152&alg=33","https://www.mshsaa.org/MySchool/Matchup.aspx?s=152&alg=33&comp=2756247"
"152","Osage High School","Softball Fall Season","38","Varsity","9/21","5:00 pm","","Russellville","away","https://www.mshsaa.org/MySchool/Schedule.aspx?s=152&alg=38","https://www.mshsaa.org/MySchool/Matchup.aspx?s=152&alg=38&comp=2657248"
"152","Osage High School","Tennis Girls","49","Varsity","9/21","4:00 pm","","Camdenton","home","https://www.mshsaa.org/MySchool/Schedule.aspx?s=152&alg=49","https://www.mshsaa.org/MySchool/Matchup.aspx?s=152&alg=49&comp=2697354"
"152","Osage High School","Volleyball Girls","57","Varsity","9/21","7:30 pm","","Buffalo","away","https://www.mshsaa.org/MySchool/Schedule.aspx?s=152&alg=57","https://www.mshsaa.org/MySchool/Matchup.aspx?s=152&alg=57&comp=2654123"
"430","Russellville High School","Softball Fall Season","38","Varsity","9/21","5:00 pm","","Osage","home","https://www.mshsaa.org/MySchool/Schedule.aspx?s=430&alg=38","https://www.mshsaa.org/MySchool/Matchup.aspx?s=430&alg=38&comp=2616305"
"430","Russellville High School","Volleyball Girls","57","Varsity","9/21","6:00 pm","","Columbia Independent","away","https://www.mshsaa.org/MySchool/Schedule.aspx?s=430&alg=57","https://www.mshsaa.org/MySchool/Matchup.aspx?s=430&alg=57&comp=2612884"
"431","Salisbury High School","Softball Fall Season","38","Varsity","9/21","5:00 pm","","Marceline","home","https://www.mshsaa.org/MySchool/Schedule.aspx?s=431&alg=38","https://www.mshsaa.org/MySchool/Matchup.aspx?s=431&alg=38&comp=2632150"
"194","Smith-Cotton High School","Golf Girls","24","Varsity","9/21","","","Lady Jays Invitational","tournament","https://www.mshsaa.org/MySchool/Schedule.aspx?s=194&alg=24","https://www.mshsaa.org/MySchool/Tournament.aspx?s=194&alg=24&tournament=557515"
"194","Smith-Cotton High School","Softball Fall Season","38","Varsity","9/21","5:00 pm","","Battle","away","https://www.mshsaa.org/MySchool/Schedule.aspx?s=194&alg=38","https://www.mshsaa.org/MySchool/Matchup.aspx?s=194&alg=38&comp=2657347"
"194","Smith-Cotton High School","Tennis Girls","49","Varsity","9/21","1:00 pm","","Jefferson City","away","https://www.mshsaa.org/MySchool/Schedule.aspx?s=194&alg=49","https://www.mshsaa.org/MySchool/Matchup.aspx?s=194&alg=49&comp=2794312"
"194","Smith-Cotton High School","Tennis Girls","49","Varsity","9/21","4:30 pm","","Capital City","away","https://www.mshsaa.org/MySchool/Schedule.aspx?s=194&alg=49","https://www.mshsaa.org/MySchool/Matchup.aspx?s=194&alg=49&comp=2794313"
"194","Smith-Cotton High School","Volleyball Girls","57","Varsity","9/21","7:00 pm","","Marshall","home","https://www.mshsaa.org/MySchool/Schedule.aspx?s=194&alg=57","https://www.mshsaa.org/MySchool/Matchup.aspx?s=194&alg=57&comp=2643402"
"197","South Callaway High School","Golf Girls","24","Varsity","9/21","","","Fulton Quad","tournament","https://www.mshsaa.org/MySchool/Schedule.aspx?s=197&alg=24","https://www.mshsaa.org/MySchool/Tournament.aspx?s=197&alg=24&tournament=595865"
"197","South Callaway High School","Softball Fall Season","38","Varsity","9/21","5:00 pm","","Harrisburg","home","https://www.mshsaa.org/MySchool/Schedule.aspx?s=197&alg=38","https://www.mshsaa.org/MySchool/Matchup.aspx?s=197&alg=38&comp=2724561"
"2","Southern Boone High School","Soccer Boys","33","Varsity","9/21","6:30 pm","","Boonville","away","https://www.mshsaa.org/MySchool/Schedule.aspx?s=2&alg=33","https://www.mshsaa.org/MySchool/Matchup.aspx?s=2&alg=33&comp=2632893"
"474","Tipton High School","Volleyball Girls","57","Varsity","9/21","7:00 pm","","Windsor","home","https://www.mshsaa.org/MySchool/Schedule.aspx?s=474&alg=57","https://www.mshsaa.org/MySchool/Matchup.aspx?s=474&alg=57&comp=2635297"
"485","Versailles High School","Golf Girls","24","Varsity","9/21","4:00 pm","","Versailles Tri","tournament","https://www.mshsaa.org/MySchool/Schedule.aspx?s=485&alg=24","https://www.mshsaa.org/MySchool/Tournament.aspx?s=485&alg=24&tournament=545179"
"485","Versailles High School","Volleyball Girls","57","Varsity","9/21","6:30 pm","","Cole Camp","home","https://www.mshsaa.org/MySchool/Schedule.aspx?s=485&alg=57","https://www.mshsaa.org/MySchool/Matchup.aspx?s=485&alg=57&comp=2630575"
"953","Battle High School","Soccer Boys","33","Varsity","9/22","6:45 pm","","Capital City","home","https://www.mshsaa.org/MySchool/Schedule.aspx?s=953&alg=33","https://www.mshsaa.org/MySchool/Matchup.aspx?s=953&alg=33&comp=2766225"
"953","Battle High School","Softball Fall Season","38","Varsity","9/22","5:00 pm","","Boonville","away","https://www.mshsaa.org/MySchool/Schedule.aspx?s=953&alg=38","https://www.mshsaa.org/MySchool/Matchup.aspx?s=953&alg=38&comp=2762432"
"953","Battle High School","Tennis Girls","49","Varsity","9/22","4:30 pm","","Jefferson City","home","https://www.mshsaa.org/MySchool/Schedule.aspx?s=953&alg=49","https://www.mshsaa.org/MySchool/Matchup.aspx?s=953&alg=49&comp=2766956"
"953","Battle High School","Volleyball Girls","57","Varsity","9/22","7:00 pm","","Jefferson City","away","https://www.mshsaa.org/MySchool/Schedule.aspx?s=953&alg=57","https://www.mshsaa.org/MySchool/Matchup.aspx?s=953&alg=57&comp=2762758"
"217","Blair Oaks High School","Golf Girls","24","Varsity","9/22","","","California Girls Invitational Golf Tournament","tournament","https://www.mshsaa.org/MySchool/Schedule.aspx?s=217&alg=24","https://www.mshsaa.org/MySchool/Tournament.aspx?s=217&alg=24&tournament=554404"
"217","Blair Oaks High School","Softball Fall Season","38","Varsity","9/22","5:00 pm","","Osage","away","https://www.mshsaa.org/MySchool/Schedule.aspx?s=217&alg=38","https://www.mshsaa.org/MySchool/Matchup.aspx?s=217&alg=38&comp=2632324"
"16","Boonville High School","Cross Country Boys","11","Varsity","9/22","","","Boonville Meet","tournament","https://www.mshsaa.org/MySchool/Schedule.aspx?s=16&alg=11","https://www.mshsaa.org/MySchool/Tournament.aspx?s=16&alg=11&tournament=590541"
"16","Boonville High School","Cross Country Girls","12","Varsity","9/22","","","Boonville Meet","tournament","https://www.mshsaa.org/MySchool/Schedule.aspx?s=16&alg=12","https://www.mshsaa.org/MySchool/Tournament.aspx?s=16&alg=12&tournament=590543"
"16","Boonville High School","Golf Girls","24","Varsity","9/22","","","California Girls Invitational Golf Tournament","tournament","https://www.mshsaa.org/MySchool/Schedule.aspx?s=16&alg=24","https://www.mshsaa.org/MySchool/Tournament.aspx?s=16&alg=24&tournament=554216"
"16","Boonville High School","Softball Fall Season","38","Varsity","9/22","5:00 pm","","Battle","home","https://www.mshsaa.org/MySchool/Schedule.aspx?s=16&alg=38","https://www.mshsaa.org/MySchool/Matchup.aspx?s=16&alg=38&comp=2762835"
"16","Boonville High School","Tennis Girls","49","Varsity","9/22","4:30 pm","","Moberly","home","https://www.mshsaa.org/MySchool/Schedule.aspx?s=16&alg=49","https://www.mshsaa.org/MySchool/Matchup.aspx?s=16&alg=49&comp=2767414"
"16","Boonville High School","Volleyball Girls","57","Varsity","9/22","6:30 pm","","Fatima","away","https://www.mshsaa.org/MySchool/Schedule.aspx?s=16&alg=57","https://www.mshsaa.org/MySchool/Matchup.aspx?s=16&alg=57&comp=2658762"
"582","California High School","Cross Country Boys","11","Varsity","9/22","","","Boonville Meet","tournament","https://www.mshsaa.org/MySchool/Schedule.aspx?s=582&alg=11","https://www.mshsaa.org/MySchool/Tournament.aspx?s=582&alg=11&tournament=592057"
"582","California High School","Golf Girls","24","Varsity","9/22","","","California Girls Invitational Golf Tournament","tournament","https://www.mshsaa.org/MySchool/Schedule.aspx?s=582&alg=24","https://www.mshsaa.org/MySchool/Tournament.aspx?s=582&alg=24&tournament=547323"
"582","California High School","Softball Fall Season","38","Varsity","9/22","5:00 pm","","North Callaway","away","https://www.mshsaa.org/MySchool/Schedule.aspx?s=582&alg=38","https://www.mshsaa.org/MySchool/Matchup.aspx?s=582&alg=38&comp=2618138"
"582","California High School","Volleyball Girls","57","Varsity","9/22","6:00 pm","","Tipton","away","https://www.mshsaa.org/MySchool/Schedule.aspx?s=582&alg=57","https://www.mshsaa.org/MySchool/Matchup.aspx?s=582&alg=57&comp=2618096"
"26","Camdenton High School","Soccer Boys","33","Varsity","9/22","6:30 pm","","Smith-Cotton","home","https://www.mshsaa.org/MySchool/Schedule.aspx?s=26&alg=33","https://www.mshsaa.org/MySchool/Matchup.aspx?s=26&alg=33&comp=2742693"
"26","Camdenton High School","Volleyball Girls","57","Varsity","9/22","7:30 pm","","Hickman","home","https://www.mshsaa.org/MySchool/Schedule.aspx?s=26&alg=57","https://www.mshsaa.org/MySchool/Matchup.aspx?s=26&alg=57&comp=2742765"
"1540","Capital City High School","Soccer Boys","33","Varsity","9/22","6:45 pm","","Battle with Columbia Independent","away","https://www.mshsaa.org/MySchool/Schedule.aspx?s=1540&alg=33","https://www.mshsaa.org/MySchool/Matchup.aspx?s=1540&alg=33&comp=2662533"
"1540","Capital City High School","Tennis Girls","49","Varsity","9/22","2:00 pm","","Fulton","home","https://www.mshsaa.org/MySchool/Schedule.aspx?s=1540&alg=49","https://www.mshsaa.org/MySchool/Matchup.aspx?s=1540&alg=49&comp=2621726"
"53","Centralia High School","Golf Girls","24","Varsity","9/22","","","Lady Bulldog Scramble","tournament","https://www.mshsaa.org/MySchool/Schedule.aspx?s=53&alg=24","https://www.mshsaa.org/MySchool/Tournament.aspx?s=53&alg=24&tournament=552259"
"53","Centralia High School","Softball Fall Season","38","Varsity","9/22","6:30 pm","","Fatima","home","https://www.mshsaa.org/MySchool/Schedule.aspx?s=53&alg=38","https://www.mshsaa.org/MySchool/Matchup.aspx?s=53&alg=38&comp=2655436"
"53","Centralia High School","Volleyball Girls","57","Varsity","9/22","6:00 pm","","Bowling Green","away","https://www.mshsaa.org/MySchool/Schedule.aspx?s=53&alg=57","https://www.mshsaa.org/MySchool/Matchup.aspx?s=53&alg=57&comp=2606180"
"1099","Christian Fellowship","Swimming and Diving Boys","44","Varsity","9/22","","","MMA Tri-Meet","tournament","https://www.mshsaa.org/MySchool/Schedule.aspx?s=1099&alg=44","https://www.mshsaa.org/MySchool/Tournament.aspx?s=1099&alg=44&tournament=594245"
"1099","Christian Fellowship","Volleyball Girls","57","Varsity","9/22","6:00 pm","","Bunceton","home","https://www.mshsaa.org/MySchool/Schedule.aspx?s=1099&alg=57","https://www.mshsaa.org/MySchool/Matchup.aspx?s=1099&alg=57&comp=2734346"
"566","Columbia Independent","Cross Country Boys","11","Varsity","9/22","","","Boonville Invitational","tournament","https://www.mshsaa.org/MySchool/Schedule.aspx?s=566&alg=11","https://www.mshsaa.org/MySchool/Tournament.aspx?s=566&alg=11&tournament=594221"
"566","Columbia Independent","Cross Country Girls","12","Varsity","9/22","","","Boonville Invitational","tournament","https://www.mshsaa.org/MySchool/Schedule.aspx?s=566&alg=12","https://www.mshsaa.org/MySchool/Tournament.aspx?s=566&alg=12&tournament=594227"
"566","Columbia Independent","Golf Girls","24","Varsity","9/22","","","Lady Bulldog Scramble","tournament","https://www.mshsaa.org/MySchool/Schedule.aspx?s=566&alg=24","https://www.mshsaa.org/MySchool/Tournament.aspx?s=566&alg=24&tournament=545841"
"566","Columbia Independent","Soccer Boys","33","Varsity","9/22","6:45 pm","","Capital City","home","https://www.mshsaa.org/MySchool/Schedule.aspx?s=566&alg=33","https://www.mshsaa.org/MySchool/Matchup.aspx?s=566&alg=33&comp=2766225"
"566","Columbia Independent","Swimming and Diving Boys","44","Varsity","9/22","","","MMA Tri-Meet","tournament","https://www.mshsaa.org/MySchool/Schedule.aspx?s=566&alg=44","https://www.mshsaa.org/MySchool/Tournament.aspx?s=566&alg=44&tournament=594245"
"278","Eldon High School","Cross Country Girls","12","Varsity","9/22","","","Boonville Meet","tournament","https://www.mshsaa.org/MySchool/Schedule.aspx?s=278&alg=12","https://www.mshsaa.org/MySchool/Tournament.aspx?s=278&alg=12&tournament=544992"
"278","Eldon High School","Golf Girls","24","Varsity","9/22","4:00 pm","","Sacred Heart","home","https://www.mshsaa.org/MySchool/Schedule.aspx?s=278&alg=24","https://www.mshsaa.org/MySchool/Matchup.aspx?s=278&alg=24&comp=2628656"
"278","Eldon High School","Softball Fall Season","38","Varsity","9/22","5:00 pm","","Jamestown","home","https://www.mshsaa.org/MySchool/Schedule.aspx?s=278&alg=38","https://www.mshsaa.org/MySchool/Matchup.aspx?s=278&alg=38&comp=2628678"
"917","Father Tolton","Cross Country Boys","11","Varsity","9/22","","","Boonville Meet","tournament","https://www.mshsaa.org/MySchool/Schedule.aspx?s=917&alg=11","https://www.mshsaa.org/MySchool/Tournament.aspx?s=917&alg=11&tournament=589897"
"917","Father Tolton","Cross Country Girls","12","Varsity","9/22","","","Boonville Meet","tournament","https://www.mshsaa.org/MySchool/Schedule.aspx?s=917&alg=12","https://www.mshsaa.org/MySchool/Tournament.aspx?s=917&alg=12&tournament=589949"
"917","Father Tolton","Golf Girls","24","Varsity","9/22","","","Kirksville Tournament","tournament","https://www.mshsaa.org/MySchool/Schedule.aspx?s=917&alg=24","https://www.mshsaa.org/MySchool/Tournament.aspx?s=917&alg=24&tournament=592521"
"917","Father Tolton","Soccer Boys","33","Varsity","9/22","6:30 pm","","Kirksville","away","https://www.mshsaa.org/MySchool/Schedule.aspx?s=917&alg=33","https://www.mshsaa.org/MySchool/Matchup.aspx?s=917&alg=33&comp=2686791"
"917","Father Tolton","Volleyball Girls","57","Varsity","9/22","6:30 pm","","Montgomery County","home","https://www.mshsaa.org/MySchool/Schedule.aspx?s=917&alg=57","https://www.mshsaa.org/MySchool/Matchup.aspx?s=917&alg=57&comp=2695472"
"294","Fayette High School","Cross Country Boys","11","Varsity","9/22","","","Boonville Meet","tournament","https://www.mshsaa.org/MySchool/Schedule.aspx?s=294&alg=11","https://www.mshsaa.org/MySchool/Tournament.aspx?s=294&alg=11&tournament=592235"
"294","Fayette High School","Golf Girls","24","Varsity","9/22","","","Lady Bulldog Scramble","tournament","https://www.mshsaa.org/MySchool/Schedule.aspx?s=294&alg=24","https://www.mshsaa.org/MySchool/Tournament.aspx?s=294&alg=24&tournament=572303"
"80","Fulton High School","Golf Girls","24","Varsity","9/22","","","California Girls Invitational Golf Tournament","tournament","https://www.mshsaa.org/MySchool/Schedule.aspx?s=80&alg=24","https://www.mshsaa.org/MySchool/Tournament.aspx?s=80&alg=24&tournament=556055"
"80","Fulton High School","Tennis Girls","49","Varsity","9/22","2:00 pm","","Capital City","away","https://www.mshsaa.org/MySchool/Schedule.aspx?s=80&alg=49","https://www.mshsaa.org/MySchool/Matchup.aspx?s=80&alg=49&comp=2745183"
"302","Glasgow High School","Baseball Fall Season","66","Varsity","9/22","6:30 pm","","New Franklin","away","https://www.mshsaa.org/MySchool/Schedule.aspx?s=302&alg=66","https://www.mshsaa.org/MySchool/Matchup.aspx?s=302&alg=66&comp=2617984"
"302","Glasgow High School","Cross Country Boys","11","Varsity","9/22","","","Boonville Meet","tournament","https://www.mshsaa.org/MySchool/Schedule.aspx?s=302&alg=11","https://www.mshsaa.org/MySchool/Tournament.aspx?s=302&alg=11&tournament=592130"
"302","Glasgow High School","Cross Country Girls","12","Varsity","9/22","","","Boonville Meet","tournament","https://www.mshsaa.org/MySchool/Schedule.aspx?s=302&alg=12","https://www.mshsaa.org/MySchool/Tournament.aspx?s=302&alg=12&tournament=592129"
"302","Glasgow High School","Golf Girls","24","Varsity","9/22","","","Lady Bulldog Scramble","tournament","https://www.mshsaa.org/MySchool/Schedule.aspx?s=302&alg=24","https://www.mshsaa.org/MySchool/Tournament.aspx?s=302&alg=24&tournament=546502"
"302","Glasgow High School","Softball Fall Season","38","Varsity","9/22","5:00 pm","","New Franklin","away","https://www.mshsaa.org/MySchool/Schedule.aspx?s=302&alg=38","https://www.mshsaa.org/MySchool/Matchup.aspx?s=302&alg=38&comp=2617983"
"311","Hallsville High School","Cross Country Boys","11","Varsity","9/22","","","Boonville Meet","tournament","https://www.mshsaa.org/MySchool/Schedule.aspx?s=311&alg=11","https://www.mshsaa.org/MySchool/Tournament.aspx?s=311&alg=11&tournament=592095"
"311","Hallsville High School","Cross Country Girls","12","Varsity","9/22","","","Boonville Meet","tournament","https://www.mshsaa.org/MySchool/Schedule.aspx?s=311&alg=12","https://www.mshsaa.org/MySchool/Tournament.aspx?s=311&alg=12&tournament=592094"
"311","Hallsville High School","Golf Girls","24","Varsity","9/22","","","Lady Bulldog Scramble","tournament","https://www.mshsaa.org/MySchool/Schedule.aspx?s=311&alg=24","https://www.mshsaa.org/MySchool/Tournament.aspx?s=311&alg=24&tournament=543961"
"311","Hallsville High School","Volleyball Girls","57","Varsity","9/22","6:30 pm","","North Callaway","home","https://www.mshsaa.org/MySchool/Schedule.aspx?s=311&alg=57","https://www.mshsaa.org/MySchool/Matchup.aspx?s=311&alg=57&comp=2770704"
"313","Harrisburg High School","Cross Country Boys","11","Varsity","9/22","4:00 pm","","Belle XC Invitational","tournament","https://www.mshsaa.org/MySchool/Schedule.aspx?s=313&alg=11","https://www.mshsaa.org/MySchool/Tournament.aspx?s=313&alg=11&tournament=593481"
"313","Harrisburg High School","Cross Country Girls","12","Varsity","9/22","4:00 pm","","Belle XC Invitational","tournament","https://www.mshsaa.org/MySchool/Schedule.aspx?s=313&alg=12","https://www.mshsaa.org/MySchool/Tournament.aspx?s=313&alg=12&tournament=593480"
"313","Harrisburg High School","Golf Girls","24","Varsity","9/22","9:00 am","","Lady Bulldog Scramble","tournament","https://www.mshsaa.org/MySchool/Schedule.aspx?s=313&alg=24","https://www.mshsaa.org/MySchool/Tournament.aspx?s=313&alg=24&tournament=543827"
"522","Helias High School","Soccer Boys","33","Varsity","9/22","7:00 pm","","Jefferson City","home","https://www.mshsaa.org/MySchool/Schedule.aspx?s=522&alg=33","https://www.mshsaa.org/MySchool/Matchup.aspx?s=522&alg=33&comp=2666703"
"522","Helias High School","Softball Fall Season","38","Varsity","9/22","5:00 pm","","Southern Boone","home","https://www.mshsaa.org/MySchool/Schedule.aspx?s=522&alg=38","https://www.mshsaa.org/MySchool/Matchup.aspx?s=522&alg=38&comp=2707040"
"522","Helias High School","Tennis Girls","49","Varsity","9/22","4:30 pm","","Hickman","home","https://www.mshsaa.org/MySchool/Schedule.aspx?s=522&alg=49","https://www.mshsaa.org/MySchool/Matchup.aspx?s=522&alg=49&comp=2674721"
"522","Helias High School","Volleyball Girls","57","Varsity","9/22","6:30 pm","","Smith-Cotton","home","https://www.mshsaa.org/MySchool/Schedule.aspx?s=522&alg=57","https://www.mshsaa.org/MySchool/Matchup.aspx?s=522&alg=57&comp=2641461"
"85","Hickman High School","Soccer Boys","33","Varsity","9/22","6:45 pm","","Rock Bridge","home","https://www.mshsaa.org/MySchool/Schedule.aspx?s=85&alg=33","https://www.mshsaa.org/MySchool/Matchup.aspx?s=85&alg=33&comp=2675459"
"85","Hickman High School","Softball Fall Season","38","Varsity","9/22","5:00 pm","","Rock Bridge","home","https://www.mshsaa.org/MySchool/Schedule.aspx?s=85&alg=38","https://www.mshsaa.org/MySchool/Matchup.aspx?s=85&alg=38&comp=2744127"
"85","Hickman High School","Tennis Girls","49","Varsity","9/22","4:30 pm","","Helias Catholic","away","https://www.mshsaa.org/MySchool/Schedule.aspx?s=85&alg=49","https://www.mshsaa.org/MySchool/Matchup.aspx?s=85&alg=49&comp=2674546"
"85","Hickman High School","Volleyball Girls","57","Varsity","9/22","7:00 pm","","Camdenton","away","https://www.mshsaa.org/MySchool/Schedule.aspx?s=85&alg=57","https://www.mshsaa.org/MySchool/Matchup.aspx?s=85&alg=57&comp=2744138"
"317","Higbee High School","Cross Country Girls","12","Varsity","9/22","","","Boonville Meet","tournament","https://www.mshsaa.org/MySchool/Schedule.aspx?s=317&alg=12","https://www.mshsaa.org/MySchool/Tournament.aspx?s=317&alg=12&tournament=592058"
"317","Higbee High School","Softball Fall Season","38","Varsity","9/22","5:00 pm","","Pilot Grove","away","https://www.mshsaa.org/MySchool/Schedule.aspx?s=317&alg=38","https://www.mshsaa.org/MySchool/Matchup.aspx?s=317&alg=38&comp=2769894"
"84","Jefferson City High School","Soccer Boys","33","Varsity","9/22","7:00 pm","","Helias Catholic","away","https://www.mshsaa.org/MySchool/Schedule.aspx?s=84&alg=33","https://www.mshsaa.org/MySchool/Matchup.aspx?s=84&alg=33&comp=2660269"
"84","Jefferson City High School","Swimming and Diving Boys","44","Varsity","9/22","5:00 pm","","MMA","tournament","https://www.mshsaa.org/MySchool/Schedule.aspx?s=84&alg=44","https://www.mshsaa.org/MySchool/Tournament.aspx?s=84&alg=44&tournament=593348"
"84","Jefferson City High School","Tennis Girls","49","Varsity","9/22","4:30 pm","","Battle","away","https://www.mshsaa.org/MySchool/Schedule.aspx?s=84&alg=49","https://www.mshsaa.org/MySchool/Matchup.aspx?s=84&alg=49&comp=2752546"
"84","Jefferson City High School","Volleyball Girls","57","Varsity","9/22","7:00 pm","","Battle","home","https://www.mshsaa.org/MySchool/Schedule.aspx?s=84&alg=57","https://www.mshsaa.org/MySchool/Matchup.aspx?s=84&alg=57&comp=2699036"
"360","Marshall High School","Cross Country Boys","11","Varsity","9/22","","","Boonville Meet","tournament","https://www.mshsaa.org/MySchool/Schedule.aspx?s=360&alg=11","https://www.mshsaa.org/MySchool/Tournament.aspx?s=360&alg=11&tournament=563993"
"360","Marshall High School","Cross Country Girls","12","Varsity","9/22","","","Boonville Meet","tournament","https://www.mshsaa.org/MySchool/Schedule.aspx?s=360&alg=12","https://www.mshsaa.org/MySchool/Tournament.aspx?s=360&alg=12&tournament=584471"
"360","Marshall High School","Golf Girls","24","Varsity","9/22","","","California Girls Invitational Golf Tournament","tournament","https://www.mshsaa.org/MySchool/Schedule.aspx?s=360&alg=24","https://www.mshsaa.org/MySchool/Tournament.aspx?s=360&alg=24&tournament=554353"
"360","Marshall High School","Soccer Boys","33","Varsity","9/22","6:30 pm","","Moberly","home","https://www.mshsaa.org/MySchool/Schedule.aspx?s=360&alg=33","https://www.mshsaa.org/MySchool/Matchup.aspx?s=360&alg=33&comp=2718450"
"128","Mexico High School","Golf Girls","24","Varsity","9/22","","","Kirksville Tournament","tournament","https://www.mshsaa.org/MySchool/Schedule.aspx?s=128&alg=24","https://www.mshsaa.org/MySchool/Tournament.aspx?s=128&alg=24&tournament=585783"
"128","Mexico High School","Soccer Boys","33","Varsity","9/22","6:30 pm","","Hannibal","away","https://www.mshsaa.org/MySchool/Schedule.aspx?s=128&alg=33","https://www.mshsaa.org/MySchool/Matchup.aspx?s=128&alg=33&comp=2681839"
"128","Mexico High School","Softball Fall Season","38","Varsity","9/22","5:00 pm","","Moberly","home","https://www.mshsaa.org/MySchool/Schedule.aspx?s=128&alg=38","https://www.mshsaa.org/MySchool/Matchup.aspx?s=128&alg=38&comp=2766978"
"128","Mexico High School","Volleyball Girls","57","Varsity","9/22","6:30 pm","","Kirksville","away","https://www.mshsaa.org/MySchool/Schedule.aspx?s=128&alg=57","https://www.mshsaa.org/MySchool/Matchup.aspx?s=128&alg=57&comp=2652134"
"569","Missouri Military Academy","Cross Country Boys","11","Varsity","9/22","","","Boonville Meet","tournament","https://www.mshsaa.org/MySchool/Schedule.aspx?s=569&alg=11","https://www.mshsaa.org/MySchool/Tournament.aspx?s=569&alg=11&tournament=592070"
"569","Missouri Military Academy","Swimming and Diving Boys","44","Varsity","9/22","4:00 pm","","Hannibal","home","https://www.mshsaa.org/MySchool/Schedule.aspx?s=569&alg=44","https://www.mshsaa.org/MySchool/Matchup.aspx?s=569&alg=44&comp=2692705"
"132","Moberly High School","Soccer Boys","33","Varsity","9/22","6:30 pm","","Marshall","away","https://www.mshsaa.org/MySchool/Schedule.aspx?s=132&alg=33","https://www.mshsaa.org/MySchool/Matchup.aspx?s=132&alg=33&comp=2718484"
"132","Moberly High School","Softball Fall Season","38","Varsity","9/22","5:00 pm","","Mexico","away","https://www.mshsaa.org/MySchool/Schedule.aspx?s=132&alg=38","https://www.mshsaa.org/MySchool/Matchup.aspx?s=132&alg=38&comp=2767186"
"132","Moberly High School","Tennis Girls","49","Varsity","9/22","4:30 pm","","Boonville","away","https://www.mshsaa.org/MySchool/Schedule.aspx?s=132&alg=49","https://www.mshsaa.org/MySchool/Matchup.aspx?s=132&alg=49&comp=2767632"
"139","North Callaway High School","Softball Fall Season","38","Varsity","9/22","5:00 pm","","California","home","https://www.mshsaa.org/MySchool/Schedule.aspx?s=139&alg=38","https://www.mshsaa.org/MySchool/Matchup.aspx?s=139&alg=38&comp=2614156"
"139","North Callaway High School","Volleyball Girls","57","Varsity","9/22","6:30 pm","","Hallsville","away","https://www.mshsaa.org/MySchool/Schedule.aspx?s=139&alg=57","https://www.mshsaa.org/MySchool/Matchup.aspx?s=139&alg=57&comp=2770749"
"152","Osage High School","Golf Girls","24","Varsity","9/22","","","California Girls Invitational Golf Tournament","tournament","https://www.mshsaa.org/MySchool/Schedule.aspx?s=152&alg=24","https://www.mshsaa.org/MySchool/Tournament.aspx?s=152&alg=24&tournament=567310"
"152","Osage High School","Softball Fall Season","38","Varsity","9/22","5:00 pm","","Blair Oaks","home","https://www.mshsaa.org/MySchool/Schedule.aspx?s=152&alg=38","https://www.mshsaa.org/MySchool/Matchup.aspx?s=152&alg=38&comp=2656328"
"152","Osage High School","Tennis Girls","49","Varsity","9/22","4:00 pm","","Lebanon","away","https://www.mshsaa.org/MySchool/Schedule.aspx?s=152&alg=49","https://www.mshsaa.org/MySchool/Matchup.aspx?s=152&alg=49&comp=2697355"
"152","Osage High School","Volleyball Girls","57","Varsity","9/22","7:30 pm","","Southern Boone","away","https://www.mshsaa.org/MySchool/Schedule.aspx?s=152&alg=57","https://www.mshsaa.org/MySchool/Matchup.aspx?s=152&alg=57&comp=2689996"
"578","Rock Bridge High School","Soccer Boys","33","Varsity","9/22","6:45 pm","","Hickman","away","https://www.mshsaa.org/MySchool/Schedule.aspx?s=578&alg=33","https://www.mshsaa.org/MySchool/Matchup.aspx?s=578&alg=33&comp=2774086"
"578","Rock Bridge High School","Softball Fall Season","38","Varsity","9/22","5:00 pm","","Hickman","away","https://www.mshsaa.org/MySchool/Schedule.aspx?s=578&alg=38","https://www.mshsaa.org/MySchool/Matchup.aspx?s=578&alg=38&comp=2766722"
"578","Rock Bridge High School","Tennis Girls","49","Varsity","9/22","8:00 am","","KC Tournament","tournament","https://www.mshsaa.org/MySchool/Schedule.aspx?s=578&alg=49","https://www.mshsaa.org/MySchool/Tournament.aspx?s=578&alg=49&tournament=573148"
"578","Rock Bridge High School","Volleyball Girls","57","Varsity","9/22","7:00 pm","","Marquette","away","https://www.mshsaa.org/MySchool/Schedule.aspx?s=578&alg=57","https://www.mshsaa.org/MySchool/Matchup.aspx?s=578&alg=57&comp=2776040"
"430","Russellville High School","Golf Girls","24","Varsity","9/22","","","California Girls Invitational Golf Tournament","tournament","https://www.mshsaa.org/MySchool/Schedule.aspx?s=430&alg=24","https://www.mshsaa.org/MySchool/Tournament.aspx?s=430&alg=24&tournament=555417"
"430","Russellville High School","Volleyball Girls","57","Varsity","9/22","6:00 pm","","Dixon","home","https://www.mshsaa.org/MySchool/Schedule.aspx?s=430&alg=57","https://www.mshsaa.org/MySchool/Matchup.aspx?s=430&alg=57&comp=2612885"
"431","Salisbury High School","Cross Country Boys","11","Varsity","9/22","","","Boonville Meet","tournament","https://www.mshsaa.org/MySchool/Schedule.aspx?s=431&alg=11","https://www.mshsaa.org/MySchool/Tournament.aspx?s=431&alg=11&tournament=545823"
"431","Salisbury High School","Cross Country Girls","12","Varsity","9/22","","","Boonville Meet","tournament","https://www.mshsaa.org/MySchool/Schedule.aspx?s=431&alg=12","https://www.mshsaa.org/MySchool/Tournament.aspx?s=431&alg=12&tournament=545832"
"431","Salisbury High School","Softball Fall Season","38","Varsity","9/22","5:00 pm","","Schuyler County","home","https://www.mshsaa.org/MySchool/Schedule.aspx?s=431&alg=38","https://www.mshsaa.org/MySchool/Matchup.aspx?s=431&alg=38&comp=2632151"
"194","Smith-Cotton High School","Soccer Boys","33","Varsity","9/22","6:30 pm","","Camdenton","away","https://www.mshsaa.org/MySchool/Schedule.aspx?s=194&alg=33","https://www.mshsaa.org/MySchool/Matchup.aspx?s=194&alg=33&comp=2677007"
"194","Smith-Cotton High School","Volleyball Girls","57","Varsity","9/22","6:30 pm","","Helias Catholic","away","https://www.mshsaa.org/MySchool/Schedule.aspx?s=194&alg=57","https://www.mshsaa.org/MySchool/Matchup.aspx?s=194&alg=57&comp=2642165"
"197","South Callaway High School","Golf Girls","24","Varsity","9/22","","","California Girls Invitational Golf Tournament","tournament","https://www.mshsaa.org/MySchool/Schedule.aspx?s=197&alg=24","https://www.mshsaa.org/MySchool/Tournament.aspx?s=197&alg=24&tournament=573913"
"2","Southern Boone High School","Golf Girls","24","Varsity","9/22","","","Kirksville Tournament","tournament","https://www.mshsaa.org/MySchool/Schedule.aspx?s=2&alg=24","https://www.mshsaa.org/MySchool/Tournament.aspx?s=2&alg=24&tournament=564535"
"2","Southern Boone High School","Softball Fall Season","38","Varsity","9/22","5:00 pm","","Helias Catholic","away","https://www.mshsaa.org/MySchool/Schedule.aspx?s=2&alg=38","https://www.mshsaa.org/MySchool/Matchup.aspx?s=2&alg=38&comp=2726281"
"2","Southern Boone High School","Volleyball Girls","57","Varsity","9/22","7:30 pm","","Osage","home","https://www.mshsaa.org/MySchool/Schedule.aspx?s=2&alg=57","https://www.mshsaa.org/MySchool/Matchup.aspx?s=2&alg=57&comp=2653885"
"474","Tipton High School","Cross Country Boys","11","Varsity","9/22","","","Boonville Meet","tournament","https://www.mshsaa.org/MySchool/Schedule.aspx?s=474&alg=11","https://www.mshsaa.org/MySchool/Tournament.aspx?s=474&alg=11&tournament=592634"
"474","Tipton High School","Cross Country Girls","12","Varsity","9/22","","","Boonville Meet","tournament","https://www.mshsaa.org/MySchool/Schedule.aspx?s=474&alg=12","https://www.mshsaa.org/MySchool/Tournament.aspx?s=474&alg=12&tournament=592273"
"474","Tipton High School","Volleyball Girls","57","Varsity","9/22","7:00 pm","","California","home","https://www.mshsaa.org/MySchool/Schedule.aspx?s=474&alg=57","https://www.mshsaa.org/MySchool/Matchup.aspx?s=474&alg=57&comp=2635298"
"485","Versailles High School","Volleyball Girls","57","Varsity","9/22","7:00 pm","","Warsaw","away","https://www.mshsaa.org/MySchool/Schedule.aspx?s=485&alg=57","https://www.mshsaa.org/MySchool/Matchup.aspx?s=485&alg=57&comp=2643117"
"953","Battle High School","Softball Fall Season","38","Varsity","9/23","5:00 pm","","Helias Catholic","home","https://www.mshsaa.org/MySchool/Schedule.aspx?s=953&alg=38","https://www.mshsaa.org/MySchool/Matchup.aspx?s=953&alg=38&comp=2762402"
"217","Blair Oaks High School","Golf Girls","24","Varsity","9/23","4:00 pm","","Blair Oaks Tri","tournament","https://www.mshsaa.org/MySchool/Schedule.aspx?s=217&alg=24","https://www.mshsaa.org/MySchool/Tournament.aspx?s=217&alg=24&tournament=581389"
"217","Blair Oaks High School","Volleyball Girls","57","Varsity","9/23","7:30 pm","","Jefferson City","away","https://www.mshsaa.org/MySchool/Schedule.aspx?s=217&alg=57","https://www.mshsaa.org/MySchool/Matchup.aspx?s=217&alg=57&comp=2679584"
"582","California High School","Golf Girls","24","Varsity","9/23","","","California/Camdenton/Lebanon Tri","tournament","https://www.mshsaa.org/MySchool/Schedule.aspx?s=582&alg=24","https://www.mshsaa.org/MySchool/Tournament.aspx?s=582&alg=24&tournament=570361"
"26","Camdenton High School","Golf Girls","24","Varsity","9/23","","","California/Camdenton/Lebanon Tri","tournament","https://www.mshsaa.org/MySchool/Schedule.aspx?s=26&alg=24","https://www.mshsaa.org/MySchool/Tournament.aspx?s=26&alg=24&tournament=568364"
"26","Camdenton High School","Softball Fall Season","38","Varsity","9/23","4:30 pm","","Kickapoo","home","https://www.mshsaa.org/MySchool/Schedule.aspx?s=26&alg=38","https://www.mshsaa.org/MySchool/Matchup.aspx?s=26&alg=38&comp=2650268"
"1540","Capital City High School","Softball Fall Season","38","Varsity","9/23","5:00 pm","","Bowling Green","home","https://www.mshsaa.org/MySchool/Schedule.aspx?s=1540&alg=38","https://www.mshsaa.org/MySchool/Matchup.aspx?s=1540&alg=38&comp=2623143"
"53","Centralia High School","Golf Girls","24","Varsity","9/23","","","Salisbury Invitational","tournament","https://www.mshsaa.org/MySchool/Schedule.aspx?s=53&alg=24","https://www.mshsaa.org/MySchool/Tournament.aspx?s=53&alg=24&tournament=552260"
"566","Columbia Independent","Golf Girls","24","Varsity","9/23","","","Salisbury Invitational","tournament","https://www.mshsaa.org/MySchool/Schedule.aspx?s=566&alg=24","https://www.mshsaa.org/MySchool/Tournament.aspx?s=566&alg=24&tournament=585493"
"566","Columbia Independent","Tennis Girls","49","Varsity","9/23","4:30 pm","","Mexico","home","https://www.mshsaa.org/MySchool/Schedule.aspx?s=566&alg=49","https://www.mshsaa.org/MySchool/Matchup.aspx?s=566&alg=49&comp=2766276"
"278","Eldon High School","Volleyball Girls","57","Varsity","9/23","7:15 pm","","Father Tolton","home","https://www.mshsaa.org/MySchool/Schedule.aspx?s=278&alg=57","https://www.mshsaa.org/MySchool/Matchup.aspx?s=278&alg=57&comp=2623026"
"917","Father Tolton","Golf Girls","24","Varsity","9/23","","","Salisbury Invitational","tournament","https://www.mshsaa.org/MySchool/Schedule.aspx?s=917&alg=24","https://www.mshsaa.org/MySchool/Tournament.aspx?s=917&alg=24&tournament=589386"
"917","Father Tolton","Softball Fall Season","38","Varsity","9/23","5:00 pm","","Smith-Cotton","away","https://www.mshsaa.org/MySchool/Schedule.aspx?s=917&alg=38","https://www.mshsaa.org/MySchool/Matchup.aspx?s=917&alg=38&comp=2679870"
"917","Father Tolton","Tennis Girls","49","Varsity","9/23","4:00 pm","","Palmyra","away","https://www.mshsaa.org/MySchool/Schedule.aspx?s=917&alg=49","https://www.mshsaa.org/MySchool/Matchup.aspx?s=917&alg=49&comp=2765832"
"917","Father Tolton","Volleyball Girls","57","Varsity","9/23","7:15 pm","","Eldon","away","https://www.mshsaa.org/MySchool/Schedule.aspx?s=917&alg=57","https://www.mshsaa.org/MySchool/Matchup.aspx?s=917&alg=57&comp=2713683"
"80","Fulton High School","Softball Fall Season","38","Varsity","9/23","4:30 pm","","Warrenton","away","https://www.mshsaa.org/MySchool/Schedule.aspx?s=80&alg=38","https://www.mshsaa.org/MySchool/Matchup.aspx?s=80&alg=38&comp=2663131"
"80","Fulton High School","Volleyball Girls","57","Varsity","9/23","6:30 pm","","New Bloomfield","away","https://www.mshsaa.org/MySchool/Schedule.aspx?s=80&alg=57","https://www.mshsaa.org/MySchool/Matchup.aspx?s=80&alg=57&comp=2642116"
"302","Glasgow High School","Golf Girls","24","Varsity","9/23","","","Salisbury Invitational","tournament","https://www.mshsaa.org/MySchool/Schedule.aspx?s=302&alg=24","https://www.mshsaa.org/MySchool/Tournament.aspx?s=302&alg=24&tournament=585178"
"311","Hallsville High School","Golf Girls","24","Varsity","9/23","","","Blair Oaks Tri","tournament","https://www.mshsaa.org/MySchool/Schedule.aspx?s=311&alg=24","https://www.mshsaa.org/MySchool/Tournament.aspx?s=311&alg=24&tournament=581717"
"311","Hallsville High School","Volleyball Girls","57","Varsity","9/23","6:00 pm","","Smith-Cotton","away","https://www.mshsaa.org/MySchool/Schedule.aspx?s=311&alg=57","https://www.mshsaa.org/MySchool/Matchup.aspx?s=311&alg=57&comp=2644223"
"313","Harrisburg High School","Golf Girls","24","Varsity","9/23","4:00 pm","","Eugene Quad","tournament","https://www.mshsaa.org/MySchool/Schedule.aspx?s=313&alg=24","https://www.mshsaa.org/MySchool/Tournament.aspx?s=313&alg=24&tournament=543828"
"313","Harrisburg High School","Golf Girls","24","Varsity","⤷ 9/23","TBD","","Eugene","tournament","https://www.mshsaa.org/MySchool/Schedule.aspx?s=313&alg=24","https://www.mshsaa.org/MySchool/Matchup.aspx?s=313&alg=24&comp=2649904"
"313","Harrisburg High School","Golf Girls","24","Varsity","⤷ 9/23","TBD","","Harrisburg","tournament","https://www.mshsaa.org/MySchool/Schedule.aspx?s=313&alg=24","https://www.mshsaa.org/MySchool/Matchup.aspx?s=313&alg=24&comp=2649905"
"313","Harrisburg High School","Softball Fall Season","38","Varsity","9/23","5:00 pm","","New Bloomfield","home","https://www.mshsaa.org/MySchool/Schedule.aspx?s=313&alg=38","https://www.mshsaa.org/MySchool/Matchup.aspx?s=313&alg=38&comp=2707573"
"522","Helias High School","Softball Fall Season","38","Varsity","9/23","5:00 pm","","Battle","away","https://www.mshsaa.org/MySchool/Schedule.aspx?s=522&alg=38","https://www.mshsaa.org/MySchool/Matchup.aspx?s=522&alg=38&comp=2681340"
"522","Helias High School","Tennis Girls","49","Varsity","9/23","4:30 pm","","Smith-Cotton","home","https://www.mshsaa.org/MySchool/Schedule.aspx?s=522&alg=49","https://www.mshsaa.org/MySchool/Matchup.aspx?s=522&alg=49&comp=2627973"
"85","Hickman High School","Softball Fall Season","38","Varsity","9/23","4:15 pm","","Holt","away","https://www.mshsaa.org/MySchool/Schedule.aspx?s=85&alg=38","https://www.mshsaa.org/MySchool/Matchup.aspx?s=85&alg=38&comp=2744132"
"317","Higbee High School","Softball Fall Season","38","Varsity","9/23","5:30 pm","","Brunswick with Keytesville, Northwestern (Mendon)","away","https://www.mshsaa.org/MySchool/Schedule.aspx?s=317&alg=38","https://www.mshsaa.org/MySchool/Matchup.aspx?s=317&alg=38&comp=2626906"
"84","Jefferson City High School","Golf Girls","24","Varsity","9/23","4:00 pm","","Eugene Quad","tournament","https://www.mshsaa.org/MySchool/Schedule.aspx?s=84&alg=24","https://www.mshsaa.org/MySchool/Tournament.aspx?s=84&alg=24&tournament=576806"
"84","Jefferson City High School","Softball Fall Season","38","Varsity","9/23","5:30 pm","","Rock Bridge","away","https://www.mshsaa.org/MySchool/Schedule.aspx?s=84&alg=38","https://www.mshsaa.org/MySchool/Matchup.aspx?s=84&alg=38&comp=2780521"
"84","Jefferson City High School","Tennis Girls","49","Varsity","9/23","4:00 pm","","Rolla","home","https://www.mshsaa.org/MySchool/Schedule.aspx?s=84&alg=49","https://www.mshsaa.org/MySchool/Matchup.aspx?s=84&alg=49&comp=2757161"
"84","Jefferson City High School","Volleyball Girls","57","Varsity","9/23","7:00 pm","","Blair Oaks","home","https://www.mshsaa.org/MySchool/Schedule.aspx?s=84&alg=57","https://www.mshsaa.org/MySchool/Matchup.aspx?s=84&alg=57&comp=2653577"
"360","Marshall High School","Tennis Girls","49","Varsity","9/23","TBD","","Warrensburg","away","https://www.mshsaa.org/MySchool/Schedule.aspx?s=360&alg=49","https://www.mshsaa.org/MySchool/Matchup.aspx?s=360&alg=49&comp=2661602"
"360","Marshall High School","Volleyball Girls","57","Varsity","9/23","6:15 pm","","Concordia","away","https://www.mshsaa.org/MySchool/Schedule.aspx?s=360&alg=57","https://www.mshsaa.org/MySchool/Matchup.aspx?s=360&alg=57&comp=2634685"
"128","Mexico High School","Soccer Boys","33","Varsity","9/23-26","","","Warrior Classic Soccer Tournament","tournament","https://www.mshsaa.org/MySchool/Schedule.aspx?s=128&alg=33","https://www.mshsaa.org/MySchool/Tournament.aspx?s=128&alg=33&tournament=553015"
"128","Mexico High School","Tennis Girls","49","Varsity","9/23","4:30 pm","","Columbia Independent","away","https://www.mshsaa.org/MySchool/Schedule.aspx?s=128&alg=49","https://www.mshsaa.org/MySchool/Matchup.aspx?s=128&alg=49&comp=2758454"
"132","Moberly High School","Tennis Girls","49","Varsity","9/23","4:00 pm","","Osage","away","https://www.mshsaa.org/MySchool/Schedule.aspx?s=132&alg=49","https://www.mshsaa.org/MySchool/Matchup.aspx?s=132&alg=49&comp=2793013"
"152","Osage High School","Golf Girls","24","Varsity","9/23","","","Blair Oaks Quad","tournament","https://www.mshsaa.org/MySchool/Schedule.aspx?s=152&alg=24","https://www.mshsaa.org/MySchool/Tournament.aspx?s=152&alg=24&tournament=581396"
"152","Osage High School","Golf Girls","24","Varsity","⤷ 9/23","TBD","","Russellville","tournament","https://www.mshsaa.org/MySchool/Schedule.aspx?s=152&alg=24","https://www.mshsaa.org/MySchool/Matchup.aspx?s=152&alg=24&comp=2750145"
"152","Osage High School","Golf Girls","24","Varsity","⤷ 9/23","TBD","","Hallsville","tournament","https://www.mshsaa.org/MySchool/Schedule.aspx?s=152&alg=24","https://www.mshsaa.org/MySchool/Matchup.aspx?s=152&alg=24&comp=2750146"
"152","Osage High School","Tennis Girls","49","Varsity","9/23","4:00 pm","","Moberly","home","https://www.mshsaa.org/MySchool/Schedule.aspx?s=152&alg=49","https://www.mshsaa.org/MySchool/Matchup.aspx?s=152&alg=49&comp=2792974"
"578","Rock Bridge High School","Golf Girls","24","Varsity","9/23","3:00 pm","","Smith-Cotton","home","https://www.mshsaa.org/MySchool/Schedule.aspx?s=578&alg=24","https://www.mshsaa.org/MySchool/Matchup.aspx?s=578&alg=24&comp=2753454"
"578","Rock Bridge High School","Softball Fall Season","38","Varsity","9/23","5:30 pm","","Jefferson City","home","https://www.mshsaa.org/MySchool/Schedule.aspx?s=578&alg=38","https://www.mshsaa.org/MySchool/Matchup.aspx?s=578&alg=38&comp=2780464"
"430","Russellville High School","Golf Girls","24","Varsity","9/23","","","Blair Oaks Tri","tournament","https://www.mshsaa.org/MySchool/Schedule.aspx?s=430&alg=24","https://www.mshsaa.org/MySchool/Tournament.aspx?s=430&alg=24&tournament=581414"
"431","Salisbury High School","Golf Girls","24","Varsity","9/23","","","Salisbury Invitational","tournament","https://www.mshsaa.org/MySchool/Schedule.aspx?s=431&alg=24","https://www.mshsaa.org/MySchool/Tournament.aspx?s=431&alg=24&tournament=545816"
"194","Smith-Cotton High School","Golf Girls","24","Varsity","9/23","3:00 pm","","Rock Bridge","away","https://www.mshsaa.org/MySchool/Schedule.aspx?s=194&alg=24","https://www.mshsaa.org/MySchool/Matchup.aspx?s=194&alg=24&comp=2760908"
"194","Smith-Cotton High School","Softball Fall Season","38","Varsity","9/23","5:00 pm","","Father Tolton","home","https://www.mshsaa.org/MySchool/Schedule.aspx?s=194&alg=38","https://www.mshsaa.org/MySchool/Matchup.aspx?s=194&alg=38&comp=2657348"
"194","Smith-Cotton High School","Tennis Girls","49","Varsity","9/23","4:30 pm","","Helias Catholic","away","https://www.mshsaa.org/MySchool/Schedule.aspx?s=194&alg=49","https://www.mshsaa.org/MySchool/Matchup.aspx?s=194&alg=49&comp=2628179"
"194","Smith-Cotton High School","Volleyball Girls","57","Varsity","9/23","6:00 pm","","Hallsville","home","https://www.mshsaa.org/MySchool/Schedule.aspx?s=194&alg=57","https://www.mshsaa.org/MySchool/Matchup.aspx?s=194&alg=57&comp=2643403"
"197","South Callaway High School","Softball Fall Season","38","Varsity","9/23","5:00 pm","","Tuscumbia","home","https://www.mshsaa.org/MySchool/Schedule.aspx?s=197&alg=38","https://www.mshsaa.org/MySchool/Matchup.aspx?s=197&alg=38&comp=2726725"
"2","Southern Boone High School","Softball Fall Season","38","Varsity","9/23","5:00 pm","","Kirksville","away","https://www.mshsaa.org/MySchool/Schedule.aspx?s=2&alg=38","https://www.mshsaa.org/MySchool/Matchup.aspx?s=2&alg=38&comp=2778335"
"953","Battle High School","Golf Girls","24","Varsity","9/24","","","Rock Bridge, Jefferson City, Hickman, Battle","tournament","https://www.mshsaa.org/MySchool/Schedule.aspx?s=953&alg=24","https://www.mshsaa.org/MySchool/Tournament.aspx?s=953&alg=24&tournament=589043"
"953","Battle High School","Soccer Boys","33","Varsity","9/24-26","","","Richard Wilson Shootout","tournament","https://www.mshsaa.org/MySchool/Schedule.aspx?s=953&alg=33","https://www.mshsaa.org/MySchool/Tournament.aspx?s=953&alg=33&tournament=589051"
"953","Battle High School","Tennis Girls","49","Varsity","9/24","4:30 pm","","Rolla","home","https://www.mshsaa.org/MySchool/Schedule.aspx?s=953&alg=49","https://www.mshsaa.org/MySchool/Matchup.aspx?s=953&alg=49&comp=2583038"
"953","Battle High School","Volleyball Girls","57","Varsity","9/24","7:00 pm","","Hickman","home","https://www.mshsaa.org/MySchool/Schedule.aspx?s=953&alg=57","https://www.mshsaa.org/MySchool/Matchup.aspx?s=953&alg=57&comp=2762759"
"217","Blair Oaks High School","Softball Fall Season","38","Varsity","9/24","5:00 pm","","Fatima","home","https://www.mshsaa.org/MySchool/Schedule.aspx?s=217&alg=38","https://www.mshsaa.org/MySchool/Matchup.aspx?s=217&alg=38&comp=2632326"
"217","Blair Oaks High School","Volleyball Girls","57","Varsity","9/24","6:30 pm","","Hallsville","away","https://www.mshsaa.org/MySchool/Schedule.aspx?s=217&alg=57","https://www.mshsaa.org/MySchool/Matchup.aspx?s=217&alg=57&comp=2632341"
"16","Boonville High School","Soccer Boys","33","Varsity","9/24","5:00 pm","","Fatima","home","https://www.mshsaa.org/MySchool/Schedule.aspx?s=16&alg=33","https://www.mshsaa.org/MySchool/Matchup.aspx?s=16&alg=33&comp=2702124"
"16","Boonville High School","Tennis Girls","49","Varsity","9/24","4:00 pm","","Mexico","away","https://www.mshsaa.org/MySchool/Schedule.aspx?s=16&alg=49","https://www.mshsaa.org/MySchool/Matchup.aspx?s=16&alg=49&comp=2758676"
"16","Boonville High School","Volleyball Girls","57","Varsity","9/24","6:30 pm","","St. Paul Lutheran (Concordia)","away","https://www.mshsaa.org/MySchool/Schedule.aspx?s=16&alg=57","https://www.mshsaa.org/MySchool/Matchup.aspx?s=16&alg=57&comp=2630730"
"582","California High School","Golf Girls","24","Varsity","9/24","4:00 pm","","Southern Boone","home","https://www.mshsaa.org/MySchool/Schedule.aspx?s=582&alg=24","https://www.mshsaa.org/MySchool/Matchup.aspx?s=582&alg=24&comp=2639044"
"582","California High School","Softball Fall Season","38","Varsity","9/24-26","","","California Turf War","tournament","https://www.mshsaa.org/MySchool/Schedule.aspx?s=582&alg=38","https://www.mshsaa.org/MySchool/Tournament.aspx?s=582&alg=38&tournament=542707"
"582","California High School","Volleyball Girls","57","Varsity","9/24","7:00 pm","","Helias Catholic","home","https://www.mshsaa.org/MySchool/Schedule.aspx?s=582&alg=57","https://www.mshsaa.org/MySchool/Matchup.aspx?s=582&alg=57&comp=2643075"
"26","Camdenton High School","Softball Fall Season","38","Varsity","9/24","4:30 pm","","Jefferson City","away","https://www.mshsaa.org/MySchool/Schedule.aspx?s=26&alg=38","https://www.mshsaa.org/MySchool/Matchup.aspx?s=26&alg=38&comp=2650269"
"26","Camdenton High School","Tennis Girls","49","Varsity","9/24","4:00 pm","","Bolivar","away","https://www.mshsaa.org/MySchool/Schedule.aspx?s=26&alg=49","https://www.mshsaa.org/MySchool/Matchup.aspx?s=26&alg=49&comp=2742713"
"26","Camdenton High School","Volleyball Girls","57","Varsity","9/24","6:00 pm","","Eldon","home","https://www.mshsaa.org/MySchool/Schedule.aspx?s=26&alg=57","https://www.mshsaa.org/MySchool/Matchup.aspx?s=26&alg=57&comp=2785292"
"1540","Capital City High School","Golf Girls","24","Varsity","9/24","","","Smith-Cotton Quad","tournament","https://www.mshsaa.org/MySchool/Schedule.aspx?s=1540&alg=24","https://www.mshsaa.org/MySchool/Tournament.aspx?s=1540&alg=24&tournament=563807"
"1540","Capital City High School","Soccer Boys","33","Varsity","9/24","6:30 pm","","Marshall","away","https://www.mshsaa.org/MySchool/Schedule.aspx?s=1540&alg=33","https://www.mshsaa.org/MySchool/Matchup.aspx?s=1540&alg=33&comp=2668452"
"1540","Capital City High School","Softball Fall Season","38","Varsity","9/24","5:00 pm","","Smith-Cotton","home","https://www.mshsaa.org/MySchool/Schedule.aspx?s=1540&alg=38","https://www.mshsaa.org/MySchool/Matchup.aspx?s=1540&alg=38&comp=2623144"
"1540","Capital City High School","Volleyball Girls","57","Varsity","9/24","7:00 pm","","Rock Bridge","home","https://www.mshsaa.org/MySchool/Schedule.aspx?s=1540&alg=57","https://www.mshsaa.org/MySchool/Matchup.aspx?s=1540&alg=57&comp=2641600"
"53","Centralia High School","Golf Girls","24","Varsity","9/24","","","Troy Buchanan Golf Invitational","tournament","https://www.mshsaa.org/MySchool/Schedule.aspx?s=53&alg=24","https://www.mshsaa.org/MySchool/Tournament.aspx?s=53&alg=24&tournament=552261"
"53","Centralia High School","Volleyball Girls","57","Varsity","9/24","7:00 pm","","Linn","away","https://www.mshsaa.org/MySchool/Schedule.aspx?s=53&alg=57","https://www.mshsaa.org/MySchool/Matchup.aspx?s=53&alg=57&comp=2645035"
"1099","Christian Fellowship","Softball Fall Season","38","Varsity","9/24","5:30 pm","","Southern Boone","away","https://www.mshsaa.org/MySchool/Schedule.aspx?s=1099&alg=38","https://www.mshsaa.org/MySchool/Matchup.aspx?s=1099&alg=38&comp=2656960"
"1099","Christian Fellowship","Volleyball Girls","57","Varsity","9/24","6:30 pm","","Eugene","home","https://www.mshsaa.org/MySchool/Schedule.aspx?s=1099&alg=57","https://www.mshsaa.org/MySchool/Matchup.aspx?s=1099&alg=57&comp=2654221"
"566","Columbia Independent","Soccer Boys","33","Varsity","9/24-26","","","Richard Wilson Shootout","tournament","https://www.mshsaa.org/MySchool/Schedule.aspx?s=566&alg=33","https://www.mshsaa.org/MySchool/Tournament.aspx?s=566&alg=33&tournament=589051"
"566","Columbia Independent","Tennis Girls","49","Varsity","9/24","4:30 pm","","Osage","home","https://www.mshsaa.org/MySchool/Schedule.aspx?s=566&alg=49","https://www.mshsaa.org/MySchool/Matchup.aspx?s=566&alg=49&comp=2723435"
"566","Columbia Independent","Volleyball Girls","57","Varsity","9/24","6:00 pm","","Bunceton","away","https://www.mshsaa.org/MySchool/Schedule.aspx?s=566&alg=57","https://www.mshsaa.org/MySchool/Matchup.aspx?s=566&alg=57&comp=2723420"
"278","Eldon High School","Golf Girls","24","Varsity","9/24","4:00 pm","","Versailles","home","https://www.mshsaa.org/MySchool/Schedule.aspx?s=278&alg=24","https://www.mshsaa.org/MySchool/Matchup.aspx?s=278&alg=24&comp=2628657"
"278","Eldon High School","Softball Fall Season","38","Varsity","9/24-26","","","California Turf War","tournament","https://www.mshsaa.org/MySchool/Schedule.aspx?s=278&alg=38","https://www.mshsaa.org/MySchool/Tournament.aspx?s=278&alg=38&tournament=553110"
"278","Eldon High School","Volleyball Girls","57","Varsity","9/24","6:00 pm","","Camdenton","away","https://www.mshsaa.org/MySchool/Schedule.aspx?s=278&alg=57","https://www.mshsaa.org/MySchool/Matchup.aspx?s=278&alg=57&comp=2784699"
"917","Father Tolton","Soccer Boys","33","Varsity","9/24","6:30 pm","","St. Francis Borgia","away","https://www.mshsaa.org/MySchool/Schedule.aspx?s=917&alg=33","https://www.mshsaa.org/MySchool/Matchup.aspx?s=917&alg=33&comp=2665265"
"917","Father Tolton","Tennis Girls","49","Varsity","9/24","1:00 pm","","Moberly","home","https://www.mshsaa.org/MySchool/Schedule.aspx?s=917&alg=49","https://www.mshsaa.org/MySchool/Matchup.aspx?s=917&alg=49&comp=2767634"
"294","Fayette High School","Golf Girls","24","Varsity","9/24","","","Harrisburg Quad","tournament","https://www.mshsaa.org/MySchool/Schedule.aspx?s=294&alg=24","https://www.mshsaa.org/MySchool/Tournament.aspx?s=294&alg=24&tournament=572304"
"294","Fayette High School","Softball Fall Season","38","Varsity","9/24","5:00 pm","","Russellville","away","https://www.mshsaa.org/MySchool/Schedule.aspx?s=294&alg=38","https://www.mshsaa.org/MySchool/Matchup.aspx?s=294&alg=38&comp=2634416"
"80","Fulton High School","Soccer Boys","33","Varsity","9/24","5:00 pm","","Crocker","away","https://www.mshsaa.org/MySchool/Schedule.aspx?s=80&alg=33","https://www.mshsaa.org/MySchool/Matchup.aspx?s=80&alg=33&comp=2664017"
"80","Fulton High School","Softball Fall Season","38","Varsity","9/24-26","","","California Turf War","tournament","https://www.mshsaa.org/MySchool/Schedule.aspx?s=80&alg=38","https://www.mshsaa.org/MySchool/Tournament.aspx?s=80&alg=38&tournament=545391"
"80","Fulton High School","Tennis Girls","49","Varsity","9/24","4:00 pm","","Kirksville","home","https://www.mshsaa.org/MySchool/Schedule.aspx?s=80&alg=49","https://www.mshsaa.org/MySchool/Matchup.aspx?s=80&alg=49&comp=2745184"
"80","Fulton High School","Volleyball Girls","57","Varsity","9/24","7:30 pm","","Southern Boone","away","https://www.mshsaa.org/MySchool/Schedule.aspx?s=80&alg=57","https://www.mshsaa.org/MySchool/Matchup.aspx?s=80&alg=57&comp=2642117"
"302","Glasgow High School","Cross Country Boys","11","Varsity","9/24","","","Chillicothe High School Invitational Meet","tournament","https://www.mshsaa.org/MySchool/Schedule.aspx?s=302&alg=11","https://www.mshsaa.org/MySchool/Tournament.aspx?s=302&alg=11&tournament=595719"
"302","Glasgow High School","Cross Country Girls","12","Varsity","9/24","","","Chillicothe Invitational","tournament","https://www.mshsaa.org/MySchool/Schedule.aspx?s=302&alg=12","https://www.mshsaa.org/MySchool/Tournament.aspx?s=302&alg=12&tournament=595720"
"302","Glasgow High School","Softball Fall Season","38","Varsity","9/24","5:00 pm","","Norborne with Hardin-Central","home","https://www.mshsaa.org/MySchool/Schedule.aspx?s=302&alg=38","https://www.mshsaa.org/MySchool/Matchup.aspx?s=302&alg=38&comp=2737355"
"311","Hallsville High School","Softball Fall Season","38","Varsity","9/24","5:30 pm","","Southern Boone","away","https://www.mshsaa.org/MySchool/Schedule.aspx?s=311&alg=38","https://www.mshsaa.org/MySchool/Matchup.aspx?s=311&alg=38&comp=2656960"
"311","Hallsville High School","Volleyball Girls","57","Varsity","9/24","6:30 pm","","Blair Oaks","home","https://www.mshsaa.org/MySchool/Schedule.aspx?s=311&alg=57","https://www.mshsaa.org/MySchool/Matchup.aspx?s=311&alg=57&comp=2638636"
"313","Harrisburg High School","Golf Girls","24","Varsity","9/24","4:00 pm","","Harrisburg Quad","tournament","https://www.mshsaa.org/MySchool/Schedule.aspx?s=313&alg=24","https://www.mshsaa.org/MySchool/Tournament.aspx?s=313&alg=24&tournament=543829"
"313","Harrisburg High School","Softball Fall Season","38","Varsity","9/24","5:00 pm","","South Shelby","home","https://www.mshsaa.org/MySchool/Schedule.aspx?s=313&alg=38","https://www.mshsaa.org/MySchool/Matchup.aspx?s=313&alg=38&comp=2707559"
"522","Helias High School","Soccer Boys","33","Varsity","9/24-25","","","Richard Wilson Shootout","tournament","https://www.mshsaa.org/MySchool/Schedule.aspx?s=522&alg=33","https://www.mshsaa.org/MySchool/Tournament.aspx?s=522&alg=33&tournament=582289"
"522","Helias High School","Soccer Boys","33","Varsity","⤷ 9/24","TBD","","Southern Boone","tournament","https://www.mshsaa.org/MySchool/Schedule.aspx?s=522&alg=33","https://www.mshsaa.org/MySchool/Matchup.aspx?s=522&alg=33&comp=2784294"
"522","Helias High School","Tennis Girls","49","Varsity","9/24","4:30 pm","","Rock Bridge","away","https://www.mshsaa.org/MySchool/Schedule.aspx?s=522&alg=49","https://www.mshsaa.org/MySchool/Matchup.aspx?s=522&alg=49&comp=2627988"
"522","Helias High School","Volleyball Girls","57","Varsity","9/24","7:00 pm","","California","away","https://www.mshsaa.org/MySchool/Schedule.aspx?s=522&alg=57","https://www.mshsaa.org/MySchool/Matchup.aspx?s=522&alg=57&comp=2643758"
"85","Hickman High School","Golf Girls","24","Varsity","9/24","","","Rock Bridge, Jefferson City, Hickman, Battle","tournament","https://www.mshsaa.org/MySchool/Schedule.aspx?s=85&alg=24","https://www.mshsaa.org/MySchool/Tournament.aspx?s=85&alg=24&tournament=582986"
"85","Hickman High School","Volleyball Girls","57","Varsity","9/24","7:00 pm","","Battle","away","https://www.mshsaa.org/MySchool/Schedule.aspx?s=85&alg=57","https://www.mshsaa.org/MySchool/Matchup.aspx?s=85&alg=57&comp=2744141"
"317","Higbee High School","Baseball Fall Season","66","Varsity","9/24","5:00 pm","","Prairie Home with Bunceton","away","https://www.mshsaa.org/MySchool/Schedule.aspx?s=317&alg=66","https://www.mshsaa.org/MySchool/Matchup.aspx?s=317&alg=66&comp=2626886"
"84","Jefferson City High School","Golf Girls","24","Varsity","9/24","2:00 pm","","Rock Bridge, Jefferson City, Hickman, Battle","tournament","https://www.mshsaa.org/MySchool/Schedule.aspx?s=84&alg=24","https://www.mshsaa.org/MySchool/Tournament.aspx?s=84&alg=24&tournament=576807"
"84","Jefferson City High School","Softball Fall Season","38","Varsity","9/24","4:30 pm","","Camdenton","home","https://www.mshsaa.org/MySchool/Schedule.aspx?s=84&alg=38","https://www.mshsaa.org/MySchool/Matchup.aspx?s=84&alg=38&comp=2639945"
"360","Marshall High School","Golf Girls","24","Varsity","9/24","4:00 pm","","Sacred Heart","home","https://www.mshsaa.org/MySchool/Schedule.aspx?s=360&alg=24","https://www.mshsaa.org/MySchool/Matchup.aspx?s=360&alg=24&comp=2656775"
"360","Marshall High School","Soccer Boys","33","Varsity","9/24","6:30 pm","","Capital City","home","https://www.mshsaa.org/MySchool/Schedule.aspx?s=360&alg=33","https://www.mshsaa.org/MySchool/Matchup.aspx?s=360&alg=33&comp=2668427"
"128","Mexico High School","Softball Fall Season","38","Varsity","9/24","5:00 pm","","Lutheran St. Charles with Veritas Christian Academy","home","https://www.mshsaa.org/MySchool/Schedule.aspx?s=128&alg=38","https://www.mshsaa.org/MySchool/Matchup.aspx?s=128&alg=38&comp=2764272"
"128","Mexico High School","Tennis Girls","49","Varsity","9/24","4:00 pm","","Boonville","home","https://www.mshsaa.org/MySchool/Schedule.aspx?s=128&alg=49","https://www.mshsaa.org/MySchool/Matchup.aspx?s=128&alg=49&comp=2758455"
"128","Mexico High School","Volleyball Girls","57","Varsity","9/24","6:00 pm","","Bowling Green","home","https://www.mshsaa.org/MySchool/Schedule.aspx?s=128&alg=57","https://www.mshsaa.org/MySchool/Matchup.aspx?s=128&alg=57&comp=2633195"
"132","Moberly High School","Cross Country Boys","11","Varsity","9/24","","","Chillicothe High School Invitational Meet","tournament","https://www.mshsaa.org/MySchool/Schedule.aspx?s=132&alg=11","https://www.mshsaa.org/MySchool/Tournament.aspx?s=132&alg=11&tournament=584821"
"132","Moberly High School","Cross Country Girls","12","Varsity","9/24","","","Chillicothe Invitational","tournament","https://www.mshsaa.org/MySchool/Schedule.aspx?s=132&alg=12","https://www.mshsaa.org/MySchool/Tournament.aspx?s=132&alg=12&tournament=585352"
"132","Moberly High School","Golf Girls","24","Varsity","9/24","","","Chillicothe Invitational","tournament","https://www.mshsaa.org/MySchool/Schedule.aspx?s=132&alg=24","https://www.mshsaa.org/MySchool/Tournament.aspx?s=132&alg=24&tournament=589699"
"132","Moberly High School","Softball Fall Season","38","Varsity","9/24","5:00 pm","","Kirksville","home","https://www.mshsaa.org/MySchool/Schedule.aspx?s=132&alg=38","https://www.mshsaa.org/MySchool/Matchup.aspx?s=132&alg=38&comp=2671685"
"132","Moberly High School","Tennis Girls","49","Varsity","9/24","1:00 pm","","Father Tolton","away","https://www.mshsaa.org/MySchool/Schedule.aspx?s=132&alg=49","https://www.mshsaa.org/MySchool/Matchup.aspx?s=132&alg=49&comp=2768075"
"139","North Callaway High School","Softball Fall Season","38","Varsity","9/24","5:00 pm","","Montgomery County","home","https://www.mshsaa.org/MySchool/Schedule.aspx?s=139&alg=38","https://www.mshsaa.org/MySchool/Matchup.aspx?s=139&alg=38&comp=2614157"
"139","North Callaway High School","Volleyball Girls","57","Varsity","9/24","6:00 pm","","Sunnydale Adventist Acad HS","home","https://www.mshsaa.org/MySchool/Schedule.aspx?s=139&alg=57","https://www.mshsaa.org/MySchool/Matchup.aspx?s=139&alg=57&comp=2615039"
"152","Osage High School","Soccer Boys","33","Varsity","9/24","6:45 pm","","Smith-Cotton","away","https://www.mshsaa.org/MySchool/Schedule.aspx?s=152&alg=33","https://www.mshsaa.org/MySchool/Matchup.aspx?s=152&alg=33&comp=2679354"
"152","Osage High School","Softball Fall Season","38","Varsity","9/24","5:00 pm","","Jamestown","home","https://www.mshsaa.org/MySchool/Schedule.aspx?s=152&alg=38","https://www.mshsaa.org/MySchool/Matchup.aspx?s=152&alg=38&comp=2656329"
"578","Rock Bridge High School","Golf Girls","24","Varsity","9/24","2:00 pm","","Rock Bridge, Jefferson City, Hickman, Battle","tournament","https://www.mshsaa.org/MySchool/Schedule.aspx?s=578&alg=24","https://www.mshsaa.org/MySchool/Tournament.aspx?s=578&alg=24&tournament=582839"
"578","Rock Bridge High School","Golf Girls","24","Varsity","⤷ 9/24","TBD","","Jefferson City","tournament","https://www.mshsaa.org/MySchool/Schedule.aspx?s=578&alg=24","https://www.mshsaa.org/MySchool/Matchup.aspx?s=578&alg=24&comp=2753456"
"578","Rock Bridge High School","Golf Girls","24","Varsity","⤷ 9/24","TBD","","Battle","tournament","https://www.mshsaa.org/MySchool/Schedule.aspx?s=578&alg=24","https://www.mshsaa.org/MySchool/Matchup.aspx?s=578&alg=24&comp=2753457"
"578","Rock Bridge High School","Golf Girls","24","Varsity","⤷ 9/24","TBD","","Hickman","tournament","https://www.mshsaa.org/MySchool/Schedule.aspx?s=578&alg=24","https://www.mshsaa.org/MySchool/Matchup.aspx?s=578&alg=24&comp=2753458"
"578","Rock Bridge High School","Soccer Boys","33","Varsity","9/24","6:45 pm","","Liberty (Wentzville)","home","https://www.mshsaa.org/MySchool/Schedule.aspx?s=578&alg=33","https://www.mshsaa.org/MySchool/Matchup.aspx?s=578&alg=33&comp=2648517"
"578","Rock Bridge High School","Tennis Girls","49","Varsity","9/24","4:30 pm","","Helias Catholic","home","https://www.mshsaa.org/MySchool/Schedule.aspx?s=578&alg=49","https://www.mshsaa.org/MySchool/Matchup.aspx?s=578&alg=49&comp=2628026"
"578","Rock Bridge High School","Volleyball Girls","57","Varsity","9/24","7:00 pm","","Capital City","away","https://www.mshsaa.org/MySchool/Schedule.aspx?s=578&alg=57","https://www.mshsaa.org/MySchool/Matchup.aspx?s=578&alg=57&comp=2743482"
"430","Russellville High School","Softball Fall Season","38","Varsity","9/24","5:00 pm","","Fayette","home","https://www.mshsaa.org/MySchool/Schedule.aspx?s=430&alg=38","https://www.mshsaa.org/MySchool/Matchup.aspx?s=430&alg=38&comp=2616307"
"430","Russellville High School","Volleyball Girls","57","Varsity","9/24","6:00 pm","","Calvary Lutheran","home","https://www.mshsaa.org/MySchool/Schedule.aspx?s=430&alg=57","https://www.mshsaa.org/MySchool/Matchup.aspx?s=430&alg=57&comp=2612886"
"431","Salisbury High School","Cross Country Boys","11","Varsity","9/24","4:00 pm","","Chillicothe High School Invitational Meet","tournament","https://www.mshsaa.org/MySchool/Schedule.aspx?s=431&alg=11","https://www.mshsaa.org/MySchool/Tournament.aspx?s=431&alg=11&tournament=545829"
"431","Salisbury High School","Cross Country Girls","12","Varsity","9/24","4:00 pm","","Chillicothe Invitational","tournament","https://www.mshsaa.org/MySchool/Schedule.aspx?s=431&alg=12","https://www.mshsaa.org/MySchool/Tournament.aspx?s=431&alg=12&tournament=545833"
"431","Salisbury High School","Softball Fall Season","38","Varsity","9/24","5:00 pm","","Northeast (Cairo)","home","https://www.mshsaa.org/MySchool/Schedule.aspx?s=431&alg=38","https://www.mshsaa.org/MySchool/Matchup.aspx?s=431&alg=38&comp=2591152"
"194","Smith-Cotton High School","Golf Girls","24","Varsity","9/24","4:00 pm","","Smith-Cotton Quad","tournament","https://www.mshsaa.org/MySchool/Schedule.aspx?s=194&alg=24","https://www.mshsaa.org/MySchool/Tournament.aspx?s=194&alg=24&tournament=557516"
"194","Smith-Cotton High School","Soccer Boys","33","Varsity","9/24","6:45 pm","","Osage","home","https://www.mshsaa.org/MySchool/Schedule.aspx?s=194&alg=33","https://www.mshsaa.org/MySchool/Matchup.aspx?s=194&alg=33&comp=2663089"
"194","Smith-Cotton High School","Softball Fall Season","38","Varsity","9/24","5:00 pm","","Capital City","away","https://www.mshsaa.org/MySchool/Schedule.aspx?s=194&alg=38","https://www.mshsaa.org/MySchool/Matchup.aspx?s=194&alg=38&comp=2657349"
"197","South Callaway High School","Softball Fall Season","38","Varsity","9/24","5:00 pm","","Eugene","home","https://www.mshsaa.org/MySchool/Schedule.aspx?s=197&alg=38","https://www.mshsaa.org/MySchool/Matchup.aspx?s=197&alg=38&comp=2724563"
"2","Southern Boone High School","Golf Girls","24","Varsity","9/24","4:00 pm","","California","away","https://www.mshsaa.org/MySchool/Schedule.aspx?s=2&alg=24","https://www.mshsaa.org/MySchool/Matchup.aspx?s=2&alg=24&comp=2695784"
"2","Southern Boone High School","Soccer Boys","33","Varsity","9/24-26","","","Richard Wilson Shootout","tournament","https://www.mshsaa.org/MySchool/Schedule.aspx?s=2&alg=33","https://www.mshsaa.org/MySchool/Tournament.aspx?s=2&alg=33&tournament=583347"
"2","Southern Boone High School","Soccer Boys","33","Varsity","⤷ 9/24","TBD","","Helias Catholic","tournament","https://www.mshsaa.org/MySchool/Schedule.aspx?s=2&alg=33","https://www.mshsaa.org/MySchool/Matchup.aspx?s=2&alg=33&comp=2784177"
"2","Southern Boone High School","Softball Fall Season","38","Varsity","9/24","5:30 pm","","Hallsville with Christian Fellowship Sr.","home","https://www.mshsaa.org/MySchool/Schedule.aspx?s=2&alg=38","https://www.mshsaa.org/MySchool/Matchup.aspx?s=2&alg=38&comp=2650867"
"2","Southern Boone High School","Volleyball Girls","57","Varsity","9/24","7:30 pm","","Fulton","home","https://www.mshsaa.org/MySchool/Schedule.aspx?s=2&alg=57","https://www.mshsaa.org/MySchool/Matchup.aspx?s=2&alg=57&comp=2653886"
"485","Versailles High School","Golf Girls","24","Varsity","9/24","4:00 pm","","Eldon","away","https://www.mshsaa.org/MySchool/Schedule.aspx?s=485&alg=24","https://www.mshsaa.org/MySchool/Matchup.aspx?s=485&alg=24&comp=2629951"
"485","Versailles High School","Volleyball Girls","57","Varsity","9/24","7:00 pm","","Butler","away","https://www.mshsaa.org/MySchool/Schedule.aspx?s=485&alg=57","https://www.mshsaa.org/MySchool/Matchup.aspx?s=485&alg=57&comp=2624018"
"953","Battle High School","Football","19","Varsity","9/25","7:00 pm","","Camdenton","home","https://www.mshsaa.org/MySchool/Schedule.aspx?s=953&alg=19","https://www.mshsaa.org/MySchool/Matchup.aspx?s=953&alg=19&comp=2666894"
"217","Blair Oaks High School","Football","19","Varsity","9/25","7:00 pm","","California","away","https://www.mshsaa.org/MySchool/Schedule.aspx?s=217&alg=19","https://www.mshsaa.org/MySchool/Matchup.aspx?s=217&alg=19&comp=2590195"
"16","Boonville High School","Football","19","Varsity","9/25","7:00 pm","","Southern Boone","home","https://www.mshsaa.org/MySchool/Schedule.aspx?s=16&alg=19","https://www.mshsaa.org/MySchool/Matchup.aspx?s=16&alg=19&comp=2626518"
"582","California High School","Football","19","Varsity","9/25","7:00 pm","","Blair Oaks","home","https://www.mshsaa.org/MySchool/Schedule.aspx?s=582&alg=19","https://www.mshsaa.org/MySchool/Matchup.aspx?s=582&alg=19&comp=2519682"
"26","Camdenton High School","Football","19","Varsity","9/25","7:00 pm","","Battle","away","https://www.mshsaa.org/MySchool/Schedule.aspx?s=26&alg=19","https://www.mshsaa.org/MySchool/Matchup.aspx?s=26&alg=19&comp=2767240"
"26","Camdenton High School","Soccer Boys","33","Varsity","9/25","1:00 pm","","Southern Boone","away","https://www.mshsaa.org/MySchool/Schedule.aspx?s=26&alg=33","https://www.mshsaa.org/MySchool/Matchup.aspx?s=26&alg=33&comp=2782008"
"1540","Capital City High School","Football","19","Varsity","9/25","7:00 pm","","Jefferson City","home","https://www.mshsaa.org/MySchool/Schedule.aspx?s=1540&alg=19","https://www.mshsaa.org/MySchool/Matchup.aspx?s=1540&alg=19&comp=2622656"
"1540","Capital City High School","Swimming and Diving Boys","44","Varsity","9/25-26","","","COMO Invite","tournament","https://www.mshsaa.org/MySchool/Schedule.aspx?s=1540&alg=44","https://www.mshsaa.org/MySchool/Tournament.aspx?s=1540&alg=44&tournament=563828"
"1540","Capital City High School","Tennis Girls","49","Varsity","9/25","","","S-C Invitational","tournament","https://www.mshsaa.org/MySchool/Schedule.aspx?s=1540&alg=49","https://www.mshsaa.org/MySchool/Tournament.aspx?s=1540&alg=49&tournament=543534"
"53","Centralia High School","Football","19","Varsity","9/25","7:00 pm","","Macon","away","https://www.mshsaa.org/MySchool/Schedule.aspx?s=53&alg=19","https://www.mshsaa.org/MySchool/Matchup.aspx?s=53&alg=19&comp=2584451"
"53","Centralia High School","Softball Fall Season","38","Varsity","9/25-26","","","Jennies HS Softball Tournament","tournament","https://www.mshsaa.org/MySchool/Schedule.aspx?s=53&alg=38","https://www.mshsaa.org/MySchool/Tournament.aspx?s=53&alg=38&tournament=552269"
"1099","Christian Fellowship","Soccer Boys","33","Varsity","9/25-26","","","2026 Spartan Invitational","tournament","https://www.mshsaa.org/MySchool/Schedule.aspx?s=1099&alg=33","https://www.mshsaa.org/MySchool/Tournament.aspx?s=1099&alg=33&tournament=578924"
"1099","Christian Fellowship","Volleyball Girls","57","Varsity","9/25","6:00 pm","","New Bloomfield","away","https://www.mshsaa.org/MySchool/Schedule.aspx?s=1099&alg=57","https://www.mshsaa.org/MySchool/Matchup.aspx?s=1099&alg=57&comp=2655600"
"278","Eldon High School","Football","19","Varsity","9/25","7:00 pm","","Osage","away","https://www.mshsaa.org/MySchool/Schedule.aspx?s=278&alg=19","https://www.mshsaa.org/MySchool/Matchup.aspx?s=278&alg=19&comp=2572759"
"917","Father Tolton","Cross Country Boys","11","Varsity","9/25-26","","","Gans Creek Classic","tournament","https://www.mshsaa.org/MySchool/Schedule.aspx?s=917&alg=11","https://www.mshsaa.org/MySchool/Tournament.aspx?s=917&alg=11&tournament=589894"
"917","Father Tolton","Cross Country Girls","12","Varsity","9/25-26","","","Gans Creek Classic","tournament","https://www.mshsaa.org/MySchool/Schedule.aspx?s=917&alg=12","https://www.mshsaa.org/MySchool/Tournament.aspx?s=917&alg=12&tournament=589893"
"917","Father Tolton","Football","19","Varsity","9/25","7:00 pm","","St. Francis Borgia","away","https://www.mshsaa.org/MySchool/Schedule.aspx?s=917&alg=19","https://www.mshsaa.org/MySchool/Matchup.aspx?s=917&alg=19&comp=2550755"
"294","Fayette High School","Football","19","Varsity","9/25","7:00 pm","","Russellville","away","https://www.mshsaa.org/MySchool/Schedule.aspx?s=294&alg=19","https://www.mshsaa.org/MySchool/Matchup.aspx?s=294&alg=19&comp=2634433"
"80","Fulton High School","Football","19","Varsity","9/25","7:00 pm","","Hallsville","home","https://www.mshsaa.org/MySchool/Schedule.aspx?s=80&alg=19","https://www.mshsaa.org/MySchool/Matchup.aspx?s=80&alg=19&comp=2589267"
"80","Fulton High School","Golf Girls","24","Varsity","9/25","4:00 pm","","Callaway Cup","tournament","https://www.mshsaa.org/MySchool/Schedule.aspx?s=80&alg=24","https://www.mshsaa.org/MySchool/Tournament.aspx?s=80&alg=24&tournament=579523"
"302","Glasgow High School","Baseball Fall Season","66","Varsity","9/25","5:00 pm","","Central MO HS HSA","home","https://www.mshsaa.org/MySchool/Schedule.aspx?s=302&alg=66","https://www.mshsaa.org/MySchool/Matchup.aspx?s=302&alg=66&comp=2783068"
"311","Hallsville High School","Football","19","Varsity","9/25","7:00 pm","","Fulton","away","https://www.mshsaa.org/MySchool/Schedule.aspx?s=311&alg=19","https://www.mshsaa.org/MySchool/Matchup.aspx?s=311&alg=19&comp=2589280"
"311","Hallsville High School","Soccer Boys","33","Varsity","9/25-26","","","2026 Spartan Invitational","tournament","https://www.mshsaa.org/MySchool/Schedule.aspx?s=311&alg=33","https://www.mshsaa.org/MySchool/Tournament.aspx?s=311&alg=33&tournament=578924"
"313","Harrisburg High School","Football","19","Varsity","9/25","7:00 pm","","Linn","home","https://www.mshsaa.org/MySchool/Schedule.aspx?s=313&alg=19","https://www.mshsaa.org/MySchool/Matchup.aspx?s=313&alg=19&comp=2633495"
"522","Helias High School","Football","19","Varsity","9/25","7:00 pm","","Rock Bridge","home","https://www.mshsaa.org/MySchool/Schedule.aspx?s=522&alg=19","https://www.mshsaa.org/MySchool/Matchup.aspx?s=522&alg=19&comp=2627941"
"522","Helias High School","Soccer Boys","33","Varsity","⤷ 9/25","TBD","","Lutheran St. Charles","tournament","https://www.mshsaa.org/MySchool/Schedule.aspx?s=522&alg=33","https://www.mshsaa.org/MySchool/Matchup.aspx?s=522&alg=33&comp=2784295"
"522","Helias High School","Softball Fall Season","38","Varsity","9/25","12:00 pm","","Blue Springs South","home","https://www.mshsaa.org/MySchool/Schedule.aspx?s=522&alg=38","https://www.mshsaa.org/MySchool/Matchup.aspx?s=522&alg=38&comp=2722740"
"85","Hickman High School","Football","19","Varsity","9/25","7:00 pm","","Smith-Cotton","away","https://www.mshsaa.org/MySchool/Schedule.aspx?s=85&alg=19","https://www.mshsaa.org/MySchool/Matchup.aspx?s=85&alg=19&comp=2646527"
"85","Hickman High School","Soccer Boys","33","Varsity","9/25-26","","","West Central Missouri Shootout","tournament","https://www.mshsaa.org/MySchool/Schedule.aspx?s=85&alg=33","https://www.mshsaa.org/MySchool/Tournament.aspx?s=85&alg=33&tournament=558042"
"85","Hickman High School","Soccer Boys","33","Varsity","⤷ 9/25","TBD","","Summit Christian Academy","tournament","https://www.mshsaa.org/MySchool/Schedule.aspx?s=85&alg=33","https://www.mshsaa.org/MySchool/Matchup.aspx?s=85&alg=33&comp=2777242"
"85","Hickman High School","Softball Fall Season","38","Varsity","9/25","4:30 pm","","Ft. Zumwalt West","away","https://www.mshsaa.org/MySchool/Schedule.aspx?s=85&alg=38","https://www.mshsaa.org/MySchool/Matchup.aspx?s=85&alg=38&comp=2744118"
"85","Hickman High School","Swimming and Diving Boys","44","Varsity","9/25","2:00 pm","","COMO Varsity Prelims","tournament","https://www.mshsaa.org/MySchool/Schedule.aspx?s=85&alg=44","https://www.mshsaa.org/MySchool/Tournament.aspx?s=85&alg=44&tournament=592805"
"85","Hickman High School","Swimming and Diving Boys","44","Varsity","9/25","9:00 am","","COMO Diving","tournament","https://www.mshsaa.org/MySchool/Schedule.aspx?s=85&alg=44","https://www.mshsaa.org/MySchool/Tournament.aspx?s=85&alg=44&tournament=592806"
"85","Hickman High School","Tennis Girls","49","Varsity","9/25","","","S-C Invitational","tournament","https://www.mshsaa.org/MySchool/Schedule.aspx?s=85&alg=49","https://www.mshsaa.org/MySchool/Tournament.aspx?s=85&alg=49&tournament=588482"
"84","Jefferson City High School","Football","19","Varsity","9/25","7:00 pm","","Capital City","away","https://www.mshsaa.org/MySchool/Schedule.aspx?s=84&alg=19","https://www.mshsaa.org/MySchool/Matchup.aspx?s=84&alg=19&comp=2560881"
"84","Jefferson City High School","Soccer Boys","33","Varsity","9/25-26","","","Richard Wilson Shootout","tournament","https://www.mshsaa.org/MySchool/Schedule.aspx?s=84&alg=33","https://www.mshsaa.org/MySchool/Tournament.aspx?s=84&alg=33&tournament=553907"
"84","Jefferson City High School","Tennis Girls","49","Varsity","9/25","","","S-C Invitational","tournament","https://www.mshsaa.org/MySchool/Schedule.aspx?s=84&alg=49","https://www.mshsaa.org/MySchool/Tournament.aspx?s=84&alg=49&tournament=582353"
"360","Marshall High School","Football","19","Varsity","9/25","7:00 pm","","Kirksville","home","https://www.mshsaa.org/MySchool/Schedule.aspx?s=360&alg=19","https://www.mshsaa.org/MySchool/Matchup.aspx?s=360&alg=19&comp=2450270"
"128","Mexico High School","Football","19","Varsity","9/25","7:00 pm","","Hannibal","away","https://www.mshsaa.org/MySchool/Schedule.aspx?s=128&alg=19","https://www.mshsaa.org/MySchool/Matchup.aspx?s=128&alg=19&comp=2518020"
"569","Missouri Military Academy","Football","19","Varsity","9/25","7:00 pm","","Duchesne","away","https://www.mshsaa.org/MySchool/Schedule.aspx?s=569&alg=19","https://www.mshsaa.org/MySchool/Matchup.aspx?s=569&alg=19&comp=2753781"
"569","Missouri Military Academy","Soccer Boys","33","Varsity","9/25-26","","","2026 Spartan Invitational","tournament","https://www.mshsaa.org/MySchool/Schedule.aspx?s=569&alg=33","https://www.mshsaa.org/MySchool/Tournament.aspx?s=569&alg=33&tournament=581885"
"569","Missouri Military Academy","Swimming and Diving Boys","44","Varsity","9/25-26","","","Como Invite","tournament","https://www.mshsaa.org/MySchool/Schedule.aspx?s=569&alg=44","https://www.mshsaa.org/MySchool/Tournament.aspx?s=569&alg=44&tournament=591566"
"132","Moberly High School","Football","19","Varsity","9/25","7:00 pm","","Rolla","away","https://www.mshsaa.org/MySchool/Schedule.aspx?s=132&alg=19","https://www.mshsaa.org/MySchool/Matchup.aspx?s=132&alg=19&comp=2785841"
"132","Moberly High School","Soccer Boys","33","Varsity","9/25-26","","","2026 Spartan Invitational","tournament","https://www.mshsaa.org/MySchool/Schedule.aspx?s=132&alg=33","https://www.mshsaa.org/MySchool/Tournament.aspx?s=132&alg=33&tournament=572101"
"132","Moberly High School","Soccer Boys","33","Varsity","⤷ 9/25","7:00 pm","","Missouri Military Academy","tournament","https://www.mshsaa.org/MySchool/Schedule.aspx?s=132&alg=33","https://www.mshsaa.org/MySchool/Matchup.aspx?s=132&alg=33&comp=2788770"
"139","North Callaway High School","Football","19","Varsity","9/25","7:00 pm","","Palmyra","away","https://www.mshsaa.org/MySchool/Schedule.aspx?s=139&alg=19","https://www.mshsaa.org/MySchool/Matchup.aspx?s=139&alg=19&comp=2590131"
"152","Osage High School","Football","19","Varsity","9/25","7:00 pm","","Eldon","home","https://www.mshsaa.org/MySchool/Schedule.aspx?s=152&alg=19","https://www.mshsaa.org/MySchool/Matchup.aspx?s=152&alg=19&comp=2518997"
"152","Osage High School","Softball Fall Season","38","Varsity","9/25","4:00 pm","","Iberia","home","https://www.mshsaa.org/MySchool/Schedule.aspx?s=152&alg=38","https://www.mshsaa.org/MySchool/Matchup.aspx?s=152&alg=38&comp=2656330"
"578","Rock Bridge High School","Cross Country Boys","11","Varsity","9/25","","","Gans Creek Twilight","tournament","https://www.mshsaa.org/MySchool/Schedule.aspx?s=578&alg=11","https://www.mshsaa.org/MySchool/Tournament.aspx?s=578&alg=11&tournament=596589"
"578","Rock Bridge High School","Cross Country Girls","12","Varsity","9/25","","","Gans Creek Twilight","tournament","https://www.mshsaa.org/MySchool/Schedule.aspx?s=578&alg=12","https://www.mshsaa.org/MySchool/Tournament.aspx?s=578&alg=12&tournament=596602"
"578","Rock Bridge High School","Football","19","Varsity","9/25","7:00 pm","","Helias Catholic","away","https://www.mshsaa.org/MySchool/Schedule.aspx?s=578&alg=19","https://www.mshsaa.org/MySchool/Matchup.aspx?s=578&alg=19&comp=2628027"
"578","Rock Bridge High School","Softball Fall Season","38","Varsity","9/25-26","","","Liberty Tournament","tournament","https://www.mshsaa.org/MySchool/Schedule.aspx?s=578&alg=38","https://www.mshsaa.org/MySchool/Tournament.aspx?s=578&alg=38&tournament=589498"
"430","Russellville High School","Football","19","Varsity","9/25","7:00 pm","","Fayette","home","https://www.mshsaa.org/MySchool/Schedule.aspx?s=430&alg=19","https://www.mshsaa.org/MySchool/Matchup.aspx?s=430&alg=19&comp=2633125"
"431","Salisbury High School","Football","19","Varsity","9/25","7:00 pm","","Principia","home","https://www.mshsaa.org/MySchool/Schedule.aspx?s=431&alg=19","https://www.mshsaa.org/MySchool/Matchup.aspx?s=431&alg=19&comp=2683761"
"194","Smith-Cotton High School","Football","19","Varsity","9/25","7:00 pm","","Hickman","home","https://www.mshsaa.org/MySchool/Schedule.aspx?s=194&alg=19","https://www.mshsaa.org/MySchool/Matchup.aspx?s=194&alg=19&comp=2669258"
"194","Smith-Cotton High School","Soccer Boys","33","Varsity","9/25-26","","","West Central Missouri Shootout","tournament","https://www.mshsaa.org/MySchool/Schedule.aspx?s=194&alg=33","https://www.mshsaa.org/MySchool/Tournament.aspx?s=194&alg=33&tournament=554905"
"194","Smith-Cotton High School","Soccer Boys","33","Varsity","⤷ 9/25","TBD","","North Kansas City","tournament","https://www.mshsaa.org/MySchool/Schedule.aspx?s=194&alg=33","https://www.mshsaa.org/MySchool/Matchup.aspx?s=194&alg=33&comp=2769330"
"194","Smith-Cotton High School","Softball Fall Season","38","Varsity","9/25","4:00 pm","","Willard","away","https://www.mshsaa.org/MySchool/Schedule.aspx?s=194&alg=38","https://www.mshsaa.org/MySchool/Matchup.aspx?s=194&alg=38&comp=2657350"
"194","Smith-Cotton High School","Swimming and Diving Boys","44","Varsity","9/25-26","","","COMO Invitational","tournament","https://www.mshsaa.org/MySchool/Schedule.aspx?s=194&alg=44","https://www.mshsaa.org/MySchool/Tournament.aspx?s=194&alg=44&tournament=575868"
"194","Smith-Cotton High School","Tennis Girls","49","Varsity","9/25","","","S-C Invitational","tournament","https://www.mshsaa.org/MySchool/Schedule.aspx?s=194&alg=49","https://www.mshsaa.org/MySchool/Tournament.aspx?s=194&alg=49&tournament=556734"
"197","South Callaway High School","Football","19","Varsity","9/25","7:00 pm","","Tipton with Bunceton","away","https://www.mshsaa.org/MySchool/Schedule.aspx?s=197&alg=19","https://www.mshsaa.org/MySchool/Matchup.aspx?s=197&alg=19&comp=2647635"
"197","South Callaway High School","Golf Girls","24","Varsity","9/25","","","Callaway Cup","tournament","https://www.mshsaa.org/MySchool/Schedule.aspx?s=197&alg=24","https://www.mshsaa.org/MySchool/Tournament.aspx?s=197&alg=24&tournament=595866"
"2","Southern Boone High School","Football","19","Varsity","9/25","7:00 pm","","Boonville","away","https://www.mshsaa.org/MySchool/Schedule.aspx?s=2&alg=19","https://www.mshsaa.org/MySchool/Matchup.aspx?s=2&alg=19&comp=2599043"
"2","Southern Boone High School","Soccer Boys","33","Varsity","⤷ 9/25","TBD","","Camdenton","tournament","https://www.mshsaa.org/MySchool/Schedule.aspx?s=2&alg=33","https://www.mshsaa.org/MySchool/Matchup.aspx?s=2&alg=33&comp=2784178"
"2","Southern Boone High School","Soccer Boys","33","Varsity","⤷ 9/25","TBD","","Jefferson City","tournament","https://www.mshsaa.org/MySchool/Schedule.aspx?s=2&alg=33","https://www.mshsaa.org/MySchool/Matchup.aspx?s=2&alg=33&comp=2784181"
"474","Tipton High School","Football","19","Varsity","9/25","7:00 pm","","South Callaway","home","https://www.mshsaa.org/MySchool/Schedule.aspx?s=474&alg=19","https://www.mshsaa.org/MySchool/Matchup.aspx?s=474&alg=19&comp=2633267"
"485","Versailles High School","Football","19","Varsity","9/25","7:00 pm","","Warsaw","home","https://www.mshsaa.org/MySchool/Schedule.aspx?s=485&alg=19","https://www.mshsaa.org/MySchool/Matchup.aspx?s=485&alg=19&comp=2516328"
"953","Battle High School","Cross Country Boys","11","Varsity","9/26","","","Gans Creek Classic","tournament","https://www.mshsaa.org/MySchool/Schedule.aspx?s=953&alg=11","https://www.mshsaa.org/MySchool/Tournament.aspx?s=953&alg=11&tournament=597910"
"953","Battle High School","Cross Country Girls","12","Varsity","9/26","","","Gans Creek Classic","tournament","https://www.mshsaa.org/MySchool/Schedule.aspx?s=953&alg=12","https://www.mshsaa.org/MySchool/Tournament.aspx?s=953&alg=12&tournament=597916"
"953","Battle High School","Volleyball Girls","57","Varsity","9/26","","","Megan Gross Invitational","tournament","https://www.mshsaa.org/MySchool/Schedule.aspx?s=953&alg=57","https://www.mshsaa.org/MySchool/Tournament.aspx?s=953&alg=57&tournament=587216"
"217","Blair Oaks High School","Cross Country Boys","11","Varsity","9/26","","","Gans Creek Classic","tournament","https://www.mshsaa.org/MySchool/Schedule.aspx?s=217&alg=11","https://www.mshsaa.org/MySchool/Tournament.aspx?s=217&alg=11&tournament=545755"
"217","Blair Oaks High School","Cross Country Girls","12","Varsity","9/26","","","Gans Creek Classic","tournament","https://www.mshsaa.org/MySchool/Schedule.aspx?s=217&alg=12","https://www.mshsaa.org/MySchool/Tournament.aspx?s=217&alg=12&tournament=545764"
"16","Boonville High School","Cross Country Boys","11","Varsity","9/26","","","Gans Creek Classic","tournament","https://www.mshsaa.org/MySchool/Schedule.aspx?s=16&alg=11","https://www.mshsaa.org/MySchool/Tournament.aspx?s=16&alg=11&tournament=585064"
"16","Boonville High School","Cross Country Girls","12","Varsity","9/26","","","Gans Creek Classic","tournament","https://www.mshsaa.org/MySchool/Schedule.aspx?s=16&alg=12","https://www.mshsaa.org/MySchool/Tournament.aspx?s=16&alg=12&tournament=585066"
"582","California High School","Cross Country Boys","11","Varsity","9/26","","","Gans Creek Classic","tournament","https://www.mshsaa.org/MySchool/Schedule.aspx?s=582&alg=11","https://www.mshsaa.org/MySchool/Tournament.aspx?s=582&alg=11&tournament=544407"
"582","California High School","Volleyball Girls","57","Varsity","9/26","","","HyVee Arena Invitational","tournament","https://www.mshsaa.org/MySchool/Schedule.aspx?s=582&alg=57","https://www.mshsaa.org/MySchool/Tournament.aspx?s=582&alg=57&tournament=550471"
"26","Camdenton High School","Cross Country Boys","11","Varsity","9/26","","","Mark Sabala XC Dam Invite","tournament","https://www.mshsaa.org/MySchool/Schedule.aspx?s=26&alg=11","https://www.mshsaa.org/MySchool/Tournament.aspx?s=26&alg=11&tournament=594266"
"26","Camdenton High School","Cross Country Girls","12","Varsity","9/26","","","Mark Sabala XC Dam Invite","tournament","https://www.mshsaa.org/MySchool/Schedule.aspx?s=26&alg=12","https://www.mshsaa.org/MySchool/Tournament.aspx?s=26&alg=12&tournament=594267"
"26","Camdenton High School","Soccer Boys","33","Varsity","9/26","11:30 am","","Republic","home","https://www.mshsaa.org/MySchool/Schedule.aspx?s=26&alg=33","https://www.mshsaa.org/MySchool/Matchup.aspx?s=26&alg=33&comp=2777695"
"26","Camdenton High School","Swimming and Diving Boys","44","Varsity","9/26","8:00 am","","Monett with Pierce City","away","https://www.mshsaa.org/MySchool/Schedule.aspx?s=26&alg=44","https://www.mshsaa.org/MySchool/Matchup.aspx?s=26&alg=44&comp=2788307"
"1540","Capital City High School","Cross Country Boys","11","Varsity","9/26","9:00 am","","Gans Creek Classic","tournament","https://www.mshsaa.org/MySchool/Schedule.aspx?s=1540&alg=11","https://www.mshsaa.org/MySchool/Tournament.aspx?s=1540&alg=11&tournament=572810"
"1540","Capital City High School","Cross Country Girls","12","Varsity","9/26","9:00 am","","Gans Creek Classic","tournament","https://www.mshsaa.org/MySchool/Schedule.aspx?s=1540&alg=12","https://www.mshsaa.org/MySchool/Tournament.aspx?s=1540&alg=12&tournament=572818"
"1540","Capital City High School","Soccer Boys","33","Varsity","9/26","1:30 pm","","West Plains","away","https://www.mshsaa.org/MySchool/Schedule.aspx?s=1540&alg=33","https://www.mshsaa.org/MySchool/Matchup.aspx?s=1540&alg=33&comp=2668189"
"1540","Capital City High School","Softball Fall Season","38","Varsity","9/26","12:00 pm","","Jefferson City","home","https://www.mshsaa.org/MySchool/Schedule.aspx?s=1540&alg=38","https://www.mshsaa.org/MySchool/Matchup.aspx?s=1540&alg=38&comp=2623145"
"1540","Capital City High School","Volleyball Girls","57","Varsity","9/26","","","Hy-Vee Arena Volleyball Tournament","tournament","https://www.mshsaa.org/MySchool/Schedule.aspx?s=1540&alg=57","https://www.mshsaa.org/MySchool/Tournament.aspx?s=1540&alg=57&tournament=547993"
"53","Centralia High School","Cross Country Boys","11","Varsity","9/26","","","Gans Greek Classic","tournament","https://www.mshsaa.org/MySchool/Schedule.aspx?s=53&alg=11","https://www.mshsaa.org/MySchool/Tournament.aspx?s=53&alg=11&tournament=552239"
"53","Centralia High School","Cross Country Girls","12","Varsity","9/26","","","Gans Greek Classic","tournament","https://www.mshsaa.org/MySchool/Schedule.aspx?s=53&alg=12","https://www.mshsaa.org/MySchool/Tournament.aspx?s=53&alg=12&tournament=552246"
"53","Centralia High School","Volleyball Girls","57","Varsity","9/26","","","Hallsville Invitational","tournament","https://www.mshsaa.org/MySchool/Schedule.aspx?s=53&alg=57","https://www.mshsaa.org/MySchool/Tournament.aspx?s=53&alg=57&tournament=552321"
"1099","Christian Fellowship","Cross Country Boys","11","Varsity","9/26","","","Gans Creek Classic","tournament","https://www.mshsaa.org/MySchool/Schedule.aspx?s=1099&alg=11","https://www.mshsaa.org/MySchool/Tournament.aspx?s=1099&alg=11&tournament=599396"
"1099","Christian Fellowship","Cross Country Girls","12","Varsity","9/26","","","Gans Creek Classic","tournament","https://www.mshsaa.org/MySchool/Schedule.aspx?s=1099&alg=12","https://www.mshsaa.org/MySchool/Tournament.aspx?s=1099&alg=12&tournament=599399"
"566","Columbia Independent","Volleyball Girls","57","Varsity","9/26","","","Hallsville Invitational","tournament","https://www.mshsaa.org/MySchool/Schedule.aspx?s=566&alg=57","https://www.mshsaa.org/MySchool/Tournament.aspx?s=566&alg=57&tournament=557994"
"278","Eldon High School","Cross Country Boys","11","Varsity","9/26","","","Mark Sabala XC Dam Invite","tournament","https://www.mshsaa.org/MySchool/Schedule.aspx?s=278&alg=11","https://www.mshsaa.org/MySchool/Tournament.aspx?s=278&alg=11&tournament=544985"
"278","Eldon High School","Cross Country Girls","12","Varsity","9/26","","","Mark Sabala XC Dam Invite","tournament","https://www.mshsaa.org/MySchool/Schedule.aspx?s=278&alg=12","https://www.mshsaa.org/MySchool/Tournament.aspx?s=278&alg=12&tournament=544993"
"278","Eldon High School","Volleyball Girls","57","Varsity","9/26","","","Willard: Lori Endicott Tournament","tournament","https://www.mshsaa.org/MySchool/Schedule.aspx?s=278&alg=57","https://www.mshsaa.org/MySchool/Tournament.aspx?s=278&alg=57&tournament=543787"
"917","Father Tolton","Soccer Boys","33","Varsity","9/26","1:00 pm","","St. Paul Lutheran (Concordia)","away","https://www.mshsaa.org/MySchool/Schedule.aspx?s=917&alg=33","https://www.mshsaa.org/MySchool/Matchup.aspx?s=917&alg=33&comp=2665266"
"917","Father Tolton","Softball Fall Season","38","Varsity","9/26","","","Fatima Quad","tournament","https://www.mshsaa.org/MySchool/Schedule.aspx?s=917&alg=38","https://www.mshsaa.org/MySchool/Tournament.aspx?s=917&alg=38&tournament=582149"
"917","Father Tolton","Tennis Girls","49","Varsity","9/26","","","Hannibal Invitational","tournament","https://www.mshsaa.org/MySchool/Schedule.aspx?s=917&alg=49","https://www.mshsaa.org/MySchool/Tournament.aspx?s=917&alg=49&tournament=588899"
"917","Father Tolton","Volleyball Girls","57","Varsity","9/26","","","Hallsville Invitational","tournament","https://www.mshsaa.org/MySchool/Schedule.aspx?s=917&alg=57","https://www.mshsaa.org/MySchool/Tournament.aspx?s=917&alg=57&tournament=564416"
"80","Fulton High School","Cross Country Boys","11","Varsity","9/26","","","Gans Creek Classic","tournament","https://www.mshsaa.org/MySchool/Schedule.aspx?s=80&alg=11","https://www.mshsaa.org/MySchool/Tournament.aspx?s=80&alg=11&tournament=580267"
"80","Fulton High School","Cross Country Girls","12","Varsity","9/26","","","Gans Creek Classic","tournament","https://www.mshsaa.org/MySchool/Schedule.aspx?s=80&alg=12","https://www.mshsaa.org/MySchool/Tournament.aspx?s=80&alg=12&tournament=594834"
"80","Fulton High School","Soccer Boys","33","Varsity","9/26","12:30 pm","","Warrenton","home","https://www.mshsaa.org/MySchool/Schedule.aspx?s=80&alg=33","https://www.mshsaa.org/MySchool/Matchup.aspx?s=80&alg=33&comp=2647572"
"302","Glasgow High School","Softball Fall Season","38","Varsity","9/26","","","Brunswick Tournament","tournament","https://www.mshsaa.org/MySchool/Schedule.aspx?s=302&alg=38","https://www.mshsaa.org/MySchool/Tournament.aspx?s=302&alg=38&tournament=578786"
"311","Hallsville High School","Volleyball Girls","57","Varsity","9/26","","","Hallsville Invitational","tournament","https://www.mshsaa.org/MySchool/Schedule.aspx?s=311&alg=57","https://www.mshsaa.org/MySchool/Tournament.aspx?s=311&alg=57&tournament=545449"
"313","Harrisburg High School","Cross Country Boys","11","Varsity","9/26","9:00 am","","Gans Creek Classic","tournament","https://www.mshsaa.org/MySchool/Schedule.aspx?s=313&alg=11","https://www.mshsaa.org/MySchool/Tournament.aspx?s=313&alg=11&tournament=591323"
"313","Harrisburg High School","Cross Country Girls","12","Varsity","9/26","9:00 am","","Gans Creek Classic","tournament","https://www.mshsaa.org/MySchool/Schedule.aspx?s=313&alg=12","https://www.mshsaa.org/MySchool/Tournament.aspx?s=313&alg=12&tournament=591322"
"313","Harrisburg High School","Softball Fall Season","38","Varsity","9/26","10:00 am","","Moberly","home","https://www.mshsaa.org/MySchool/Schedule.aspx?s=313&alg=38","https://www.mshsaa.org/MySchool/Matchup.aspx?s=313&alg=38&comp=2672591"
"313","Harrisburg High School","Softball Fall Season","38","Varsity","9/26","2:00 pm","","North Callaway","home","https://www.mshsaa.org/MySchool/Schedule.aspx?s=313&alg=38","https://www.mshsaa.org/MySchool/Matchup.aspx?s=313&alg=38&comp=2672594"
"522","Helias High School","Cross Country Boys","11","Varsity","9/26","8:00 am","","Gans Creek","tournament","https://www.mshsaa.org/MySchool/Schedule.aspx?s=522&alg=11","https://www.mshsaa.org/MySchool/Tournament.aspx?s=522&alg=11&tournament=544812"
"522","Helias High School","Cross Country Girls","12","Varsity","9/26","8:00 am","","Gans Creek","tournament","https://www.mshsaa.org/MySchool/Schedule.aspx?s=522&alg=12","https://www.mshsaa.org/MySchool/Tournament.aspx?s=522&alg=12&tournament=544822"
"522","Helias High School","Volleyball Girls","57","Varsity","9/26","","","4 States CJ Classic","tournament","https://www.mshsaa.org/MySchool/Schedule.aspx?s=522&alg=57","https://www.mshsaa.org/MySchool/Tournament.aspx?s=522&alg=57&tournament=556413"
"85","Hickman High School","Cross Country Boys","11","Varsity","9/26","","","Gans Creek Classic","tournament","https://www.mshsaa.org/MySchool/Schedule.aspx?s=85&alg=11","https://www.mshsaa.org/MySchool/Tournament.aspx?s=85&alg=11&tournament=587512"
"85","Hickman High School","Cross Country Girls","12","Varsity","9/26","","","Gans Creek Classic","tournament","https://www.mshsaa.org/MySchool/Schedule.aspx?s=85&alg=12","https://www.mshsaa.org/MySchool/Tournament.aspx?s=85&alg=12&tournament=587599"
"85","Hickman High School","Soccer Boys","33","Varsity","⤷ 9/26","TBD","","North Kansas City","tournament","https://www.mshsaa.org/MySchool/Schedule.aspx?s=85&alg=33","https://www.mshsaa.org/MySchool/Matchup.aspx?s=85&alg=33&comp=2777243"
"85","Hickman High School","Swimming and Diving Boys","44","Varsity","9/26","10:00 am","","COMO Varsity Finals","tournament","https://www.mshsaa.org/MySchool/Schedule.aspx?s=85&alg=44","https://www.mshsaa.org/MySchool/Tournament.aspx?s=85&alg=44&tournament=592807"
"85","Hickman High School","Volleyball Girls","57","Varsity","9/26","","","Rock Bridge Round Robin","tournament","https://www.mshsaa.org/MySchool/Schedule.aspx?s=85&alg=57","https://www.mshsaa.org/MySchool/Tournament.aspx?s=85&alg=57&tournament=579351"
"317","Higbee High School","Softball Fall Season","38","Varsity","9/26","","","Brunswick Tournament","tournament","https://www.mshsaa.org/MySchool/Schedule.aspx?s=317&alg=38","https://www.mshsaa.org/MySchool/Tournament.aspx?s=317&alg=38&tournament=544591"
"84","Jefferson City High School","Cross Country Boys","11","Varsity","9/26","","","Hickman","tournament","https://www.mshsaa.org/MySchool/Schedule.aspx?s=84&alg=11","https://www.mshsaa.org/MySchool/Tournament.aspx?s=84&alg=11&tournament=540378"
"84","Jefferson City High School","Cross Country Girls","12","Varsity","9/26","","","Hickman","tournament","https://www.mshsaa.org/MySchool/Schedule.aspx?s=84&alg=12","https://www.mshsaa.org/MySchool/Tournament.aspx?s=84&alg=12&tournament=566506"
"84","Jefferson City High School","Softball Fall Season","38","Varsity","9/26","12:00 pm","","Capital City","away","https://www.mshsaa.org/MySchool/Schedule.aspx?s=84&alg=38","https://www.mshsaa.org/MySchool/Matchup.aspx?s=84&alg=38&comp=2639946"
"360","Marshall High School","Cross Country Boys","11","Varsity","9/26","8:00 am","","Gans Creek Meet","tournament","https://www.mshsaa.org/MySchool/Schedule.aspx?s=360&alg=11","https://www.mshsaa.org/MySchool/Tournament.aspx?s=360&alg=11&tournament=563994"
"360","Marshall High School","Cross Country Girls","12","Varsity","9/26","8:00 am","","Gans Creek Meet","tournament","https://www.mshsaa.org/MySchool/Schedule.aspx?s=360&alg=12","https://www.mshsaa.org/MySchool/Tournament.aspx?s=360&alg=12&tournament=584472"
"360","Marshall High School","Soccer Boys","33","Varsity","9/26","11:30 am","","Odessa","away","https://www.mshsaa.org/MySchool/Schedule.aspx?s=360&alg=33","https://www.mshsaa.org/MySchool/Matchup.aspx?s=360&alg=33&comp=2662364"
"360","Marshall High School","Volleyball Girls","57","Varsity","9/26","","","Smith-Cotton Tournament","tournament","https://www.mshsaa.org/MySchool/Schedule.aspx?s=360&alg=57","https://www.mshsaa.org/MySchool/Tournament.aspx?s=360&alg=57&tournament=554365"
"128","Mexico High School","Cross Country Boys","11","Varsity","9/26","9:00 am","","Gans Creek Festival","tournament","https://www.mshsaa.org/MySchool/Schedule.aspx?s=128&alg=11","https://www.mshsaa.org/MySchool/Tournament.aspx?s=128&alg=11&tournament=569372"
"128","Mexico High School","Cross Country Girls","12","Varsity","9/26","9:00 am","","Gans Creek Festival","tournament","https://www.mshsaa.org/MySchool/Schedule.aspx?s=128&alg=12","https://www.mshsaa.org/MySchool/Tournament.aspx?s=128&alg=12&tournament=588295"
"128","Mexico High School","Softball Fall Season","38","Varsity","9/26","","","MC Cluster","tournament","https://www.mshsaa.org/MySchool/Schedule.aspx?s=128&alg=38","https://www.mshsaa.org/MySchool/Tournament.aspx?s=128&alg=38&tournament=588862"
"128","Mexico High School","Volleyball Girls","57","Varsity","9/26","","","Megan Gross Invitational","tournament","https://www.mshsaa.org/MySchool/Schedule.aspx?s=128&alg=57","https://www.mshsaa.org/MySchool/Tournament.aspx?s=128&alg=57&tournament=551164"
"132","Moberly High School","Cross Country Boys","11","Varsity","9/26","","","Gans Creek","tournament","https://www.mshsaa.org/MySchool/Schedule.aspx?s=132&alg=11","https://www.mshsaa.org/MySchool/Tournament.aspx?s=132&alg=11&tournament=584822"
"132","Moberly High School","Cross Country Girls","12","Varsity","9/26","","","Gans Creek","tournament","https://www.mshsaa.org/MySchool/Schedule.aspx?s=132&alg=12","https://www.mshsaa.org/MySchool/Tournament.aspx?s=132&alg=12&tournament=585353"
"132","Moberly High School","Soccer Boys","33","Varsity","⤷ 9/26","9:00 am","","Hillsboro","tournament","https://www.mshsaa.org/MySchool/Schedule.aspx?s=132&alg=33","https://www.mshsaa.org/MySchool/Matchup.aspx?s=132&alg=33&comp=2788771"
"132","Moberly High School","Soccer Boys","33","Varsity","⤷ 9/26","2:00 pm","","Paseo Academy","tournament","https://www.mshsaa.org/MySchool/Schedule.aspx?s=132&alg=33","https://www.mshsaa.org/MySchool/Matchup.aspx?s=132&alg=33&comp=2788772"
"132","Moberly High School","Softball Fall Season","38","Varsity","9/26","11:30 am","","North Callaway","away","https://www.mshsaa.org/MySchool/Schedule.aspx?s=132&alg=38","https://www.mshsaa.org/MySchool/Matchup.aspx?s=132&alg=38&comp=2661290"
"132","Moberly High School","Softball Fall Season","38","Varsity","9/26","10:00 am","","Harrisburg","away","https://www.mshsaa.org/MySchool/Schedule.aspx?s=132&alg=38","https://www.mshsaa.org/MySchool/Matchup.aspx?s=132&alg=38&comp=2672592"
"139","North Callaway High School","Softball Fall Season","38","Varsity","9/26","11:30 am","","Moberly","away","https://www.mshsaa.org/MySchool/Schedule.aspx?s=139&alg=38","https://www.mshsaa.org/MySchool/Matchup.aspx?s=139&alg=38&comp=2614159"
"139","North Callaway High School","Softball Fall Season","38","Varsity","9/26","2:00 pm","","Harrisburg","away","https://www.mshsaa.org/MySchool/Schedule.aspx?s=139&alg=38","https://www.mshsaa.org/MySchool/Matchup.aspx?s=139&alg=38&comp=2672663"
"139","North Callaway High School","Volleyball Girls","57","Varsity","9/26","","","Winfield Quad","tournament","https://www.mshsaa.org/MySchool/Schedule.aspx?s=139&alg=57","https://www.mshsaa.org/MySchool/Tournament.aspx?s=139&alg=57&tournament=559693"
"139","North Callaway High School","Volleyball Girls","57","Varsity","⤷ 9/26","TBD","","STEAM Academy","tournament","https://www.mshsaa.org/MySchool/Schedule.aspx?s=139&alg=57","https://www.mshsaa.org/MySchool/Matchup.aspx?s=139&alg=57&comp=2767671"
"139","North Callaway High School","Volleyball Girls","57","Varsity","⤷ 9/26","10:15 am","","Liberty Christian Sr.","tournament","https://www.mshsaa.org/MySchool/Schedule.aspx?s=139&alg=57","https://www.mshsaa.org/MySchool/Matchup.aspx?s=139&alg=57&comp=2767672"
"139","North Callaway High School","Volleyball Girls","57","Varsity","⤷ 9/26","12:45 pm","","Winfield","tournament","https://www.mshsaa.org/MySchool/Schedule.aspx?s=139&alg=57","https://www.mshsaa.org/MySchool/Matchup.aspx?s=139&alg=57&comp=2767673"
"152","Osage High School","Cross Country Boys","11","Varsity","9/26","","","Mark Sabala XC Dam Invite","tournament","https://www.mshsaa.org/MySchool/Schedule.aspx?s=152&alg=11","https://www.mshsaa.org/MySchool/Tournament.aspx?s=152&alg=11&tournament=578477"
"152","Osage High School","Cross Country Girls","12","Varsity","9/26","","","Mark Sabala XC Dam Invite","tournament","https://www.mshsaa.org/MySchool/Schedule.aspx?s=152&alg=12","https://www.mshsaa.org/MySchool/Tournament.aspx?s=152&alg=12&tournament=578946"
"152","Osage High School","Volleyball Girls","57","Varsity","9/26","","","Smith-Cotton Tournament","tournament","https://www.mshsaa.org/MySchool/Schedule.aspx?s=152&alg=57","https://www.mshsaa.org/MySchool/Tournament.aspx?s=152&alg=57&tournament=562997"
"578","Rock Bridge High School","Soccer Boys","33","Varsity","9/26","1:00 pm","","Blue Valley Southwest Overland Park, KS","home","https://www.mshsaa.org/MySchool/Schedule.aspx?s=578&alg=33",""
"578","Rock Bridge High School","Volleyball Girls","57","Varsity","9/26","","","Rock Bridge Round Robin","tournament","https://www.mshsaa.org/MySchool/Schedule.aspx?s=578&alg=57","https://www.mshsaa.org/MySchool/Tournament.aspx?s=578&alg=57&tournament=579206"
"578","Rock Bridge High School","Volleyball Girls","57","Varsity","⤷ 9/26","TBD","","Blue Springs","tournament","https://www.mshsaa.org/MySchool/Schedule.aspx?s=578&alg=57","https://www.mshsaa.org/MySchool/Matchup.aspx?s=578&alg=57&comp=2784576"
"578","Rock Bridge High School","Volleyball Girls","57","Varsity","⤷ 9/26","TBD","","Grain Valley","tournament","https://www.mshsaa.org/MySchool/Schedule.aspx?s=578&alg=57","https://www.mshsaa.org/MySchool/Matchup.aspx?s=578&alg=57&comp=2784577"
"578","Rock Bridge High School","Volleyball Girls","57","Varsity","⤷ 9/26","TBD","","North Point","tournament","https://www.mshsaa.org/MySchool/Schedule.aspx?s=578&alg=57","https://www.mshsaa.org/MySchool/Matchup.aspx?s=578&alg=57&comp=2784578"
"578","Rock Bridge High School","Volleyball Girls","57","Varsity","⤷ 9/26","TBD","","Westminster Christian Academy","tournament","https://www.mshsaa.org/MySchool/Schedule.aspx?s=578&alg=57","https://www.mshsaa.org/MySchool/Matchup.aspx?s=578&alg=57&comp=2784580"
"430","Russellville High School","Cross Country Boys","11","Varsity","9/26","","","Mark Sabala XC Dam Invite","tournament","https://www.mshsaa.org/MySchool/Schedule.aspx?s=430&alg=11","https://www.mshsaa.org/MySchool/Tournament.aspx?s=430&alg=11&tournament=588593"
"430","Russellville High School","Cross Country Girls","12","Varsity","9/26","","","Mark Sabala XC Dam Invite","tournament","https://www.mshsaa.org/MySchool/Schedule.aspx?s=430&alg=12","https://www.mshsaa.org/MySchool/Tournament.aspx?s=430&alg=12&tournament=588594"
"430","Russellville High School","Softball Fall Season","38","Varsity","9/26","","","AA Softball Bash","tournament","https://www.mshsaa.org/MySchool/Schedule.aspx?s=430&alg=38","https://www.mshsaa.org/MySchool/Tournament.aspx?s=430&alg=38&tournament=542287"
"431","Salisbury High School","Softball Fall Season","38","Varsity","9/26","","","Paris Softball Tournament","tournament","https://www.mshsaa.org/MySchool/Schedule.aspx?s=431&alg=38","https://www.mshsaa.org/MySchool/Tournament.aspx?s=431&alg=38&tournament=545657"
"194","Smith-Cotton High School","Cross Country Boys","11","Varsity","9/26","","","Gans Creek Open","tournament","https://www.mshsaa.org/MySchool/Schedule.aspx?s=194&alg=11","https://www.mshsaa.org/MySchool/Tournament.aspx?s=194&alg=11&tournament=556795"
"194","Smith-Cotton High School","Cross Country Girls","12","Varsity","9/26","","","Gans Creek Open","tournament","https://www.mshsaa.org/MySchool/Schedule.aspx?s=194&alg=12","https://www.mshsaa.org/MySchool/Tournament.aspx?s=194&alg=12&tournament=558626"
"194","Smith-Cotton High School","Soccer Boys","33","Varsity","⤷ 9/26","TBD","","Summit Christian Academy","tournament","https://www.mshsaa.org/MySchool/Schedule.aspx?s=194&alg=33","https://www.mshsaa.org/MySchool/Matchup.aspx?s=194&alg=33&comp=2769331"
"194","Smith-Cotton High School","Softball Fall Season","38","Varsity","9/26","10:00 am","","Chillicothe","home","https://www.mshsaa.org/MySchool/Schedule.aspx?s=194&alg=38","https://www.mshsaa.org/MySchool/Matchup.aspx?s=194&alg=38&comp=2657358"
"194","Smith-Cotton High School","Softball Fall Season","38","Varsity","9/26","2:00 pm","","Platte County","home","https://www.mshsaa.org/MySchool/Schedule.aspx?s=194&alg=38","https://www.mshsaa.org/MySchool/Matchup.aspx?s=194&alg=38&comp=2723996"
"194","Smith-Cotton High School","Volleyball Girls","57","Varsity","9/26","","","Smith-Cotton Tournament","tournament","https://www.mshsaa.org/MySchool/Schedule.aspx?s=194&alg=57","https://www.mshsaa.org/MySchool/Tournament.aspx?s=194&alg=57&tournament=548486"
"197","South Callaway High School","Cross Country Boys","11","Varsity","9/26","","","Gans Creek Classic","tournament","https://www.mshsaa.org/MySchool/Schedule.aspx?s=197&alg=11","https://www.mshsaa.org/MySchool/Tournament.aspx?s=197&alg=11&tournament=574535"
"197","South Callaway High School","Cross Country Girls","12","Varsity","9/26","9:00 am","","Gans Creek Classic","tournament","https://www.mshsaa.org/MySchool/Schedule.aspx?s=197&alg=12","https://www.mshsaa.org/MySchool/Tournament.aspx?s=197&alg=12&tournament=574538"
"197","South Callaway High School","Softball Fall Season","38","Varsity","9/26","","","St. James Invitational","tournament","https://www.mshsaa.org/MySchool/Schedule.aspx?s=197&alg=38","https://www.mshsaa.org/MySchool/Tournament.aspx?s=197&alg=38&tournament=573902"
"2","Southern Boone High School","Cross Country Boys","11","Varsity","9/26","","","Gans Creek Classic","tournament","https://www.mshsaa.org/MySchool/Schedule.aspx?s=2&alg=11","https://www.mshsaa.org/MySchool/Tournament.aspx?s=2&alg=11&tournament=559454"
"2","Southern Boone High School","Cross Country Girls","12","Varsity","9/26","","","Gans Creek Classic","tournament","https://www.mshsaa.org/MySchool/Schedule.aspx?s=2&alg=12","https://www.mshsaa.org/MySchool/Tournament.aspx?s=2&alg=12&tournament=559462"
"474","Tipton High School","Volleyball Girls","57","Varsity","9/26","","","Smith-Cotton Tournament","tournament","https://www.mshsaa.org/MySchool/Schedule.aspx?s=474&alg=57","https://www.mshsaa.org/MySchool/Tournament.aspx?s=474&alg=57&tournament=558025"
"485","Versailles High School","Cross Country Boys","11","Varsity","9/26","","","Mark Sabala XC Dam Invite","tournament","https://www.mshsaa.org/MySchool/Schedule.aspx?s=485&alg=11","https://www.mshsaa.org/MySchool/Tournament.aspx?s=485&alg=11&tournament=565605"
"485","Versailles High School","Cross Country Girls","12","Varsity","9/26","","","Mark Sabala XC Dam Invite","tournament","https://www.mshsaa.org/MySchool/Schedule.aspx?s=485&alg=12","https://www.mshsaa.org/MySchool/Tournament.aspx?s=485&alg=12&tournament=565614"
"953","Battle High School","Golf Girls","24","Varsity","9/28","","","Lady Jays Invitational","tournament","https://www.mshsaa.org/MySchool/Schedule.aspx?s=953&alg=24","https://www.mshsaa.org/MySchool/Tournament.aspx?s=953&alg=24&tournament=597009"
"953","Battle High School","Tennis Girls","49","Varsity","9/28","4:30 pm","","Fulton","away","https://www.mshsaa.org/MySchool/Schedule.aspx?s=953&alg=49","https://www.mshsaa.org/MySchool/Matchup.aspx?s=953&alg=49&comp=2766288"
"217","Blair Oaks High School","Golf Girls","24","Varsity","9/28","","","Jefferson City Jays Invitational","tournament","https://www.mshsaa.org/MySchool/Schedule.aspx?s=217&alg=24","https://www.mshsaa.org/MySchool/Tournament.aspx?s=217&alg=24&tournament=589265"
"217","Blair Oaks High School","Volleyball Girls","57","Varsity","9/28","7:00 pm","","Southern Boone","home","https://www.mshsaa.org/MySchool/Schedule.aspx?s=217&alg=57","https://www.mshsaa.org/MySchool/Matchup.aspx?s=217&alg=57&comp=2632342"
"16","Boonville High School","Softball Fall Season","38","Varsity","9/28","5:00 pm","","Marshall","away","https://www.mshsaa.org/MySchool/Schedule.aspx?s=16&alg=38","https://www.mshsaa.org/MySchool/Matchup.aspx?s=16&alg=38&comp=2761443"
"16","Boonville High School","Volleyball Girls","57","Varsity","9/28","6:30 pm","","Mexico","away","https://www.mshsaa.org/MySchool/Schedule.aspx?s=16&alg=57","https://www.mshsaa.org/MySchool/Matchup.aspx?s=16&alg=57&comp=2669064"
"582","California High School","Volleyball Girls","57","Varsity","9/28","7:00 pm","","Hallsville","home","https://www.mshsaa.org/MySchool/Schedule.aspx?s=582&alg=57","https://www.mshsaa.org/MySchool/Matchup.aspx?s=582&alg=57&comp=2618098"
"26","Camdenton High School","Golf Girls","24","Varsity","9/28","","","Jefferson City Jays Invitational","tournament","https://www.mshsaa.org/MySchool/Schedule.aspx?s=26&alg=24","https://www.mshsaa.org/MySchool/Tournament.aspx?s=26&alg=24&tournament=590463"
"26","Camdenton High School","Softball Fall Season","38","Varsity","9/28","4:30 pm","","Capital City","away","https://www.mshsaa.org/MySchool/Schedule.aspx?s=26&alg=38","https://www.mshsaa.org/MySchool/Matchup.aspx?s=26&alg=38&comp=2650270"
"26","Camdenton High School","Tennis Girls","49","Varsity","9/28","4:30 pm","","Smith-Cotton","home","https://www.mshsaa.org/MySchool/Schedule.aspx?s=26&alg=49","https://www.mshsaa.org/MySchool/Matchup.aspx?s=26&alg=49&comp=2742714"
"1540","Capital City High School","Golf Girls","24","Varsity","9/28","","","Jefferson City Jays Invitational","tournament","https://www.mshsaa.org/MySchool/Schedule.aspx?s=1540&alg=24","https://www.mshsaa.org/MySchool/Tournament.aspx?s=1540&alg=24&tournament=591945"
"1540","Capital City High School","Softball Fall Season","38","Varsity","9/28","4:30 pm","","Camdenton","home","https://www.mshsaa.org/MySchool/Schedule.aspx?s=1540&alg=38","https://www.mshsaa.org/MySchool/Matchup.aspx?s=1540&alg=38&comp=2623146"
"1540","Capital City High School","Volleyball Girls","57","Varsity","9/28","5:00 pm","","Warrensburg","home","https://www.mshsaa.org/MySchool/Schedule.aspx?s=1540&alg=57","https://www.mshsaa.org/MySchool/Matchup.aspx?s=1540&alg=57&comp=2684505"
"53","Centralia High School","Golf Girls","24","Varsity","9/28","","","New Bloomfield Girls Golf Invitational","tournament","https://www.mshsaa.org/MySchool/Schedule.aspx?s=53&alg=24","https://www.mshsaa.org/MySchool/Tournament.aspx?s=53&alg=24&tournament=552262"
"53","Centralia High School","Softball Fall Season","38","Varsity","9/28","5:00 pm","","South Shelby","away","https://www.mshsaa.org/MySchool/Schedule.aspx?s=53&alg=38","https://www.mshsaa.org/MySchool/Matchup.aspx?s=53&alg=38&comp=2621770"
"53","Centralia High School","Volleyball Girls","57","Varsity","9/28","6:00 pm","","Wright City","away","https://www.mshsaa.org/MySchool/Schedule.aspx?s=53&alg=57","https://www.mshsaa.org/MySchool/Matchup.aspx?s=53&alg=57&comp=2655584"
"1099","Christian Fellowship","Softball Fall Season","38","Varsity","9/28","5:00 pm","","Osage","home","https://www.mshsaa.org/MySchool/Schedule.aspx?s=1099&alg=38","https://www.mshsaa.org/MySchool/Matchup.aspx?s=1099&alg=38&comp=2633020"
"566","Columbia Independent","Tennis Girls","49","Varsity","9/28","4:00 pm","","Kirksville","away","https://www.mshsaa.org/MySchool/Schedule.aspx?s=566&alg=49","https://www.mshsaa.org/MySchool/Matchup.aspx?s=566&alg=49&comp=2712349"
"278","Eldon High School","Softball Fall Season","38","Varsity","9/28","4:30 pm","","Owensville","home","https://www.mshsaa.org/MySchool/Schedule.aspx?s=278&alg=38","https://www.mshsaa.org/MySchool/Matchup.aspx?s=278&alg=38&comp=2628679"
"278","Eldon High School","Volleyball Girls","57","Varsity","9/28","6:30 pm","","Lebanon","home","https://www.mshsaa.org/MySchool/Schedule.aspx?s=278&alg=57","https://www.mshsaa.org/MySchool/Matchup.aspx?s=278&alg=57&comp=2623027"
"917","Father Tolton","Golf Girls","24","Varsity","9/28","","","Jefferson City Jays Invitational","tournament","https://www.mshsaa.org/MySchool/Schedule.aspx?s=917&alg=24","https://www.mshsaa.org/MySchool/Tournament.aspx?s=917&alg=24&tournament=589879"
"917","Father Tolton","Softball Fall Season","38","Varsity","9/28","5:00 pm","","Jamestown","home","https://www.mshsaa.org/MySchool/Schedule.aspx?s=917&alg=38","https://www.mshsaa.org/MySchool/Matchup.aspx?s=917&alg=38&comp=2750365"
"917","Father Tolton","Volleyball Girls","57","Varsity","9/28","6:30 pm","","Fatima","home","https://www.mshsaa.org/MySchool/Schedule.aspx?s=917&alg=57","https://www.mshsaa.org/MySchool/Matchup.aspx?s=917&alg=57&comp=2733218"
"294","Fayette High School","Softball Fall Season","38","Varsity","9/28","5:00 pm","","Northeast (Cairo)","home","https://www.mshsaa.org/MySchool/Schedule.aspx?s=294&alg=38","https://www.mshsaa.org/MySchool/Matchup.aspx?s=294&alg=38&comp=2634406"
"80","Fulton High School","Tennis Girls","49","Varsity","9/28","4:30 pm","","Battle","home","https://www.mshsaa.org/MySchool/Schedule.aspx?s=80&alg=49","https://www.mshsaa.org/MySchool/Matchup.aspx?s=80&alg=49&comp=2745185"
"302","Glasgow High School","Baseball Fall Season","66","Varsity","9/28","6:30 pm","","Higbee","home","https://www.mshsaa.org/MySchool/Schedule.aspx?s=302&alg=66","https://www.mshsaa.org/MySchool/Matchup.aspx?s=302&alg=66&comp=2674680"
"302","Glasgow High School","Softball Fall Season","38","Varsity","9/28","5:00 pm","","Higbee","home","https://www.mshsaa.org/MySchool/Schedule.aspx?s=302&alg=38","https://www.mshsaa.org/MySchool/Matchup.aspx?s=302&alg=38&comp=2674681"
"311","Hallsville High School","Softball Fall Season","38","Varsity","9/28","5:00 pm","","Osage","home","https://www.mshsaa.org/MySchool/Schedule.aspx?s=311&alg=38","https://www.mshsaa.org/MySchool/Matchup.aspx?s=311&alg=38&comp=2633020"
"311","Hallsville High School","Volleyball Girls","57","Varsity","9/28","7:00 pm","","California","away","https://www.mshsaa.org/MySchool/Schedule.aspx?s=311&alg=57","https://www.mshsaa.org/MySchool/Matchup.aspx?s=311&alg=57&comp=2619195"
"313","Harrisburg High School","Softball Fall Season","38","Varsity","9/28","5:00 pm","","Linn","away","https://www.mshsaa.org/MySchool/Schedule.aspx?s=313&alg=38","https://www.mshsaa.org/MySchool/Matchup.aspx?s=313&alg=38&comp=2649274"
"522","Helias High School","Golf Girls","24","Varsity","9/28","","","Jefferson City Jays Invitational","tournament","https://www.mshsaa.org/MySchool/Schedule.aspx?s=522&alg=24","https://www.mshsaa.org/MySchool/Tournament.aspx?s=522&alg=24&tournament=589268"
"85","Hickman High School","Golf Girls","24","Varsity","9/28","","","Columbia Quad","tournament","https://www.mshsaa.org/MySchool/Schedule.aspx?s=85&alg=24","https://www.mshsaa.org/MySchool/Tournament.aspx?s=85&alg=24&tournament=582987"
"85","Hickman High School","Golf Girls","24","Varsity","9/28","","","Jefferson City Jays Invitational","tournament","https://www.mshsaa.org/MySchool/Schedule.aspx?s=85&alg=24","https://www.mshsaa.org/MySchool/Tournament.aspx?s=85&alg=24&tournament=592560"
"85","Hickman High School","Softball Fall Season","38","Varsity","9/28","5:30 pm","","Smith-Cotton","home","https://www.mshsaa.org/MySchool/Schedule.aspx?s=85&alg=38","https://www.mshsaa.org/MySchool/Matchup.aspx?s=85&alg=38&comp=2712416"
"85","Hickman High School","Tennis Girls","49","Varsity","9/28","4:30 pm","","Moberly","home","https://www.mshsaa.org/MySchool/Schedule.aspx?s=85&alg=49","https://www.mshsaa.org/MySchool/Matchup.aspx?s=85&alg=49&comp=2765033"
"317","Higbee High School","Baseball Fall Season","66","Varsity","9/28","6:30 pm","","Glasgow","away","https://www.mshsaa.org/MySchool/Schedule.aspx?s=317&alg=66","https://www.mshsaa.org/MySchool/Matchup.aspx?s=317&alg=66&comp=2626887"
"317","Higbee High School","Softball Fall Season","38","Varsity","9/28","5:00 pm","","Glasgow","away","https://www.mshsaa.org/MySchool/Schedule.aspx?s=317&alg=38","https://www.mshsaa.org/MySchool/Matchup.aspx?s=317&alg=38&comp=2626907"
"84","Jefferson City High School","Golf Girls","24","Varsity","9/28","9:00 am","","Jefferson City Jays Invitational","tournament","https://www.mshsaa.org/MySchool/Schedule.aspx?s=84&alg=24","https://www.mshsaa.org/MySchool/Tournament.aspx?s=84&alg=24&tournament=576805"
"84","Jefferson City High School","Softball Fall Season","38","Varsity","9/28","5:00 pm","","Union","home","https://www.mshsaa.org/MySchool/Schedule.aspx?s=84&alg=38","https://www.mshsaa.org/MySchool/Matchup.aspx?s=84&alg=38&comp=2639947"
"84","Jefferson City High School","Swimming and Diving Boys","44","Varsity","9/28","","","Jeff City Invite - Jefferson City, Capital City, MMA, West Plains, Columbia, Camdenton and CIS","tournament","https://www.mshsaa.org/MySchool/Schedule.aspx?s=84&alg=44","https://www.mshsaa.org/MySchool/Tournament.aspx?s=84&alg=44&tournament=593349"
"360","Marshall High School","Golf Girls","24","Varsity","9/28","10:00 am","","Conference Tournament","tournament","https://www.mshsaa.org/MySchool/Schedule.aspx?s=360&alg=24","https://www.mshsaa.org/MySchool/Tournament.aspx?s=360&alg=24&tournament=583906"
"360","Marshall High School","Softball Fall Season","38","Varsity","9/28","5:00 pm","","Boonville","home","https://www.mshsaa.org/MySchool/Schedule.aspx?s=360&alg=38","https://www.mshsaa.org/MySchool/Matchup.aspx?s=360&alg=38&comp=2650345"
"360","Marshall High School","Tennis Girls","49","Varsity","9/28","4:00 pm","","Chillicothe","home","https://www.mshsaa.org/MySchool/Schedule.aspx?s=360&alg=49","https://www.mshsaa.org/MySchool/Matchup.aspx?s=360&alg=49&comp=2661603"
"360","Marshall High School","Volleyball Girls","57","Varsity","9/28","7:00 pm","","Chillicothe","away","https://www.mshsaa.org/MySchool/Schedule.aspx?s=360&alg=57","https://www.mshsaa.org/MySchool/Matchup.aspx?s=360&alg=57&comp=2719595"
"128","Mexico High School","Golf Girls","24","Varsity","9/28","","","Conference Tournament","tournament","https://www.mshsaa.org/MySchool/Schedule.aspx?s=128&alg=24","https://www.mshsaa.org/MySchool/Tournament.aspx?s=128&alg=24&tournament=585786"
"128","Mexico High School","Soccer Boys","33","Varsity","9/28","5:00 pm","","Fatima","home","https://www.mshsaa.org/MySchool/Schedule.aspx?s=128&alg=33","https://www.mshsaa.org/MySchool/Matchup.aspx?s=128&alg=33&comp=2643189"
"128","Mexico High School","Softball Fall Season","38","Varsity","9/28","5:00 pm","","Kirksville","home","https://www.mshsaa.org/MySchool/Schedule.aspx?s=128&alg=38","https://www.mshsaa.org/MySchool/Matchup.aspx?s=128&alg=38&comp=2663203"
"128","Mexico High School","Tennis Girls","49","Varsity","9/28","4:00 pm","","Palmyra","away","https://www.mshsaa.org/MySchool/Schedule.aspx?s=128&alg=49","https://www.mshsaa.org/MySchool/Matchup.aspx?s=128&alg=49&comp=2778820"
"128","Mexico High School","Volleyball Girls","57","Varsity","9/28","6:30 pm","","Boonville","home","https://www.mshsaa.org/MySchool/Schedule.aspx?s=128&alg=57","https://www.mshsaa.org/MySchool/Matchup.aspx?s=128&alg=57&comp=2652135"
"569","Missouri Military Academy","Soccer Boys","33","Varsity","9/28","5:00 pm","","Troy Buchanan","home","https://www.mshsaa.org/MySchool/Schedule.aspx?s=569&alg=33","https://www.mshsaa.org/MySchool/Matchup.aspx?s=569&alg=33&comp=2753262"
"569","Missouri Military Academy","Swimming and Diving Boys","44","Varsity","9/28","","","Jeff City Invite - Jefferson City, Capital City, MMA, West Plains, Columbia, Camdenton and CIS","tournament","https://www.mshsaa.org/MySchool/Schedule.aspx?s=569&alg=44","https://www.mshsaa.org/MySchool/Tournament.aspx?s=569&alg=44&tournament=589873"
"132","Moberly High School","Golf Girls","24","Varsity","9/28","","","Conference Tournament","tournament","https://www.mshsaa.org/MySchool/Schedule.aspx?s=132&alg=24","https://www.mshsaa.org/MySchool/Tournament.aspx?s=132&alg=24&tournament=582283"
"132","Moberly High School","Softball Fall Season","38","Varsity","9/28","5:00 pm","","Hannibal","away","https://www.mshsaa.org/MySchool/Schedule.aspx?s=132&alg=38","https://www.mshsaa.org/MySchool/Matchup.aspx?s=132&alg=38&comp=2671687"
"132","Moberly High School","Tennis Girls","49","Varsity","9/28","4:30 pm","","Hickman","away","https://www.mshsaa.org/MySchool/Schedule.aspx?s=132&alg=49","https://www.mshsaa.org/MySchool/Matchup.aspx?s=132&alg=49&comp=2766807"
"139","North Callaway High School","Volleyball Girls","57","Varsity","9/28","6:00 pm","","Russellville","home","https://www.mshsaa.org/MySchool/Schedule.aspx?s=139&alg=57","https://www.mshsaa.org/MySchool/Matchup.aspx?s=139&alg=57&comp=2615040"
"152","Osage High School","Softball Fall Season","38","Varsity","9/28","5:00 pm","","Hallsville with Christian Fellowship Sr.","away","https://www.mshsaa.org/MySchool/Schedule.aspx?s=152&alg=38","https://www.mshsaa.org/MySchool/Matchup.aspx?s=152&alg=38&comp=2646049"
"578","Rock Bridge High School","Golf Girls","24","Varsity","9/28","","","Jefferson City Jays Invitational","tournament","https://www.mshsaa.org/MySchool/Schedule.aspx?s=578&alg=24","https://www.mshsaa.org/MySchool/Tournament.aspx?s=578&alg=24&tournament=589592"
"430","Russellville High School","Softball Fall Season","38","Varsity","9/28","5:00 pm","","South Callaway","away","https://www.mshsaa.org/MySchool/Schedule.aspx?s=430&alg=38","https://www.mshsaa.org/MySchool/Matchup.aspx?s=430&alg=38&comp=2616308"
"430","Russellville High School","Volleyball Girls","57","Varsity","9/28","6:00 pm","","North Callaway","away","https://www.mshsaa.org/MySchool/Schedule.aspx?s=430&alg=57","https://www.mshsaa.org/MySchool/Matchup.aspx?s=430&alg=57&comp=2669284"
"431","Salisbury High School","Softball Fall Season","38","Varsity","9/28","5:00 pm","","Knox County","away","https://www.mshsaa.org/MySchool/Schedule.aspx?s=431&alg=38","https://www.mshsaa.org/MySchool/Matchup.aspx?s=431&alg=38&comp=2596026"
"194","Smith-Cotton High School","Softball Fall Season","38","Varsity","9/28","5:30 pm","","Hickman","away","https://www.mshsaa.org/MySchool/Schedule.aspx?s=194&alg=38","https://www.mshsaa.org/MySchool/Matchup.aspx?s=194&alg=38&comp=2657351"
"194","Smith-Cotton High School","Tennis Girls","49","Varsity","9/28","4:30 pm","","Camdenton","away","https://www.mshsaa.org/MySchool/Schedule.aspx?s=194&alg=49","https://www.mshsaa.org/MySchool/Matchup.aspx?s=194&alg=49&comp=2669525"
"194","Smith-Cotton High School","Volleyball Girls","57","Varsity","9/28","7:00 pm","","Versailles","away","https://www.mshsaa.org/MySchool/Schedule.aspx?s=194&alg=57","https://www.mshsaa.org/MySchool/Matchup.aspx?s=194&alg=57&comp=2760881"
"197","South Callaway High School","Softball Fall Season","38","Varsity","9/28","5:00 pm","","Russellville","home","https://www.mshsaa.org/MySchool/Schedule.aspx?s=197&alg=38","https://www.mshsaa.org/MySchool/Matchup.aspx?s=197&alg=38&comp=2646681"
"2","Southern Boone High School","Volleyball Girls","57","Varsity","9/28","7:00 pm","","Blair Oaks","away","https://www.mshsaa.org/MySchool/Schedule.aspx?s=2&alg=57","https://www.mshsaa.org/MySchool/Matchup.aspx?s=2&alg=57&comp=2653887"
"474","Tipton High School","Golf Girls","24","Varsity","9/28","","","Jefferson City Jays Invitational","tournament","https://www.mshsaa.org/MySchool/Schedule.aspx?s=474&alg=24","https://www.mshsaa.org/MySchool/Tournament.aspx?s=474&alg=24&tournament=590891"
"474","Tipton High School","Volleyball Girls","57","Varsity","9/28","6:30 pm","","Cole Camp","home","https://www.mshsaa.org/MySchool/Schedule.aspx?s=474&alg=57","https://www.mshsaa.org/MySchool/Matchup.aspx?s=474&alg=57&comp=2633244"
"485","Versailles High School","Volleyball Girls","57","Varsity","9/28","7:00 pm","","Smith-Cotton","home","https://www.mshsaa.org/MySchool/Schedule.aspx?s=485&alg=57","https://www.mshsaa.org/MySchool/Matchup.aspx?s=485&alg=57&comp=2760882"
"953","Battle High School","Soccer Boys","33","Varsity","9/29","6:30 pm","","Camdenton","home","https://www.mshsaa.org/MySchool/Schedule.aspx?s=953&alg=33","https://www.mshsaa.org/MySchool/Matchup.aspx?s=953&alg=33&comp=2767056"
"953","Battle High School","Softball Fall Season","38","Varsity","9/29","5:00 pm","","Jefferson City","away","https://www.mshsaa.org/MySchool/Schedule.aspx?s=953&alg=38","https://www.mshsaa.org/MySchool/Matchup.aspx?s=953&alg=38&comp=2762403"
"953","Battle High School","Volleyball Girls","57","Varsity","9/29","6:00 pm","","Union","away","https://www.mshsaa.org/MySchool/Schedule.aspx?s=953&alg=57","https://www.mshsaa.org/MySchool/Matchup.aspx?s=953&alg=57&comp=2762760"
"217","Blair Oaks High School","Golf Girls","24","Varsity","9/29","","","Tri County Conference Tournament","tournament","https://www.mshsaa.org/MySchool/Schedule.aspx?s=217&alg=24","https://www.mshsaa.org/MySchool/Tournament.aspx?s=217&alg=24&tournament=581391"
"217","Blair Oaks High School","Softball Fall Season","38","Varsity","9/29","5:00 pm","","California","away","https://www.mshsaa.org/MySchool/Schedule.aspx?s=217&alg=38","https://www.mshsaa.org/MySchool/Matchup.aspx?s=217&alg=38&comp=2622508"
"217","Blair Oaks High School","Volleyball Girls","57","Varsity","9/29","7:00 pm","","Fulton","home","https://www.mshsaa.org/MySchool/Schedule.aspx?s=217&alg=57","https://www.mshsaa.org/MySchool/Matchup.aspx?s=217&alg=57&comp=2662888"
"16","Boonville High School","Golf Girls","24","Varsity","9/29","9:00 am","","Tri County Conference Tournament","tournament","https://www.mshsaa.org/MySchool/Schedule.aspx?s=16&alg=24","https://www.mshsaa.org/MySchool/Tournament.aspx?s=16&alg=24&tournament=581663"
"16","Boonville High School","Soccer Boys","33","Varsity","9/29","6:45 pm","","Osage","away","https://www.mshsaa.org/MySchool/Schedule.aspx?s=16&alg=33","https://www.mshsaa.org/MySchool/Matchup.aspx?s=16&alg=33&comp=2710330"
"16","Boonville High School","Softball Fall Season","38","Varsity","9/29","5:00 pm","","Father Tolton","away","https://www.mshsaa.org/MySchool/Schedule.aspx?s=16&alg=38","https://www.mshsaa.org/MySchool/Matchup.aspx?s=16&alg=38&comp=2754499"
"16","Boonville High School","Tennis Girls","49","Varsity","9/29","4:30 pm","","Father Tolton","home","https://www.mshsaa.org/MySchool/Schedule.aspx?s=16&alg=49","https://www.mshsaa.org/MySchool/Matchup.aspx?s=16&alg=49&comp=2765947"
"16","Boonville High School","Volleyball Girls","57","Varsity","9/29","6:30 pm","","Christian Fellowship Sr.","home","https://www.mshsaa.org/MySchool/Schedule.aspx?s=16&alg=57","https://www.mshsaa.org/MySchool/Matchup.aspx?s=16&alg=57&comp=2723499"
"582","California High School","Golf Girls","24","Varsity","9/29","","","Tri County Conference Tournament","tournament","https://www.mshsaa.org/MySchool/Schedule.aspx?s=582&alg=24","https://www.mshsaa.org/MySchool/Tournament.aspx?s=582&alg=24&tournament=547325"
"582","California High School","Softball Fall Season","38","Varsity","9/29","5:00 pm","","Blair Oaks","home","https://www.mshsaa.org/MySchool/Schedule.aspx?s=582&alg=38","https://www.mshsaa.org/MySchool/Matchup.aspx?s=582&alg=38&comp=2618139"
"582","California High School","Volleyball Girls","57","Varsity","9/29","7:30 pm","","Southern Boone","home","https://www.mshsaa.org/MySchool/Schedule.aspx?s=582&alg=57","https://www.mshsaa.org/MySchool/Matchup.aspx?s=582&alg=57&comp=2618099"
"26","Camdenton High School","Golf Girls","24","Varsity","9/29","4:00 pm","","Nixa","away","https://www.mshsaa.org/MySchool/Schedule.aspx?s=26&alg=24","https://www.mshsaa.org/MySchool/Matchup.aspx?s=26&alg=24&comp=2707125"
"26","Camdenton High School","Soccer Boys","33","Varsity","9/29","6:30 pm","","Battle with Columbia Independent","away","https://www.mshsaa.org/MySchool/Schedule.aspx?s=26&alg=33","https://www.mshsaa.org/MySchool/Matchup.aspx?s=26&alg=33&comp=2742664"
"26","Camdenton High School","Softball Fall Season","38","Varsity","9/29","5:00 pm","","Eugene","away","https://www.mshsaa.org/MySchool/Schedule.aspx?s=26&alg=38","https://www.mshsaa.org/MySchool/Matchup.aspx?s=26&alg=38&comp=2742728"
"26","Camdenton High School","Volleyball Girls","57","Varsity","9/29","7:30 pm","","Jefferson City","home","https://www.mshsaa.org/MySchool/Schedule.aspx?s=26&alg=57","https://www.mshsaa.org/MySchool/Matchup.aspx?s=26&alg=57&comp=2742766"
"1540","Capital City High School","Golf Girls","24","Varsity","9/29","4:00 pm","","Jefferson City","home","https://www.mshsaa.org/MySchool/Schedule.aspx?s=1540&alg=24","https://www.mshsaa.org/MySchool/Matchup.aspx?s=1540&alg=24&comp=2692793"
"1540","Capital City High School","Soccer Boys","33","Varsity","9/29","7:00 pm","","Helias Catholic","home","https://www.mshsaa.org/MySchool/Schedule.aspx?s=1540&alg=33","https://www.mshsaa.org/MySchool/Matchup.aspx?s=1540&alg=33&comp=2662534"
"1540","Capital City High School","Softball Fall Season","38","Varsity","9/29","5:30 pm","","Southern Boone","away","https://www.mshsaa.org/MySchool/Schedule.aspx?s=1540&alg=38","https://www.mshsaa.org/MySchool/Matchup.aspx?s=1540&alg=38&comp=2623147"
"1540","Capital City High School","Tennis Girls","49","Varsity","9/29","4:00 pm","","Rolla","home","https://www.mshsaa.org/MySchool/Schedule.aspx?s=1540&alg=49","https://www.mshsaa.org/MySchool/Matchup.aspx?s=1540&alg=49&comp=2647854"
"1540","Capital City High School","Volleyball Girls","57","Varsity","9/29","7:00 pm","","Linn","away","https://www.mshsaa.org/MySchool/Schedule.aspx?s=1540&alg=57","https://www.mshsaa.org/MySchool/Matchup.aspx?s=1540&alg=57&comp=2684510"
"53","Centralia High School","Softball Fall Season","38","Varsity","9/29","6:30 pm","","Chillicothe","home","https://www.mshsaa.org/MySchool/Schedule.aspx?s=53&alg=38","https://www.mshsaa.org/MySchool/Matchup.aspx?s=53&alg=38&comp=2655439"
"53","Centralia High School","Volleyball Girls","57","Varsity","9/29","7:00 pm","","Hallsville","away","https://www.mshsaa.org/MySchool/Schedule.aspx?s=53&alg=57","https://www.mshsaa.org/MySchool/Matchup.aspx?s=53&alg=57&comp=2644708"
"1099","Christian Fellowship","Soccer Boys","33","Varsity","9/29","5:00 pm","","Stover","away","https://www.mshsaa.org/MySchool/Schedule.aspx?s=1099&alg=33","https://www.mshsaa.org/MySchool/Matchup.aspx?s=1099&alg=33&comp=2695940"
"1099","Christian Fellowship","Softball Fall Season","38","Varsity","9/29","5:00 pm","","Fulton","away","https://www.mshsaa.org/MySchool/Schedule.aspx?s=1099&alg=38","https://www.mshsaa.org/MySchool/Matchup.aspx?s=1099&alg=38&comp=2654173"
"1099","Christian Fellowship","Volleyball Girls","57","Varsity","9/29","6:30 pm","","Boonville","away","https://www.mshsaa.org/MySchool/Schedule.aspx?s=1099&alg=57","https://www.mshsaa.org/MySchool/Matchup.aspx?s=1099&alg=57&comp=2723503"
"566","Columbia Independent","Soccer Boys","33","Varsity","9/29","6:30 pm","","Camdenton","home","https://www.mshsaa.org/MySchool/Schedule.aspx?s=566&alg=33","https://www.mshsaa.org/MySchool/Matchup.aspx?s=566&alg=33&comp=2767056"
"566","Columbia Independent","Volleyball Girls","57","Varsity","9/29","6:00 pm","","Lighthouse Sr.","home","https://www.mshsaa.org/MySchool/Schedule.aspx?s=566&alg=57","https://www.mshsaa.org/MySchool/Matchup.aspx?s=566&alg=57&comp=2721144"
"278","Eldon High School","Golf Girls","24","Varsity","9/29","","","Tri County Conference Tournament","tournament","https://www.mshsaa.org/MySchool/Schedule.aspx?s=278&alg=24","https://www.mshsaa.org/MySchool/Tournament.aspx?s=278&alg=24&tournament=545003"
"917","Father Tolton","Golf Girls","24","Varsity","9/29","12:00 pm","","Angel Classic","tournament","https://www.mshsaa.org/MySchool/Schedule.aspx?s=917&alg=24","https://www.mshsaa.org/MySchool/Tournament.aspx?s=917&alg=24&tournament=589860"
"917","Father Tolton","Soccer Boys","33","Varsity","9/29","6:45 pm","","St. Charles","away","https://www.mshsaa.org/MySchool/Schedule.aspx?s=917&alg=33","https://www.mshsaa.org/MySchool/Matchup.aspx?s=917&alg=33&comp=2665276"
"917","Father Tolton","Softball Fall Season","38","Varsity","9/29","5:00 pm","","Boonville","home","https://www.mshsaa.org/MySchool/Schedule.aspx?s=917&alg=38","https://www.mshsaa.org/MySchool/Matchup.aspx?s=917&alg=38&comp=2695768"
"917","Father Tolton","Tennis Girls","49","Varsity","9/29","4:30 pm","","Boonville","away","https://www.mshsaa.org/MySchool/Schedule.aspx?s=917&alg=49","https://www.mshsaa.org/MySchool/Matchup.aspx?s=917&alg=49&comp=2766819"
"294","Fayette High School","Golf Girls","24","Varsity","9/29","4:00 pm","","Glasgow","away","https://www.mshsaa.org/MySchool/Schedule.aspx?s=294&alg=24","https://www.mshsaa.org/MySchool/Matchup.aspx?s=294&alg=24&comp=2719124"
"294","Fayette High School","Softball Fall Season","38","Varsity","9/29","5:00 pm","","Paris","away","https://www.mshsaa.org/MySchool/Schedule.aspx?s=294&alg=38","https://www.mshsaa.org/MySchool/Matchup.aspx?s=294&alg=38&comp=2635051"
"80","Fulton High School","Golf Girls","24","Varsity","9/29","","","Tri County Conference Tournament","tournament","https://www.mshsaa.org/MySchool/Schedule.aspx?s=80&alg=24","https://www.mshsaa.org/MySchool/Tournament.aspx?s=80&alg=24&tournament=582491"
"80","Fulton High School","Soccer Boys","33","Varsity","9/29","5:00 pm","","Moberly","home","https://www.mshsaa.org/MySchool/Schedule.aspx?s=80&alg=33","https://www.mshsaa.org/MySchool/Matchup.aspx?s=80&alg=33&comp=2647573"
"80","Fulton High School","Softball Fall Season","38","Varsity","9/29","5:00 pm","","Hallsville with Christian Fellowship Sr.","home","https://www.mshsaa.org/MySchool/Schedule.aspx?s=80&alg=38","https://www.mshsaa.org/MySchool/Matchup.aspx?s=80&alg=38&comp=2653049"
"80","Fulton High School","Volleyball Girls","57","Varsity","9/29","7:00 pm","","Blair Oaks","away","https://www.mshsaa.org/MySchool/Schedule.aspx?s=80&alg=57","https://www.mshsaa.org/MySchool/Matchup.aspx?s=80&alg=57&comp=2666422"
"302","Glasgow High School","Baseball Fall Season","66","Varsity","9/29","5:00 pm","","Prairie Home with Bunceton","home","https://www.mshsaa.org/MySchool/Schedule.aspx?s=302&alg=66","https://www.mshsaa.org/MySchool/Matchup.aspx?s=302&alg=66&comp=2788560"
"302","Glasgow High School","Golf Girls","24","Varsity","9/29","4:00 pm","","Fayette","away","https://www.mshsaa.org/MySchool/Schedule.aspx?s=302&alg=24","https://www.mshsaa.org/MySchool/Matchup.aspx?s=302&alg=24&comp=2768869"
"302","Glasgow High School","Softball Fall Season","38","Varsity","9/29","5:00 pm","","Brunswick with Keytesville, Northwestern (Mendon)","away","https://www.mshsaa.org/MySchool/Schedule.aspx?s=302&alg=38","https://www.mshsaa.org/MySchool/Matchup.aspx?s=302&alg=38&comp=2737356"
"311","Hallsville High School","Golf Girls","24","Varsity","9/29","","","Tri County Conference Tournament","tournament","https://www.mshsaa.org/MySchool/Schedule.aspx?s=311&alg=24","https://www.mshsaa.org/MySchool/Tournament.aspx?s=311&alg=24&tournament=581718"
"311","Hallsville High School","Soccer Boys","33","Varsity","9/29","5:00 pm","","Stover","away","https://www.mshsaa.org/MySchool/Schedule.aspx?s=311&alg=33","https://www.mshsaa.org/MySchool/Matchup.aspx?s=311&alg=33&comp=2695940"
"311","Hallsville High School","Softball Fall Season","38","Varsity","9/29","5:00 pm","","Fulton","away","https://www.mshsaa.org/MySchool/Schedule.aspx?s=311&alg=38","https://www.mshsaa.org/MySchool/Matchup.aspx?s=311&alg=38&comp=2654173"
"311","Hallsville High School","Volleyball Girls","57","Varsity","9/29","7:00 pm","","Centralia","home","https://www.mshsaa.org/MySchool/Schedule.aspx?s=311&alg=57","https://www.mshsaa.org/MySchool/Matchup.aspx?s=311&alg=57&comp=2638637"
"313","Harrisburg High School","Cross Country Boys","11","Varsity","9/29","","","Warsaw Invitational","tournament","https://www.mshsaa.org/MySchool/Schedule.aspx?s=313&alg=11","https://www.mshsaa.org/MySchool/Tournament.aspx?s=313&alg=11&tournament=578154"
"313","Harrisburg High School","Cross Country Girls","12","Varsity","9/29","","","Warsaw Invitational","tournament","https://www.mshsaa.org/MySchool/Schedule.aspx?s=313&alg=12","https://www.mshsaa.org/MySchool/Tournament.aspx?s=313&alg=12&tournament=578155"
"522","Helias High School","Soccer Boys","33","Varsity","9/29","7:00 pm","","Capital City","away","https://www.mshsaa.org/MySchool/Schedule.aspx?s=522&alg=33","https://www.mshsaa.org/MySchool/Matchup.aspx?s=522&alg=33&comp=2666710"
"522","Helias High School","Softball Fall Season","38","Varsity","9/29","5:00 pm","","Rock Bridge","home","https://www.mshsaa.org/MySchool/Schedule.aspx?s=522&alg=38","https://www.mshsaa.org/MySchool/Matchup.aspx?s=522&alg=38&comp=2641011"
"522","Helias High School","Tennis Girls","49","Varsity","9/29","4:00 pm","","Osage","home","https://www.mshsaa.org/MySchool/Schedule.aspx?s=522&alg=49","https://www.mshsaa.org/MySchool/Matchup.aspx?s=522&alg=49&comp=2627977"
"522","Helias High School","Volleyball Girls","57","Varsity","9/29","7:30 pm","","Rock Bridge","away","https://www.mshsaa.org/MySchool/Schedule.aspx?s=522&alg=57","https://www.mshsaa.org/MySchool/Matchup.aspx?s=522&alg=57&comp=2676612"
"85","Hickman High School","Soccer Boys","33","Varsity","9/29","6:30 pm","","Jefferson City","away","https://www.mshsaa.org/MySchool/Schedule.aspx?s=85&alg=33","https://www.mshsaa.org/MySchool/Matchup.aspx?s=85&alg=33&comp=2675494"
"85","Hickman High School","Tennis Girls","49","Varsity","9/29","4:30 pm","","Rock Bridge","home","https://www.mshsaa.org/MySchool/Schedule.aspx?s=85&alg=49","https://www.mshsaa.org/MySchool/Matchup.aspx?s=85&alg=49&comp=2744162"
"85","Hickman High School","Volleyball Girls","57","Varsity","9/29","7:30 pm","","Smith-Cotton","home","https://www.mshsaa.org/MySchool/Schedule.aspx?s=85&alg=57","https://www.mshsaa.org/MySchool/Matchup.aspx?s=85&alg=57&comp=2710746"
"317","Higbee High School","Baseball Fall Season","66","Varsity","9/29","5:00 pm","","Atlanta","home","https://www.mshsaa.org/MySchool/Schedule.aspx?s=317&alg=66","https://www.mshsaa.org/MySchool/Matchup.aspx?s=317&alg=66&comp=2626888"
"317","Higbee High School","Softball Fall Season","38","Varsity","9/29","5:00 pm","","Atlanta","home","https://www.mshsaa.org/MySchool/Schedule.aspx?s=317&alg=38","https://www.mshsaa.org/MySchool/Matchup.aspx?s=317&alg=38&comp=2626908"
"84","Jefferson City High School","Golf Girls","24","Varsity","9/29","3:30 pm","","Capital City","home","https://www.mshsaa.org/MySchool/Schedule.aspx?s=84&alg=24","https://www.mshsaa.org/MySchool/Matchup.aspx?s=84&alg=24&comp=2736029"
"84","Jefferson City High School","Soccer Boys","33","Varsity","9/29","6:30 pm","","Hickman","home","https://www.mshsaa.org/MySchool/Schedule.aspx?s=84&alg=33","https://www.mshsaa.org/MySchool/Matchup.aspx?s=84&alg=33&comp=2660271"
"84","Jefferson City High School","Softball Fall Season","38","Varsity","9/29","5:00 pm","","Battle","home","https://www.mshsaa.org/MySchool/Schedule.aspx?s=84&alg=38","https://www.mshsaa.org/MySchool/Matchup.aspx?s=84&alg=38&comp=2639948"
"84","Jefferson City High School","Volleyball Girls","57","Varsity","9/29","6:30 pm","","Camdenton","away","https://www.mshsaa.org/MySchool/Schedule.aspx?s=84&alg=57","https://www.mshsaa.org/MySchool/Matchup.aspx?s=84&alg=57&comp=2653579"
"360","Marshall High School","Cross Country Boys","11","Varsity","9/29","","","Warsaw Invitational","tournament","https://www.mshsaa.org/MySchool/Schedule.aspx?s=360&alg=11","https://www.mshsaa.org/MySchool/Tournament.aspx?s=360&alg=11&tournament=563995"
"360","Marshall High School","Cross Country Girls","12","Varsity","9/29","","","Warsaw Invitational","tournament","https://www.mshsaa.org/MySchool/Schedule.aspx?s=360&alg=12","https://www.mshsaa.org/MySchool/Tournament.aspx?s=360&alg=12&tournament=578258"
"360","Marshall High School","Soccer Boys","33","Varsity","9/29","6:30 pm","","Warrensburg","home","https://www.mshsaa.org/MySchool/Schedule.aspx?s=360&alg=33","https://www.mshsaa.org/MySchool/Matchup.aspx?s=360&alg=33&comp=2676332"
"360","Marshall High School","Tennis Girls","49","Varsity","9/29","5:00 pm","","Sacred Heart","home","https://www.mshsaa.org/MySchool/Schedule.aspx?s=360&alg=49","https://www.mshsaa.org/MySchool/Matchup.aspx?s=360&alg=49&comp=2769618"
"128","Mexico High School","Soccer Boys","33","Varsity","9/29","6:30 pm","","Southern Boone","away","https://www.mshsaa.org/MySchool/Schedule.aspx?s=128&alg=33","https://www.mshsaa.org/MySchool/Matchup.aspx?s=128&alg=33&comp=2643190"
"128","Mexico High School","Softball Fall Season","38","Varsity","9/29","5:00 pm","","Elsberry","away","https://www.mshsaa.org/MySchool/Schedule.aspx?s=128&alg=38","https://www.mshsaa.org/MySchool/Matchup.aspx?s=128&alg=38&comp=2788659"
"128","Mexico High School","Volleyball Girls","57","Varsity","9/29","6:00 pm","","Chamois","home","https://www.mshsaa.org/MySchool/Schedule.aspx?s=128&alg=57","https://www.mshsaa.org/MySchool/Matchup.aspx?s=128&alg=57&comp=2652136"
"569","Missouri Military Academy","Soccer Boys","33","Varsity","9/29","5:00 pm","","Kirksville","home","https://www.mshsaa.org/MySchool/Schedule.aspx?s=569&alg=33","https://www.mshsaa.org/MySchool/Matchup.aspx?s=569&alg=33&comp=2691218"
"132","Moberly High School","Golf Girls","24","Varsity","9/29","","","Randolph County Cup","tournament","https://www.mshsaa.org/MySchool/Schedule.aspx?s=132&alg=24","https://www.mshsaa.org/MySchool/Tournament.aspx?s=132&alg=24&tournament=575669"
"132","Moberly High School","Soccer Boys","33","Varsity","9/29","5:00 pm","","Fulton","away","https://www.mshsaa.org/MySchool/Schedule.aspx?s=132&alg=33","https://www.mshsaa.org/MySchool/Matchup.aspx?s=132&alg=33&comp=2718397"
"132","Moberly High School","Softball Fall Season","38","Varsity","9/29","5:00 pm","","Northeast (Cairo)","away","https://www.mshsaa.org/MySchool/Schedule.aspx?s=132&alg=38","https://www.mshsaa.org/MySchool/Matchup.aspx?s=132&alg=38&comp=2661292"
"139","North Callaway High School","Softball Fall Season","38","Varsity","9/29","5:00 pm","","Louisiana","away","https://www.mshsaa.org/MySchool/Schedule.aspx?s=139&alg=38","https://www.mshsaa.org/MySchool/Matchup.aspx?s=139&alg=38&comp=2614162"
"139","North Callaway High School","Volleyball Girls","57","Varsity","9/29","6:00 pm","","Osage","home","https://www.mshsaa.org/MySchool/Schedule.aspx?s=139&alg=57","https://www.mshsaa.org/MySchool/Matchup.aspx?s=139&alg=57&comp=2769972"
"152","Osage High School","Golf Girls","24","Varsity","9/29","","","Tri County Conference Tournament","tournament","https://www.mshsaa.org/MySchool/Schedule.aspx?s=152&alg=24","https://www.mshsaa.org/MySchool/Tournament.aspx?s=152&alg=24&tournament=581417"
"152","Osage High School","Soccer Boys","33","Varsity","9/29","6:45 pm","","Boonville","home","https://www.mshsaa.org/MySchool/Schedule.aspx?s=152&alg=33","https://www.mshsaa.org/MySchool/Matchup.aspx?s=152&alg=33&comp=2702059"
"152","Osage High School","Softball Fall Season","38","Varsity","9/29","4:30 pm","","Crocker","away","https://www.mshsaa.org/MySchool/Schedule.aspx?s=152&alg=38","https://www.mshsaa.org/MySchool/Matchup.aspx?s=152&alg=38&comp=2656331"
"152","Osage High School","Tennis Girls","49","Varsity","9/29","4:00 pm","","Helias Catholic","away","https://www.mshsaa.org/MySchool/Schedule.aspx?s=152&alg=49","https://www.mshsaa.org/MySchool/Matchup.aspx?s=152&alg=49&comp=2697358"
"152","Osage High School","Volleyball Girls","57","Varsity","9/29","6:00 pm","","North Callaway","away","https://www.mshsaa.org/MySchool/Schedule.aspx?s=152&alg=57","https://www.mshsaa.org/MySchool/Matchup.aspx?s=152&alg=57&comp=2769167"
"578","Rock Bridge High School","Soccer Boys","33","Varsity","9/29","6:30 pm","","Smith-Cotton","away","https://www.mshsaa.org/MySchool/Schedule.aspx?s=578&alg=33","https://www.mshsaa.org/MySchool/Matchup.aspx?s=578&alg=33&comp=2678983"
"578","Rock Bridge High School","Softball Fall Season","38","Varsity","9/29","5:00 pm","","Helias Catholic","away","https://www.mshsaa.org/MySchool/Schedule.aspx?s=578&alg=38","https://www.mshsaa.org/MySchool/Matchup.aspx?s=578&alg=38&comp=2641058"
"578","Rock Bridge High School","Tennis Girls","49","Varsity","9/29","4:30 pm","","Hickman","away","https://www.mshsaa.org/MySchool/Schedule.aspx?s=578&alg=49","https://www.mshsaa.org/MySchool/Matchup.aspx?s=578&alg=49&comp=2722094"
"578","Rock Bridge High School","Volleyball Girls","57","Varsity","9/29","7:30 pm","","Helias Catholic","home","https://www.mshsaa.org/MySchool/Schedule.aspx?s=578&alg=57","https://www.mshsaa.org/MySchool/Matchup.aspx?s=578&alg=57&comp=2675980"
"430","Russellville High School","Softball Fall Season","38","Varsity","9/29","5:00 pm","","St. Elizabeth","away","https://www.mshsaa.org/MySchool/Schedule.aspx?s=430&alg=38","https://www.mshsaa.org/MySchool/Matchup.aspx?s=430&alg=38&comp=2616309"
"430","Russellville High School","Volleyball Girls","57","Varsity","9/29","7:00 pm","","Sunnydale Adventist Acad HS","home","https://www.mshsaa.org/MySchool/Schedule.aspx?s=430&alg=57","https://www.mshsaa.org/MySchool/Matchup.aspx?s=430&alg=57&comp=2612888"
"431","Salisbury High School","Golf Girls","24","Varsity","9/29","9:00 am","","Paris Tournament Scramble","tournament","https://www.mshsaa.org/MySchool/Schedule.aspx?s=431&alg=24","https://www.mshsaa.org/MySchool/Tournament.aspx?s=431&alg=24&tournament=599860"
"431","Salisbury High School","Softball Fall Season","38","Varsity","9/29","5:00 pm","","Westran","away","https://www.mshsaa.org/MySchool/Schedule.aspx?s=431&alg=38","https://www.mshsaa.org/MySchool/Matchup.aspx?s=431&alg=38&comp=2601469"
"194","Smith-Cotton High School","Soccer Boys","33","Varsity","9/29","6:30 pm","","Rock Bridge","home","https://www.mshsaa.org/MySchool/Schedule.aspx?s=194&alg=33","https://www.mshsaa.org/MySchool/Matchup.aspx?s=194&alg=33&comp=2677008"
"194","Smith-Cotton High School","Swimming and Diving Boys","44","Varsity","9/29","4:00 pm","","Blue Springs Invite","tournament","https://www.mshsaa.org/MySchool/Schedule.aspx?s=194&alg=44","https://www.mshsaa.org/MySchool/Tournament.aspx?s=194&alg=44&tournament=589590"
"194","Smith-Cotton High School","Volleyball Girls","57","Varsity","9/29","7:30 pm","","Hickman","away","https://www.mshsaa.org/MySchool/Schedule.aspx?s=194&alg=57","https://www.mshsaa.org/MySchool/Matchup.aspx?s=194&alg=57&comp=2643404"
"2","Southern Boone High School","Golf Girls","24","Varsity","9/29","","","Tri County Conference Tournament","tournament","https://www.mshsaa.org/MySchool/Schedule.aspx?s=2&alg=24","https://www.mshsaa.org/MySchool/Tournament.aspx?s=2&alg=24&tournament=564537"
"2","Southern Boone High School","Soccer Boys","33","Varsity","9/29","6:30 pm","","Mexico","home","https://www.mshsaa.org/MySchool/Schedule.aspx?s=2&alg=33","https://www.mshsaa.org/MySchool/Matchup.aspx?s=2&alg=33&comp=2632895"
"2","Southern Boone High School","Softball Fall Season","38","Varsity","9/29","5:30 pm","","Capital City","home","https://www.mshsaa.org/MySchool/Schedule.aspx?s=2&alg=38","https://www.mshsaa.org/MySchool/Matchup.aspx?s=2&alg=38&comp=2650868"
"2","Southern Boone High School","Volleyball Girls","57","Varsity","9/29","7:30 pm","","California","away","https://www.mshsaa.org/MySchool/Schedule.aspx?s=2&alg=57","https://www.mshsaa.org/MySchool/Matchup.aspx?s=2&alg=57&comp=2627341"
"485","Versailles High School","Cross Country Boys","11","Varsity","9/29","","","Warsaw Invitational","tournament","https://www.mshsaa.org/MySchool/Schedule.aspx?s=485&alg=11","https://www.mshsaa.org/MySchool/Tournament.aspx?s=485&alg=11&tournament=565606"
"485","Versailles High School","Cross Country Girls","12","Varsity","9/29","","","Warsaw Invitational","tournament","https://www.mshsaa.org/MySchool/Schedule.aspx?s=485&alg=12","https://www.mshsaa.org/MySchool/Tournament.aspx?s=485&alg=12&tournament=565615"
"485","Versailles High School","Volleyball Girls","57","Varsity","9/29","6:30 pm","","Eugene","away","https://www.mshsaa.org/MySchool/Schedule.aspx?s=485&alg=57","https://www.mshsaa.org/MySchool/Matchup.aspx?s=485&alg=57&comp=2662815"
"953","Battle High School","Tennis Girls","49","Varsity","9/30","4:30 pm","","Hannibal","home","https://www.mshsaa.org/MySchool/Schedule.aspx?s=953&alg=49","https://www.mshsaa.org/MySchool/Matchup.aspx?s=953&alg=49&comp=2755146"
"26","Camdenton High School","Tennis Girls","49","Varsity","9/30","","","Smith-Cotton Doubles Tournament","tournament","https://www.mshsaa.org/MySchool/Schedule.aspx?s=26&alg=49","https://www.mshsaa.org/MySchool/Tournament.aspx?s=26&alg=49&tournament=578968"
"1540","Capital City High School","Softball Fall Season","38","Varsity","9/30","5:00 pm","","Rolla","home","https://www.mshsaa.org/MySchool/Schedule.aspx?s=1540&alg=38","https://www.mshsaa.org/MySchool/Matchup.aspx?s=1540&alg=38&comp=2670984"
"1540","Capital City High School","Tennis Girls","49","Varsity","9/30","","","Waynesville Invitational","tournament","https://www.mshsaa.org/MySchool/Schedule.aspx?s=1540&alg=49","https://www.mshsaa.org/MySchool/Tournament.aspx?s=1540&alg=49&tournament=543535"
"53","Centralia High School","Golf Girls","24","Varsity","9/30","","","Canton Quad","tournament","https://www.mshsaa.org/MySchool/Schedule.aspx?s=53&alg=24","https://www.mshsaa.org/MySchool/Tournament.aspx?s=53&alg=24&tournament=552263"
"278","Eldon High School","Golf Girls","24","Varsity","9/30","","","Eldon Tri w/ Osage and ?","tournament","https://www.mshsaa.org/MySchool/Schedule.aspx?s=278&alg=24","https://www.mshsaa.org/MySchool/Tournament.aspx?s=278&alg=24&tournament=545004"
"278","Eldon High School","Golf Girls","24","Varsity","⤷ 9/30","TBD","","Osage","tournament","https://www.mshsaa.org/MySchool/Schedule.aspx?s=278&alg=24","https://www.mshsaa.org/MySchool/Matchup.aspx?s=278&alg=24&comp=2758807"
"917","Father Tolton","Tennis Girls","49","Varsity","9/30","","","Smith Cotton Doubles Tournament","tournament","https://www.mshsaa.org/MySchool/Schedule.aspx?s=917&alg=49","https://www.mshsaa.org/MySchool/Tournament.aspx?s=917&alg=49&tournament=588900"
"917","Father Tolton","Volleyball Girls","57","Varsity","9/30","6:30 pm","","Helias Catholic","home","https://www.mshsaa.org/MySchool/Schedule.aspx?s=917&alg=57","https://www.mshsaa.org/MySchool/Matchup.aspx?s=917&alg=57&comp=2733217"
"294","Fayette High School","Golf Girls","24","Varsity","9/30","","","Central State 8 Conference Tournament","tournament","https://www.mshsaa.org/MySchool/Schedule.aspx?s=294&alg=24","https://www.mshsaa.org/MySchool/Tournament.aspx?s=294&alg=24&tournament=552617"
"80","Fulton High School","Golf Girls","24","Varsity","9/30","4:00 pm","","Fulton Tri","tournament","https://www.mshsaa.org/MySchool/Schedule.aspx?s=80&alg=24","https://www.mshsaa.org/MySchool/Tournament.aspx?s=80&alg=24&tournament=579525"
"311","Hallsville High School","Golf Girls","24","Varsity","9/30","","","Fulton Tri","tournament","https://www.mshsaa.org/MySchool/Schedule.aspx?s=311&alg=24","https://www.mshsaa.org/MySchool/Tournament.aspx?s=311&alg=24&tournament=600895"
"313","Harrisburg High School","Golf Girls","24","Varsity","9/30","9:00 am","","Central State 8 Conference Tournament","tournament","https://www.mshsaa.org/MySchool/Schedule.aspx?s=313&alg=24","https://www.mshsaa.org/MySchool/Tournament.aspx?s=313&alg=24&tournament=543832"
"313","Harrisburg High School","Softball Fall Season","38","Varsity","9/30","5:00 pm","","New Franklin","home","https://www.mshsaa.org/MySchool/Schedule.aspx?s=313&alg=38","https://www.mshsaa.org/MySchool/Matchup.aspx?s=313&alg=38&comp=2649310"
"522","Helias High School","Soccer Boys","33","Varsity","9/30","7:00 pm","","Rolla","home","https://www.mshsaa.org/MySchool/Schedule.aspx?s=522&alg=33","https://www.mshsaa.org/MySchool/Matchup.aspx?s=522&alg=33&comp=2644760"
"522","Helias High School","Softball Fall Season","38","Varsity","9/30","5:00 pm","","Hickman","home","https://www.mshsaa.org/MySchool/Schedule.aspx?s=522&alg=38","https://www.mshsaa.org/MySchool/Matchup.aspx?s=522&alg=38&comp=2693078"
"522","Helias High School","Volleyball Girls","57","Varsity","9/30","6:30 pm","","Father Tolton","away","https://www.mshsaa.org/MySchool/Schedule.aspx?s=522&alg=57","https://www.mshsaa.org/MySchool/Matchup.aspx?s=522&alg=57&comp=2733241"
"85","Hickman High School","Soccer Boys","33","Varsity","9/30","6:30 pm","","Hannibal","away","https://www.mshsaa.org/MySchool/Schedule.aspx?s=85&alg=33","https://www.mshsaa.org/MySchool/Matchup.aspx?s=85&alg=33&comp=2649954"
"85","Hickman High School","Softball Fall Season","38","Varsity","9/30","5:00 pm","","Helias Catholic","away","https://www.mshsaa.org/MySchool/Schedule.aspx?s=85&alg=38","https://www.mshsaa.org/MySchool/Matchup.aspx?s=85&alg=38&comp=2712414"
"85","Hickman High School","Tennis Girls","49","Varsity","9/30","3:30 pm","","Ft. Zumwalt North","away","https://www.mshsaa.org/MySchool/Schedule.aspx?s=85&alg=49","https://www.mshsaa.org/MySchool/Matchup.aspx?s=85&alg=49&comp=2765034"
"84","Jefferson City High School","Tennis Girls","49","Varsity","9/30","4:30 pm","","Rock Bridge","home","https://www.mshsaa.org/MySchool/Schedule.aspx?s=84&alg=49","https://www.mshsaa.org/MySchool/Matchup.aspx?s=84&alg=49&comp=2752548"
"360","Marshall High School","Swimming and Diving Boys","44","Varsity","9/30","5:00 pm","","Belton","away","https://www.mshsaa.org/MySchool/Schedule.aspx?s=360&alg=44","https://www.mshsaa.org/MySchool/Matchup.aspx?s=360&alg=44&comp=2773841"
"360","Marshall High School","Swimming and Diving Boys","44","Varsity","9/30","","","Grain Valley/Marshall/Rockhurst","tournament","https://www.mshsaa.org/MySchool/Schedule.aspx?s=360&alg=44","https://www.mshsaa.org/MySchool/Tournament.aspx?s=360&alg=44&tournament=592482"
"128","Mexico High School","Golf Girls","24","Varsity","9/30","","","Fulton Tri","tournament","https://www.mshsaa.org/MySchool/Schedule.aspx?s=128&alg=24","https://www.mshsaa.org/MySchool/Tournament.aspx?s=128&alg=24&tournament=586786"
"132","Moberly High School","Golf Girls","24","Varsity","9/30","","","Fulton Tri","tournament","https://www.mshsaa.org/MySchool/Schedule.aspx?s=132&alg=24","https://www.mshsaa.org/MySchool/Tournament.aspx?s=132&alg=24&tournament=586895"
"132","Moberly High School","Tennis Girls","49","Varsity","9/30","5:00 pm","","Sacred Heart","home","https://www.mshsaa.org/MySchool/Schedule.aspx?s=132&alg=49","https://www.mshsaa.org/MySchool/Matchup.aspx?s=132&alg=49&comp=2769898"
"139","North Callaway High School","Softball Fall Season","38","Varsity","9/30","3:00 pm","","Fatima","home","https://www.mshsaa.org/MySchool/Schedule.aspx?s=139&alg=38","https://www.mshsaa.org/MySchool/Matchup.aspx?s=139&alg=38&comp=2614163"
"152","Osage High School","Golf Girls","24","Varsity","9/30","4:00 pm","","Eldon","away","https://www.mshsaa.org/MySchool/Schedule.aspx?s=152&alg=24","https://www.mshsaa.org/MySchool/Matchup.aspx?s=152&alg=24&comp=2750155"
"152","Osage High School","Tennis Girls","49","Varsity","9/30","9:00 am","","Waynesville Invitational","tournament","https://www.mshsaa.org/MySchool/Schedule.aspx?s=152&alg=49","https://www.mshsaa.org/MySchool/Tournament.aspx?s=152&alg=49&tournament=564932"
"578","Rock Bridge High School","Tennis Girls","49","Varsity","9/30","4:30 pm","","Jefferson City","away","https://www.mshsaa.org/MySchool/Schedule.aspx?s=578&alg=49","https://www.mshsaa.org/MySchool/Matchup.aspx?s=578&alg=49&comp=2722095"
"430","Russellville High School","Golf Girls","24","Varsity","9/30","","","Central State 8 Conference Tournament","tournament","https://www.mshsaa.org/MySchool/Schedule.aspx?s=430&alg=24","https://www.mshsaa.org/MySchool/Tournament.aspx?s=430&alg=24&tournament=544229"
"194","Smith-Cotton High School","Softball Fall Season","38","Varsity","9/30","5:00 pm","","Clinton","home","https://www.mshsaa.org/MySchool/Schedule.aspx?s=194&alg=38","https://www.mshsaa.org/MySchool/Matchup.aspx?s=194&alg=38&comp=2764742"
"194","Smith-Cotton High School","Tennis Girls","49","Varsity","9/30","9:00 am","","Smith-Cotton Doubles Tournament","tournament","https://www.mshsaa.org/MySchool/Schedule.aspx?s=194&alg=49","https://www.mshsaa.org/MySchool/Tournament.aspx?s=194&alg=49&tournament=556735"
"197","South Callaway High School","Golf Girls","24","Varsity","9/30","","","Central State 8 Conference Tournament","tournament","https://www.mshsaa.org/MySchool/Schedule.aspx?s=197&alg=24","https://www.mshsaa.org/MySchool/Tournament.aspx?s=197&alg=24&tournament=549496"
"2","Southern Boone High School","Soccer Boys","33","Varsity","9/30","4:30 pm","","Wright City","home","https://www.mshsaa.org/MySchool/Schedule.aspx?s=2&alg=33","https://www.mshsaa.org/MySchool/Matchup.aspx?s=2&alg=33&comp=2703032"
"474","Tipton High School","Golf Girls","24","Varsity","9/30","","","Central State 8 Conference Tournament","tournament","https://www.mshsaa.org/MySchool/Schedule.aspx?s=474&alg=24","https://www.mshsaa.org/MySchool/Tournament.aspx?s=474&alg=24&tournament=544667"
"953","Battle High School","Golf Girls","24","Varsity","10/1","","","CMAC Tournament","tournament","https://www.mshsaa.org/MySchool/Schedule.aspx?s=953&alg=24","https://www.mshsaa.org/MySchool/Tournament.aspx?s=953&alg=24&tournament=597007"
"953","Battle High School","Tennis Girls","49","Varsity","10/1","4:30 pm","","Moberly","away","https://www.mshsaa.org/MySchool/Schedule.aspx?s=953&alg=49","https://www.mshsaa.org/MySchool/Matchup.aspx?s=953&alg=49&comp=2766958"
"953","Battle High School","Volleyball Girls","57","Varsity","10/1","6:45 pm","","Capital City","away","https://www.mshsaa.org/MySchool/Schedule.aspx?s=953&alg=57","https://www.mshsaa.org/MySchool/Matchup.aspx?s=953&alg=57&comp=2762761"
"217","Blair Oaks High School","Volleyball Girls","57","Varsity","10/1","7:00 pm","","Fatima","home","https://www.mshsaa.org/MySchool/Schedule.aspx?s=217&alg=57","https://www.mshsaa.org/MySchool/Matchup.aspx?s=217&alg=57&comp=2632344"
"16","Boonville High School","Cross Country Boys","11","Varsity","10/1","","","Moberly Invitational","tournament","https://www.mshsaa.org/MySchool/Schedule.aspx?s=16&alg=11","https://www.mshsaa.org/MySchool/Tournament.aspx?s=16&alg=11&tournament=584948"
"16","Boonville High School","Cross Country Girls","12","Varsity","10/1","","","Moberly Invitational","tournament","https://www.mshsaa.org/MySchool/Schedule.aspx?s=16&alg=12","https://www.mshsaa.org/MySchool/Tournament.aspx?s=16&alg=12&tournament=585068"
"16","Boonville High School","Golf Girls","24","Varsity","10/1","4:00 pm","","Marshall","away","https://www.mshsaa.org/MySchool/Schedule.aspx?s=16&alg=24","https://www.mshsaa.org/MySchool/Matchup.aspx?s=16&alg=24&comp=2765929"
"16","Boonville High School","Soccer Boys","33","Varsity","10/1","5:00 pm","","Knob Noster","home","https://www.mshsaa.org/MySchool/Schedule.aspx?s=16&alg=33","https://www.mshsaa.org/MySchool/Matchup.aspx?s=16&alg=33&comp=2784068"
"16","Boonville High School","Softball Fall Season","38","Varsity","10/1","5:00 pm","","California","home","https://www.mshsaa.org/MySchool/Schedule.aspx?s=16&alg=38","https://www.mshsaa.org/MySchool/Matchup.aspx?s=16&alg=38&comp=2651905"
"16","Boonville High School","Tennis Girls","49","Varsity","10/1","4:30 pm","","Smith-Cotton","away","https://www.mshsaa.org/MySchool/Schedule.aspx?s=16&alg=49","https://www.mshsaa.org/MySchool/Matchup.aspx?s=16&alg=49&comp=2765940"
"16","Boonville High School","Volleyball Girls","57","Varsity","10/1","6:00 pm","","Fulton","home","https://www.mshsaa.org/MySchool/Schedule.aspx?s=16&alg=57","https://www.mshsaa.org/MySchool/Matchup.aspx?s=16&alg=57&comp=2662550"
"582","California High School","Golf Girls","24","Varsity","10/1","","","Fulton Classic Tournament","tournament","https://www.mshsaa.org/MySchool/Schedule.aspx?s=582&alg=24","https://www.mshsaa.org/MySchool/Tournament.aspx?s=582&alg=24&tournament=596410"
"582","California High School","Softball Fall Season","38","Varsity","10/1","5:00 pm","","Boonville","away","https://www.mshsaa.org/MySchool/Schedule.aspx?s=582&alg=38","https://www.mshsaa.org/MySchool/Matchup.aspx?s=582&alg=38&comp=2618140"
"582","California High School","Volleyball Girls","57","Varsity","10/1","6:30 pm","","Russellville","home","https://www.mshsaa.org/MySchool/Schedule.aspx?s=582&alg=57","https://www.mshsaa.org/MySchool/Matchup.aspx?s=582&alg=57&comp=2618100"
"26","Camdenton High School","Golf Girls","24","Varsity","10/1","","","CMAC Tournament","tournament","https://www.mshsaa.org/MySchool/Schedule.aspx?s=26&alg=24","https://www.mshsaa.org/MySchool/Tournament.aspx?s=26&alg=24&tournament=568367"
"26","Camdenton High School","Soccer Boys","33","Varsity","10/1-3","","","Laker Shootout","tournament","https://www.mshsaa.org/MySchool/Schedule.aspx?s=26&alg=33","https://www.mshsaa.org/MySchool/Tournament.aspx?s=26&alg=33&tournament=571169"
"26","Camdenton High School","Volleyball Girls","57","Varsity","10/1","6:30 pm","","Smith-Cotton","away","https://www.mshsaa.org/MySchool/Schedule.aspx?s=26&alg=57","https://www.mshsaa.org/MySchool/Matchup.aspx?s=26&alg=57&comp=2670323"
"1540","Capital City High School","Golf Girls","24","Varsity","10/1","","","CMAC Tournament","tournament","https://www.mshsaa.org/MySchool/Schedule.aspx?s=1540&alg=24","https://www.mshsaa.org/MySchool/Tournament.aspx?s=1540&alg=24&tournament=563808"
"1540","Capital City High School","Soccer Boys","33","Varsity","10/1","4:00 pm","","Troy Buchanan","away","https://www.mshsaa.org/MySchool/Schedule.aspx?s=1540&alg=33","https://www.mshsaa.org/MySchool/Matchup.aspx?s=1540&alg=33&comp=2656537"
"1540","Capital City High School","Tennis Girls","49","Varsity","10/1","4:30 pm","","Helias Catholic","away","https://www.mshsaa.org/MySchool/Schedule.aspx?s=1540&alg=49","https://www.mshsaa.org/MySchool/Matchup.aspx?s=1540&alg=49&comp=2793095"
"1540","Capital City High School","Volleyball Girls","57","Varsity","10/1","6:45 pm","","Battle","home","https://www.mshsaa.org/MySchool/Schedule.aspx?s=1540&alg=57","https://www.mshsaa.org/MySchool/Matchup.aspx?s=1540&alg=57&comp=2641603"
"53","Centralia High School","Softball Fall Season","38","Varsity","10/1","5:00 pm","","Clark County","away","https://www.mshsaa.org/MySchool/Schedule.aspx?s=53&alg=38","https://www.mshsaa.org/MySchool/Matchup.aspx?s=53&alg=38&comp=2655440"
"53","Centralia High School","Volleyball Girls","57","Varsity","10/1","7:00 pm","","Southern Boone","away","https://www.mshsaa.org/MySchool/Schedule.aspx?s=53&alg=57","https://www.mshsaa.org/MySchool/Matchup.aspx?s=53&alg=57&comp=2655585"
"1099","Christian Fellowship","Cross Country Boys","11","Varsity","10/1","","","Moberly Invitational","tournament","https://www.mshsaa.org/MySchool/Schedule.aspx?s=1099&alg=11","https://www.mshsaa.org/MySchool/Tournament.aspx?s=1099&alg=11&tournament=599397"
"1099","Christian Fellowship","Cross Country Girls","12","Varsity","10/1","","","Moberly Invitational","tournament","https://www.mshsaa.org/MySchool/Schedule.aspx?s=1099&alg=12","https://www.mshsaa.org/MySchool/Tournament.aspx?s=1099&alg=12&tournament=599400"
"1099","Christian Fellowship","Soccer Boys","33","Varsity","10/1","6:30 pm","","Hickman (JV)","away","https://www.mshsaa.org/MySchool/Schedule.aspx?s=1099&alg=33","https://www.mshsaa.org/MySchool/Matchup.aspx?s=1099&alg=33&comp=2720994"
"1099","Christian Fellowship","Softball Fall Season","38","Varsity","10/1","5:00 pm","","Eldon","away","https://www.mshsaa.org/MySchool/Schedule.aspx?s=1099&alg=38","https://www.mshsaa.org/MySchool/Matchup.aspx?s=1099&alg=38&comp=2713136"
"1099","Christian Fellowship","Volleyball Girls","57","Varsity","10/1","7:00 pm","","Hallsville","home","https://www.mshsaa.org/MySchool/Schedule.aspx?s=1099&alg=57","https://www.mshsaa.org/MySchool/Matchup.aspx?s=1099&alg=57&comp=2721913"
"566","Columbia Independent","Cross Country Boys","11","Varsity","10/1","","","Moberly Invitational","tournament","https://www.mshsaa.org/MySchool/Schedule.aspx?s=566&alg=11","https://www.mshsaa.org/MySchool/Tournament.aspx?s=566&alg=11&tournament=594222"
"566","Columbia Independent","Cross Country Girls","12","Varsity","10/1","","","Moberly Invitational","tournament","https://www.mshsaa.org/MySchool/Schedule.aspx?s=566&alg=12","https://www.mshsaa.org/MySchool/Tournament.aspx?s=566&alg=12&tournament=594228"
"566","Columbia Independent","Volleyball Girls","57","Varsity","10/1","7:00 pm","","Calvary Lutheran","away","https://www.mshsaa.org/MySchool/Schedule.aspx?s=566&alg=57","https://www.mshsaa.org/MySchool/Matchup.aspx?s=566&alg=57&comp=2712348"
"278","Eldon High School","Cross Country Boys","11","Varsity","10/1","","","Moberly Invitational","tournament","https://www.mshsaa.org/MySchool/Schedule.aspx?s=278&alg=11","https://www.mshsaa.org/MySchool/Tournament.aspx?s=278&alg=11&tournament=544986"
"278","Eldon High School","Cross Country Girls","12","Varsity","10/1","","","Moberly Invitational","tournament","https://www.mshsaa.org/MySchool/Schedule.aspx?s=278&alg=12","https://www.mshsaa.org/MySchool/Tournament.aspx?s=278&alg=12&tournament=544994"
"278","Eldon High School","Golf Girls","24","Varsity","10/1","","","Fulton Classic Tournament","tournament","https://www.mshsaa.org/MySchool/Schedule.aspx?s=278&alg=24","https://www.mshsaa.org/MySchool/Tournament.aspx?s=278&alg=24&tournament=589274"
"278","Eldon High School","Softball Fall Season","38","Varsity","10/1","5:00 pm","","Hallsville with Christian Fellowship Sr.","home","https://www.mshsaa.org/MySchool/Schedule.aspx?s=278&alg=38","https://www.mshsaa.org/MySchool/Matchup.aspx?s=278&alg=38&comp=2628680"
"278","Eldon High School","Volleyball Girls","57","Varsity","10/1","7:30 pm","","Osage","away","https://www.mshsaa.org/MySchool/Schedule.aspx?s=278&alg=57","https://www.mshsaa.org/MySchool/Matchup.aspx?s=278&alg=57&comp=2623028"
"917","Father Tolton","Softball Fall Season","38","Varsity","10/1","5:30 pm","","Southern Boone","away","https://www.mshsaa.org/MySchool/Schedule.aspx?s=917&alg=38","https://www.mshsaa.org/MySchool/Matchup.aspx?s=917&alg=38&comp=2679873"
"917","Father Tolton","Tennis Girls","49","Varsity","10/1","TBD","","Osage","home","https://www.mshsaa.org/MySchool/Schedule.aspx?s=917&alg=49","https://www.mshsaa.org/MySchool/Matchup.aspx?s=917&alg=49&comp=2791439"
"294","Fayette High School","Cross Country Boys","11","Varsity","10/1","","","Moberly Invitational","tournament","https://www.mshsaa.org/MySchool/Schedule.aspx?s=294&alg=11","https://www.mshsaa.org/MySchool/Tournament.aspx?s=294&alg=11&tournament=590172"
"294","Fayette High School","Softball Fall Season","38","Varsity","10/1","5:00 pm","","South Callaway","home","https://www.mshsaa.org/MySchool/Schedule.aspx?s=294&alg=38","https://www.mshsaa.org/MySchool/Matchup.aspx?s=294&alg=38&comp=2635052"
"80","Fulton High School","Golf Girls","24","Varsity","10/1","10:00 am","","Fulton Classic Tournament","tournament","https://www.mshsaa.org/MySchool/Schedule.aspx?s=80&alg=24","https://www.mshsaa.org/MySchool/Tournament.aspx?s=80&alg=24&tournament=596292"
"80","Fulton High School","Softball Fall Season","38","Varsity","10/1","5:00 pm","","Hannibal","away","https://www.mshsaa.org/MySchool/Schedule.aspx?s=80&alg=38","https://www.mshsaa.org/MySchool/Matchup.aspx?s=80&alg=38&comp=2681986"
"80","Fulton High School","Tennis Girls","49","Varsity","10/1","4:00 pm","","Mexico","away","https://www.mshsaa.org/MySchool/Schedule.aspx?s=80&alg=49","https://www.mshsaa.org/MySchool/Matchup.aspx?s=80&alg=49&comp=2780504"
"80","Fulton High School","Volleyball Girls","57","Varsity","10/1","7:00 pm","","Boonville","away","https://www.mshsaa.org/MySchool/Schedule.aspx?s=80&alg=57","https://www.mshsaa.org/MySchool/Matchup.aspx?s=80&alg=57&comp=2642119"
"302","Glasgow High School","Baseball Fall Season","66","Varsity","10/1","7:00 pm","","Sturgeon","home","https://www.mshsaa.org/MySchool/Schedule.aspx?s=302&alg=66","https://www.mshsaa.org/MySchool/Matchup.aspx?s=302&alg=66&comp=2724723"
"302","Glasgow High School","Cross Country Boys","11","Varsity","10/1","","","Moberly Invitational","tournament","https://www.mshsaa.org/MySchool/Schedule.aspx?s=302&alg=11","https://www.mshsaa.org/MySchool/Tournament.aspx?s=302&alg=11&tournament=584917"
"302","Glasgow High School","Cross Country Girls","12","Varsity","10/1","","","Moberly Invitational","tournament","https://www.mshsaa.org/MySchool/Schedule.aspx?s=302&alg=12","https://www.mshsaa.org/MySchool/Tournament.aspx?s=302&alg=12&tournament=586727"
"302","Glasgow High School","Golf Girls","24","Varsity","10/1","","","Brookfield Girls Golf Invitational","tournament","https://www.mshsaa.org/MySchool/Schedule.aspx?s=302&alg=24","https://www.mshsaa.org/MySchool/Tournament.aspx?s=302&alg=24&tournament=596147"
"302","Glasgow High School","Softball Fall Season","38","Varsity","10/1","5:00 pm","","Sturgeon","home","https://www.mshsaa.org/MySchool/Schedule.aspx?s=302&alg=38","https://www.mshsaa.org/MySchool/Matchup.aspx?s=302&alg=38&comp=2724722"
"311","Hallsville High School","Cross Country Boys","11","Varsity","10/1","","","Moberly Invitational","tournament","https://www.mshsaa.org/MySchool/Schedule.aspx?s=311&alg=11","https://www.mshsaa.org/MySchool/Tournament.aspx?s=311&alg=11&tournament=584830"
"311","Hallsville High School","Cross Country Girls","12","Varsity","10/1","","","Moberly Invitational","tournament","https://www.mshsaa.org/MySchool/Schedule.aspx?s=311&alg=12","https://www.mshsaa.org/MySchool/Tournament.aspx?s=311&alg=12&tournament=585852"
"311","Hallsville High School","Golf Girls","24","Varsity","10/1","","","Hallsville Tri: Salisbury & S. Callaway","tournament","https://www.mshsaa.org/MySchool/Schedule.aspx?s=311&alg=24","https://www.mshsaa.org/MySchool/Tournament.aspx?s=311&alg=24&tournament=579474"
"311","Hallsville High School","Soccer Boys","33","Varsity","10/1","6:30 pm","","Hickman (JV)","away","https://www.mshsaa.org/MySchool/Schedule.aspx?s=311&alg=33","https://www.mshsaa.org/MySchool/Matchup.aspx?s=311&alg=33&comp=2720994"
"311","Hallsville High School","Softball Fall Season","38","Varsity","10/1","5:00 pm","","Eldon","away","https://www.mshsaa.org/MySchool/Schedule.aspx?s=311&alg=38","https://www.mshsaa.org/MySchool/Matchup.aspx?s=311&alg=38&comp=2713136"
"311","Hallsville High School","Volleyball Girls","57","Varsity","10/1","7:00 pm","","Christian Fellowship Sr.","away","https://www.mshsaa.org/MySchool/Schedule.aspx?s=311&alg=57","https://www.mshsaa.org/MySchool/Matchup.aspx?s=311&alg=57&comp=2721780"
"313","Harrisburg High School","Softball Fall Season","38","Varsity","10/1","5:00 pm","","Osage","home","https://www.mshsaa.org/MySchool/Schedule.aspx?s=313&alg=38","https://www.mshsaa.org/MySchool/Matchup.aspx?s=313&alg=38&comp=2653276"
"522","Helias High School","Golf Girls","24","Varsity","10/1","9:00 am","","CMAC Tournament","tournament","https://www.mshsaa.org/MySchool/Schedule.aspx?s=522&alg=24","https://www.mshsaa.org/MySchool/Tournament.aspx?s=522&alg=24&tournament=547259"
"522","Helias High School","Softball Fall Season","38","Varsity","10/1","4:30 pm","","Sullivan","away","https://www.mshsaa.org/MySchool/Schedule.aspx?s=522&alg=38","https://www.mshsaa.org/MySchool/Matchup.aspx?s=522&alg=38&comp=2694906"
"522","Helias High School","Tennis Girls","49","Varsity","10/1","4:30 pm","","Capital City","home","https://www.mshsaa.org/MySchool/Schedule.aspx?s=522&alg=49","https://www.mshsaa.org/MySchool/Matchup.aspx?s=522&alg=49&comp=2775206"
"85","Hickman High School","Tennis Girls","49","Varsity","10/1","4:30 pm","","Jefferson City","away","https://www.mshsaa.org/MySchool/Schedule.aspx?s=85&alg=49","https://www.mshsaa.org/MySchool/Matchup.aspx?s=85&alg=49&comp=2765027"
"317","Higbee High School","Cross Country Girls","12","Varsity","10/1","","","Moberly Invitational","tournament","https://www.mshsaa.org/MySchool/Schedule.aspx?s=317&alg=12","https://www.mshsaa.org/MySchool/Tournament.aspx?s=317&alg=12&tournament=585693"
"84","Jefferson City High School","Golf Girls","24","Varsity","10/1","9:00 am","","CMAC Tournament","tournament","https://www.mshsaa.org/MySchool/Schedule.aspx?s=84&alg=24","https://www.mshsaa.org/MySchool/Tournament.aspx?s=84&alg=24&tournament=576808"
"84","Jefferson City High School","Tennis Girls","49","Varsity","10/1","4:30 pm","","Hickman","home","https://www.mshsaa.org/MySchool/Schedule.aspx?s=84&alg=49","https://www.mshsaa.org/MySchool/Matchup.aspx?s=84&alg=49&comp=2752549"
"84","Jefferson City High School","Volleyball Girls","57","Varsity","10/1","7:00 pm","","Rolla","home","https://www.mshsaa.org/MySchool/Schedule.aspx?s=84&alg=57","https://www.mshsaa.org/MySchool/Matchup.aspx?s=84&alg=57&comp=2653581"
"360","Marshall High School","Golf Girls","24","Varsity","10/1","","","Boonville/Chillicothe Match","tournament","https://www.mshsaa.org/MySchool/Schedule.aspx?s=360&alg=24","https://www.mshsaa.org/MySchool/Tournament.aspx?s=360&alg=24&tournament=601067"
"360","Marshall High School","Golf Girls","24","Varsity","⤷ 10/1","TBD","","Boonville","tournament","https://www.mshsaa.org/MySchool/Schedule.aspx?s=360&alg=24","https://www.mshsaa.org/MySchool/Matchup.aspx?s=360&alg=24&comp=2793054"
"360","Marshall High School","Golf Girls","24","Varsity","⤷ 10/1","TBD","","Chillicothe","tournament","https://www.mshsaa.org/MySchool/Schedule.aspx?s=360&alg=24","https://www.mshsaa.org/MySchool/Matchup.aspx?s=360&alg=24&comp=2793055"
"360","Marshall High School","Soccer Boys","33","Varsity","10/1","6:30 pm","","Kirksville","away","https://www.mshsaa.org/MySchool/Schedule.aspx?s=360&alg=33","https://www.mshsaa.org/MySchool/Matchup.aspx?s=360&alg=33&comp=2675297"
"360","Marshall High School","Softball Fall Season","38","Varsity","10/1","5:00 pm","","Smith-Cotton","away","https://www.mshsaa.org/MySchool/Schedule.aspx?s=360&alg=38","https://www.mshsaa.org/MySchool/Matchup.aspx?s=360&alg=38&comp=2779787"
"360","Marshall High School","Volleyball Girls","57","Varsity","10/1","6:30 pm","","Kirksville","home","https://www.mshsaa.org/MySchool/Schedule.aspx?s=360&alg=57","https://www.mshsaa.org/MySchool/Matchup.aspx?s=360&alg=57&comp=2661612"
"128","Mexico High School","Golf Girls","24","Varsity","10/1","","","Fulton Classic Tournament","tournament","https://www.mshsaa.org/MySchool/Schedule.aspx?s=128&alg=24","https://www.mshsaa.org/MySchool/Tournament.aspx?s=128&alg=24&tournament=596455"
"128","Mexico High School","Soccer Boys","33","Varsity","10/1","5:00 pm","","Missouri Military Academy","home","https://www.mshsaa.org/MySchool/Schedule.aspx?s=128&alg=33","https://www.mshsaa.org/MySchool/Matchup.aspx?s=128&alg=33&comp=2643191"
"128","Mexico High School","Softball Fall Season","38","Varsity","10/1","5:00 pm","","Moberly","away","https://www.mshsaa.org/MySchool/Schedule.aspx?s=128&alg=38","https://www.mshsaa.org/MySchool/Matchup.aspx?s=128&alg=38&comp=2663204"
"128","Mexico High School","Tennis Girls","49","Varsity","10/1","4:00 pm","","Fulton","home","https://www.mshsaa.org/MySchool/Schedule.aspx?s=128&alg=49","https://www.mshsaa.org/MySchool/Matchup.aspx?s=128&alg=49&comp=2767190"
"128","Mexico High School","Volleyball Girls","57","Varsity","10/1","6:30 pm","","Montgomery County","away","https://www.mshsaa.org/MySchool/Schedule.aspx?s=128&alg=57","https://www.mshsaa.org/MySchool/Matchup.aspx?s=128&alg=57&comp=2652137"
"569","Missouri Military Academy","Soccer Boys","33","Varsity","10/1","5:00 pm","","Mexico","away","https://www.mshsaa.org/MySchool/Schedule.aspx?s=569&alg=33","https://www.mshsaa.org/MySchool/Matchup.aspx?s=569&alg=33&comp=2762021"
"132","Moberly High School","Cross Country Boys","11","Varsity","10/1","4:00 pm","","Moberly Invitational","tournament","https://www.mshsaa.org/MySchool/Schedule.aspx?s=132&alg=11","https://www.mshsaa.org/MySchool/Tournament.aspx?s=132&alg=11&tournament=584823"
"132","Moberly High School","Cross Country Girls","12","Varsity","10/1","4:00 pm","","Moberly Invitational","tournament","https://www.mshsaa.org/MySchool/Schedule.aspx?s=132&alg=12","https://www.mshsaa.org/MySchool/Tournament.aspx?s=132&alg=12&tournament=585354"
"132","Moberly High School","Golf Girls","24","Varsity","10/1","","","Fulton Classic Tournament","tournament","https://www.mshsaa.org/MySchool/Schedule.aspx?s=132&alg=24","https://www.mshsaa.org/MySchool/Tournament.aspx?s=132&alg=24&tournament=596421"
"132","Moberly High School","Soccer Boys","33","Varsity","10/1","6:00 pm","","Sumner Kansas City, KS","home","https://www.mshsaa.org/MySchool/Schedule.aspx?s=132&alg=33",""
"132","Moberly High School","Softball Fall Season","38","Varsity","10/1","5:00 pm","","Mexico","home","https://www.mshsaa.org/MySchool/Schedule.aspx?s=132&alg=38","https://www.mshsaa.org/MySchool/Matchup.aspx?s=132&alg=38&comp=2756859"
"132","Moberly High School","Tennis Girls","49","Varsity","10/1","4:30 pm","","Battle","home","https://www.mshsaa.org/MySchool/Schedule.aspx?s=132&alg=49","https://www.mshsaa.org/MySchool/Matchup.aspx?s=132&alg=49&comp=2766959"
"139","North Callaway High School","Softball Fall Season","38","Varsity","10/1","5:00 pm","","Silex","home","https://www.mshsaa.org/MySchool/Schedule.aspx?s=139&alg=38","https://www.mshsaa.org/MySchool/Matchup.aspx?s=139&alg=38&comp=2614164"
"139","North Callaway High School","Volleyball Girls","57","Varsity","10/1","6:00 pm","","Bowling Green","away","https://www.mshsaa.org/MySchool/Schedule.aspx?s=139&alg=57","https://www.mshsaa.org/MySchool/Matchup.aspx?s=139&alg=57&comp=2606513"
"152","Osage High School","Golf Girls","24","Varsity","10/1","","","Fulton Classic Tournament","tournament","https://www.mshsaa.org/MySchool/Schedule.aspx?s=152&alg=24","https://www.mshsaa.org/MySchool/Tournament.aspx?s=152&alg=24&tournament=596677"
"152","Osage High School","Softball Fall Season","38","Varsity","10/1","5:00 pm","","Harrisburg","away","https://www.mshsaa.org/MySchool/Schedule.aspx?s=152&alg=38","https://www.mshsaa.org/MySchool/Matchup.aspx?s=152&alg=38&comp=2654122"
"152","Osage High School","Tennis Girls","49","Varsity","10/1","4:00 pm","","Father Tolton","away","https://www.mshsaa.org/MySchool/Schedule.aspx?s=152&alg=49","https://www.mshsaa.org/MySchool/Matchup.aspx?s=152&alg=49&comp=2791999"
"152","Osage High School","Volleyball Girls","57","Varsity","10/1","7:30 pm","","Eldon","home","https://www.mshsaa.org/MySchool/Schedule.aspx?s=152&alg=57","https://www.mshsaa.org/MySchool/Matchup.aspx?s=152&alg=57&comp=2709000"
"578","Rock Bridge High School","Soccer Boys","33","Varsity","10/1","6:45 pm","","Francis Howell","home","https://www.mshsaa.org/MySchool/Schedule.aspx?s=578&alg=33","https://www.mshsaa.org/MySchool/Matchup.aspx?s=578&alg=33&comp=2652485"
"430","Russellville High School","Golf Girls","24","Varsity","10/1","","","Lady Bulldog Invitational","tournament","https://www.mshsaa.org/MySchool/Schedule.aspx?s=430&alg=24","https://www.mshsaa.org/MySchool/Tournament.aspx?s=430&alg=24&tournament=584781"
"430","Russellville High School","Softball Fall Season","38","Varsity","10/1","5:00 pm","","New Bloomfield","home","https://www.mshsaa.org/MySchool/Schedule.aspx?s=430&alg=38","https://www.mshsaa.org/MySchool/Matchup.aspx?s=430&alg=38&comp=2616311"
"430","Russellville High School","Volleyball Girls","57","Varsity","10/1","6:30 pm","","California","away","https://www.mshsaa.org/MySchool/Schedule.aspx?s=430&alg=57","https://www.mshsaa.org/MySchool/Matchup.aspx?s=430&alg=57&comp=2612889"
"431","Salisbury High School","Cross Country Boys","11","Varsity","10/1","","","Moberly Invitational","tournament","https://www.mshsaa.org/MySchool/Schedule.aspx?s=431&alg=11","https://www.mshsaa.org/MySchool/Tournament.aspx?s=431&alg=11&tournament=545824"
"431","Salisbury High School","Cross Country Girls","12","Varsity","10/1","","","Moberly Invitational","tournament","https://www.mshsaa.org/MySchool/Schedule.aspx?s=431&alg=12","https://www.mshsaa.org/MySchool/Tournament.aspx?s=431&alg=12&tournament=545834"
"431","Salisbury High School","Golf Girls","24","Varsity","10/1","","","Hallsville Tri: Salisbury & S. Callaway","tournament","https://www.mshsaa.org/MySchool/Schedule.aspx?s=431&alg=24","https://www.mshsaa.org/MySchool/Tournament.aspx?s=431&alg=24&tournament=545818"
"431","Salisbury High School","Softball Fall Season","38","Varsity","10/1","5:00 pm","","Scotland County","away","https://www.mshsaa.org/MySchool/Schedule.aspx?s=431&alg=38","https://www.mshsaa.org/MySchool/Matchup.aspx?s=431&alg=38&comp=2632152"
"194","Smith-Cotton High School","Golf Girls","24","Varsity","10/1","10:00 am","","CMAC Tournament","tournament","https://www.mshsaa.org/MySchool/Schedule.aspx?s=194&alg=24","https://www.mshsaa.org/MySchool/Tournament.aspx?s=194&alg=24&tournament=557517"
"194","Smith-Cotton High School","Soccer Boys","33","Varsity","10/1","6:30 pm","","Hillcrest","home","https://www.mshsaa.org/MySchool/Schedule.aspx?s=194&alg=33","https://www.mshsaa.org/MySchool/Matchup.aspx?s=194&alg=33&comp=2663091"
"194","Smith-Cotton High School","Softball Fall Season","38","Varsity","10/1","5:00 pm","","Marshall","home","https://www.mshsaa.org/MySchool/Schedule.aspx?s=194&alg=38","https://www.mshsaa.org/MySchool/Matchup.aspx?s=194&alg=38&comp=2657352"
"194","Smith-Cotton High School","Tennis Girls","49","Varsity","10/1","4:30 pm","","Boonville","home","https://www.mshsaa.org/MySchool/Schedule.aspx?s=194&alg=49","https://www.mshsaa.org/MySchool/Matchup.aspx?s=194&alg=49&comp=2669527"
"194","Smith-Cotton High School","Volleyball Girls","57","Varsity","10/1","6:30 pm","","Camdenton","home","https://www.mshsaa.org/MySchool/Schedule.aspx?s=194&alg=57","https://www.mshsaa.org/MySchool/Matchup.aspx?s=194&alg=57&comp=2643406"
"197","South Callaway High School","Golf Girls","24","Varsity","10/1","","","Hallsville Tri: Salisbury & S. Callaway","tournament","https://www.mshsaa.org/MySchool/Schedule.aspx?s=197&alg=24","https://www.mshsaa.org/MySchool/Tournament.aspx?s=197&alg=24&tournament=583086"
"197","South Callaway High School","Softball Fall Season","38","Varsity","10/1","5:00 pm","","Fayette","away","https://www.mshsaa.org/MySchool/Schedule.aspx?s=197&alg=38","https://www.mshsaa.org/MySchool/Matchup.aspx?s=197&alg=38&comp=2646682"
"2","Southern Boone High School","Cross Country Boys","11","Varsity","10/1","","","Moberly Invitational","tournament","https://www.mshsaa.org/MySchool/Schedule.aspx?s=2&alg=11","https://www.mshsaa.org/MySchool/Tournament.aspx?s=2&alg=11&tournament=559455"
"2","Southern Boone High School","Cross Country Girls","12","Varsity","10/1","","","Moberly Invitational","tournament","https://www.mshsaa.org/MySchool/Schedule.aspx?s=2&alg=12","https://www.mshsaa.org/MySchool/Tournament.aspx?s=2&alg=12&tournament=559463"
"2","Southern Boone High School","Golf Girls","24","Varsity","10/1","","","Fulton Classic Tournament","tournament","https://www.mshsaa.org/MySchool/Schedule.aspx?s=2&alg=24","https://www.mshsaa.org/MySchool/Tournament.aspx?s=2&alg=24&tournament=596296"
"2","Southern Boone High School","Softball Fall Season","38","Varsity","10/1","5:30 pm","","Father Tolton","home","https://www.mshsaa.org/MySchool/Schedule.aspx?s=2&alg=38","https://www.mshsaa.org/MySchool/Matchup.aspx?s=2&alg=38&comp=2650869"
"2","Southern Boone High School","Volleyball Girls","57","Varsity","10/1","7:00 pm","","Centralia","home","https://www.mshsaa.org/MySchool/Schedule.aspx?s=2&alg=57","https://www.mshsaa.org/MySchool/Matchup.aspx?s=2&alg=57&comp=2653888"
"474","Tipton High School","Cross Country Boys","11","Varsity","10/1","","","Moberly Invitational","tournament","https://www.mshsaa.org/MySchool/Schedule.aspx?s=474&alg=11","https://www.mshsaa.org/MySchool/Tournament.aspx?s=474&alg=11&tournament=584970"
"474","Tipton High School","Cross Country Girls","12","Varsity","10/1","","","Moberly Invitational","tournament","https://www.mshsaa.org/MySchool/Schedule.aspx?s=474&alg=12","https://www.mshsaa.org/MySchool/Tournament.aspx?s=474&alg=12&tournament=585647"
"474","Tipton High School","Volleyball Girls","57","Varsity","10/1","7:00 pm","","Linn","home","https://www.mshsaa.org/MySchool/Schedule.aspx?s=474&alg=57","https://www.mshsaa.org/MySchool/Matchup.aspx?s=474&alg=57&comp=2635302"
"485","Versailles High School","Golf Girls","24","Varsity","10/1","","","Lady Bulldog Invitational","tournament","https://www.mshsaa.org/MySchool/Schedule.aspx?s=485&alg=24","https://www.mshsaa.org/MySchool/Tournament.aspx?s=485&alg=24&tournament=545181"
"485","Versailles High School","Volleyball Girls","57","Varsity","10/1","6:15 pm","","El Dorado Springs","home","https://www.mshsaa.org/MySchool/Schedule.aspx?s=485&alg=57","https://www.mshsaa.org/MySchool/Matchup.aspx?s=485&alg=57&comp=2672090"
"953","Battle High School","Cross Country Boys","11","Varsity","10/2","","","Camdenton Laker Invitational Day 1","tournament","https://www.mshsaa.org/MySchool/Schedule.aspx?s=953&alg=11","https://www.mshsaa.org/MySchool/Tournament.aspx?s=953&alg=11&tournament=597911"
"953","Battle High School","Cross Country Girls","12","Varsity","10/2","","","FRIDAY- Laker Invitational at Collins Farm","tournament","https://www.mshsaa.org/MySchool/Schedule.aspx?s=953&alg=12","https://www.mshsaa.org/MySchool/Tournament.aspx?s=953&alg=12&tournament=597917"
"953","Battle High School","Football","19","Varsity","10/2","7:00 pm","","Smith-Cotton","home","https://www.mshsaa.org/MySchool/Schedule.aspx?s=953&alg=19","https://www.mshsaa.org/MySchool/Matchup.aspx?s=953&alg=19&comp=2666895"
"953","Battle High School","Softball Fall Season","38","Varsity","10/2-3","","","Hillcrest Tournament","tournament","https://www.mshsaa.org/MySchool/Schedule.aspx?s=953&alg=38","https://www.mshsaa.org/MySchool/Tournament.aspx?s=953&alg=38&tournament=587104"
"953","Battle High School","Tennis Girls","49","Varsity","10/2","4:30 pm","","Columbia Independent","home","https://www.mshsaa.org/MySchool/Schedule.aspx?s=953&alg=49","https://www.mshsaa.org/MySchool/Matchup.aspx?s=953&alg=49&comp=2766289"
"217","Blair Oaks High School","Football","19","Varsity","10/2","7:00 pm","","Boonville","home","https://www.mshsaa.org/MySchool/Schedule.aspx?s=217&alg=19","https://www.mshsaa.org/MySchool/Matchup.aspx?s=217&alg=19&comp=2627479"
"217","Blair Oaks High School","Softball Fall Season","38","Varsity","10/2-3","","","Kewpie Classic Tournament at Antimi Fields in Columbia","tournament","https://www.mshsaa.org/MySchool/Schedule.aspx?s=217&alg=38","https://www.mshsaa.org/MySchool/Tournament.aspx?s=217&alg=38&tournament=545736"
"217","Blair Oaks High School","Volleyball Girls","57","Varsity","10/2-3","","","Lutheran St. Charles Tournament","tournament","https://www.mshsaa.org/MySchool/Schedule.aspx?s=217&alg=57","https://www.mshsaa.org/MySchool/Tournament.aspx?s=217&alg=57&tournament=545745"
"16","Boonville High School","Football","19","Varsity","10/2","7:00 pm","","Blair Oaks","away","https://www.mshsaa.org/MySchool/Schedule.aspx?s=16&alg=19","https://www.mshsaa.org/MySchool/Matchup.aspx?s=16&alg=19&comp=2628858"
"582","California High School","Football","19","Varsity","10/2","7:00 pm","","Osage","home","https://www.mshsaa.org/MySchool/Schedule.aspx?s=582&alg=19","https://www.mshsaa.org/MySchool/Matchup.aspx?s=582&alg=19&comp=2519665"
"26","Camdenton High School","Cross Country Boys","11","Varsity","10/2","","","Camdenton Laker Invitational Day 1","tournament","https://www.mshsaa.org/MySchool/Schedule.aspx?s=26&alg=11","https://www.mshsaa.org/MySchool/Tournament.aspx?s=26&alg=11&tournament=578484"
"26","Camdenton High School","Cross Country Girls","12","Varsity","10/2","","","FRIDAY- Laker Invitational at Collins Farm","tournament","https://www.mshsaa.org/MySchool/Schedule.aspx?s=26&alg=12","https://www.mshsaa.org/MySchool/Tournament.aspx?s=26&alg=12&tournament=578931"
"26","Camdenton High School","Football","19","Varsity","10/2","7:00 pm","","Rock Bridge","away","https://www.mshsaa.org/MySchool/Schedule.aspx?s=26&alg=19","https://www.mshsaa.org/MySchool/Matchup.aspx?s=26&alg=19&comp=2696896"
"26","Camdenton High School","Softball Fall Season","38","Varsity","10/2-3","","","Springfield Tournament","tournament","https://www.mshsaa.org/MySchool/Schedule.aspx?s=26&alg=38","https://www.mshsaa.org/MySchool/Tournament.aspx?s=26&alg=38&tournament=550493"
"26","Camdenton High School","Swimming and Diving Boys","44","Varsity","10/2","4:30 pm","","Kickapoo","away","https://www.mshsaa.org/MySchool/Schedule.aspx?s=26&alg=44","https://www.mshsaa.org/MySchool/Matchup.aspx?s=26&alg=44&comp=2788296"
"26","Camdenton High School","Tennis Girls","49","Varsity","10/2","","","Waynesville Invitational","tournament","https://www.mshsaa.org/MySchool/Schedule.aspx?s=26&alg=49","https://www.mshsaa.org/MySchool/Tournament.aspx?s=26&alg=49&tournament=593817"
"1540","Capital City High School","Football","19","Varsity","10/2","7:00 pm","","Helias Catholic","home","https://www.mshsaa.org/MySchool/Schedule.aspx?s=1540&alg=19","https://www.mshsaa.org/MySchool/Matchup.aspx?s=1540&alg=19&comp=2622658"
"1540","Capital City High School","Soccer Boys","33","Varsity","10/2","4:00 pm","","Parkway North","away","https://www.mshsaa.org/MySchool/Schedule.aspx?s=1540&alg=33","https://www.mshsaa.org/MySchool/Matchup.aspx?s=1540&alg=33&comp=2656538"
"1540","Capital City High School","Softball Fall Season","38","Varsity","10/2-3","","","Springfield Invitational","tournament","https://www.mshsaa.org/MySchool/Schedule.aspx?s=1540&alg=38","https://www.mshsaa.org/MySchool/Tournament.aspx?s=1540&alg=38&tournament=557095"
"1540","Capital City High School","Softball Fall Season","38","Varsity","⤷ 10/2","12:45 pm","","Liberty","tournament","https://www.mshsaa.org/MySchool/Schedule.aspx?s=1540&alg=38","https://www.mshsaa.org/MySchool/Matchup.aspx?s=1540&alg=38&comp=2786213"
"1540","Capital City High School","Softball Fall Season","38","Varsity","⤷ 10/2","2:30 pm","","Willard","tournament","https://www.mshsaa.org/MySchool/Schedule.aspx?s=1540&alg=38","https://www.mshsaa.org/MySchool/Matchup.aspx?s=1540&alg=38&comp=2786214"
"53","Centralia High School","Football","19","Varsity","10/2","7:00 pm","","Monroe City","home","https://www.mshsaa.org/MySchool/Schedule.aspx?s=53&alg=19","https://www.mshsaa.org/MySchool/Matchup.aspx?s=53&alg=19&comp=2584437"
"1099","Christian Fellowship","Swimming and Diving Boys","44","Varsity","10/2-3","","","COMO Invite","tournament","https://www.mshsaa.org/MySchool/Schedule.aspx?s=1099&alg=44","https://www.mshsaa.org/MySchool/Tournament.aspx?s=1099&alg=44&tournament=594246"
"566","Columbia Independent","Swimming and Diving Boys","44","Varsity","10/2-3","","","COMO Invite","tournament","https://www.mshsaa.org/MySchool/Schedule.aspx?s=566&alg=44","https://www.mshsaa.org/MySchool/Tournament.aspx?s=566&alg=44&tournament=594246"
"566","Columbia Independent","Tennis Girls","49","Varsity","10/2","4:30 pm","","Battle","away","https://www.mshsaa.org/MySchool/Schedule.aspx?s=566&alg=49","https://www.mshsaa.org/MySchool/Matchup.aspx?s=566&alg=49&comp=2721142"
"278","Eldon High School","Football","19","Varsity","10/2","7:00 pm","","Hallsville","home","https://www.mshsaa.org/MySchool/Schedule.aspx?s=278&alg=19","https://www.mshsaa.org/MySchool/Matchup.aspx?s=278&alg=19&comp=2609439"
"917","Father Tolton","Football","19","Varsity","10/2","7:00 pm","","Chillicothe","home","https://www.mshsaa.org/MySchool/Schedule.aspx?s=917&alg=19","https://www.mshsaa.org/MySchool/Matchup.aspx?s=917&alg=19&comp=2692385"
"917","Father Tolton","Soccer Boys","33","Varsity","10/2","6:30 pm","","Warrenton","away","https://www.mshsaa.org/MySchool/Schedule.aspx?s=917&alg=33","https://www.mshsaa.org/MySchool/Matchup.aspx?s=917&alg=33&comp=2768065"
"294","Fayette High School","Football","19","Varsity","10/2","7:00 pm","","Linn","away","https://www.mshsaa.org/MySchool/Schedule.aspx?s=294&alg=19","https://www.mshsaa.org/MySchool/Matchup.aspx?s=294&alg=19&comp=2644965"
"80","Fulton High School","Cross Country Boys","11","Varsity","10/2","","","Camdenton Laker Invitational Day 1","tournament","https://www.mshsaa.org/MySchool/Schedule.aspx?s=80&alg=11","https://www.mshsaa.org/MySchool/Tournament.aspx?s=80&alg=11&tournament=580268"
"80","Fulton High School","Cross Country Girls","12","Varsity","10/2","","","FRIDAY- Laker Invitational at Collins Farm","tournament","https://www.mshsaa.org/MySchool/Schedule.aspx?s=80&alg=12","https://www.mshsaa.org/MySchool/Tournament.aspx?s=80&alg=12&tournament=594835"
"80","Fulton High School","Football","19","Varsity","10/2","7:00 pm","","Southern Boone","away","https://www.mshsaa.org/MySchool/Schedule.aspx?s=80&alg=19","https://www.mshsaa.org/MySchool/Matchup.aspx?s=80&alg=19&comp=2589274"
"311","Hallsville High School","Football","19","Varsity","10/2","7:00 pm","","Eldon","away","https://www.mshsaa.org/MySchool/Schedule.aspx?s=311&alg=19","https://www.mshsaa.org/MySchool/Matchup.aspx?s=311&alg=19&comp=2589271"
"313","Harrisburg High School","Cross Country Boys","11","Varsity","10/2","","","Camdenton Laker Invitational Day 1","tournament","https://www.mshsaa.org/MySchool/Schedule.aspx?s=313&alg=11","https://www.mshsaa.org/MySchool/Tournament.aspx?s=313&alg=11&tournament=580832"
"313","Harrisburg High School","Cross Country Girls","12","Varsity","10/2","","","FRIDAY- Laker Invitational at Collins Farm","tournament","https://www.mshsaa.org/MySchool/Schedule.aspx?s=313&alg=12","https://www.mshsaa.org/MySchool/Tournament.aspx?s=313&alg=12&tournament=580839"
"313","Harrisburg High School","Football","19","Varsity","10/2","7:00 pm","","Tipton with Bunceton","away","https://www.mshsaa.org/MySchool/Schedule.aspx?s=313&alg=19","https://www.mshsaa.org/MySchool/Matchup.aspx?s=313&alg=19&comp=2633496"
"522","Helias High School","Cross Country Boys","11","Varsity","10/2","","","Camdenton Laker Invitational Day 1","tournament","https://www.mshsaa.org/MySchool/Schedule.aspx?s=522&alg=11","https://www.mshsaa.org/MySchool/Tournament.aspx?s=522&alg=11&tournament=600055"
"522","Helias High School","Cross Country Girls","12","Varsity","10/2","","","FRIDAY- Laker Invitational at Collins Farm","tournament","https://www.mshsaa.org/MySchool/Schedule.aspx?s=522&alg=12","https://www.mshsaa.org/MySchool/Tournament.aspx?s=522&alg=12&tournament=600056"
"522","Helias High School","Football","19","Varsity","10/2","7:00 pm","","Capital City","away","https://www.mshsaa.org/MySchool/Schedule.aspx?s=522&alg=19","https://www.mshsaa.org/MySchool/Matchup.aspx?s=522&alg=19&comp=2627942"
"85","Hickman High School","Cross Country Boys","11","Varsity","10/2-3","","","Chili Pepper Race","tournament","https://www.mshsaa.org/MySchool/Schedule.aspx?s=85&alg=11","https://www.mshsaa.org/MySchool/Tournament.aspx?s=85&alg=11&tournament=587513"
"85","Hickman High School","Cross Country Girls","12","Varsity","10/2-3","","","Chili Pepper Race","tournament","https://www.mshsaa.org/MySchool/Schedule.aspx?s=85&alg=12","https://www.mshsaa.org/MySchool/Tournament.aspx?s=85&alg=12&tournament=587600"
"85","Hickman High School","Football","19","Varsity","10/2","7:00 pm","","Jefferson City","home","https://www.mshsaa.org/MySchool/Schedule.aspx?s=85&alg=19","https://www.mshsaa.org/MySchool/Matchup.aspx?s=85&alg=19&comp=2646529"
"85","Hickman High School","Soccer Boys","33","Varsity","10/2-3","","","Kickapoo Shootout","tournament","https://www.mshsaa.org/MySchool/Schedule.aspx?s=85&alg=33","https://www.mshsaa.org/MySchool/Tournament.aspx?s=85&alg=33&tournament=558288"
"85","Hickman High School","Soccer Boys","33","Varsity","⤷ 10/2","TBD","","Ozark","tournament","https://www.mshsaa.org/MySchool/Schedule.aspx?s=85&alg=33","https://www.mshsaa.org/MySchool/Matchup.aspx?s=85&alg=33&comp=2780668"
"85","Hickman High School","Softball Fall Season","38","Varsity","10/2-3","","","Kewpie Classic Tournament at Antimi Fields in Columbia","tournament","https://www.mshsaa.org/MySchool/Schedule.aspx?s=85&alg=38","https://www.mshsaa.org/MySchool/Tournament.aspx?s=85&alg=38&tournament=579350"
"317","Higbee High School","Baseball Fall Season","66","Varsity","10/2","5:00 pm","","Jamestown","away","https://www.mshsaa.org/MySchool/Schedule.aspx?s=317&alg=66","https://www.mshsaa.org/MySchool/Matchup.aspx?s=317&alg=66&comp=2626889"
"317","Higbee High School","Softball Fall Season","38","Varsity","10/2","5:00 pm","","Jamestown","away","https://www.mshsaa.org/MySchool/Schedule.aspx?s=317&alg=38","https://www.mshsaa.org/MySchool/Matchup.aspx?s=317&alg=38&comp=2626909"
"84","Jefferson City High School","Football","19","Varsity","10/2","7:00 pm","","Hickman","away","https://www.mshsaa.org/MySchool/Schedule.aspx?s=84&alg=19","https://www.mshsaa.org/MySchool/Matchup.aspx?s=84&alg=19&comp=2560883"
"84","Jefferson City High School","Soccer Boys","33","Varsity","10/2-3","","","Laker Shootout","tournament","https://www.mshsaa.org/MySchool/Schedule.aspx?s=84&alg=33","https://www.mshsaa.org/MySchool/Tournament.aspx?s=84&alg=33&tournament=553908"
"84","Jefferson City High School","Softball Fall Season","38","Varsity","10/2-3","","","Kewpie Classic Tournament at Antimi Fields in Columbia","tournament","https://www.mshsaa.org/MySchool/Schedule.aspx?s=84&alg=38","https://www.mshsaa.org/MySchool/Tournament.aspx?s=84&alg=38&tournament=547668"
"84","Jefferson City High School","Swimming and Diving Boys","44","Varsity","10/2-3","","","Como Invite","tournament","https://www.mshsaa.org/MySchool/Schedule.aspx?s=84&alg=44","https://www.mshsaa.org/MySchool/Tournament.aspx?s=84&alg=44&tournament=593350"
"360","Marshall High School","Football","19","Varsity","10/2","7:00 pm","","Moberly","away","https://www.mshsaa.org/MySchool/Schedule.aspx?s=360&alg=19","https://www.mshsaa.org/MySchool/Matchup.aspx?s=360&alg=19&comp=2450272"
"128","Mexico High School","Football","19","Varsity","10/2","7:00 pm","","Kirksville","away","https://www.mshsaa.org/MySchool/Schedule.aspx?s=128&alg=19","https://www.mshsaa.org/MySchool/Matchup.aspx?s=128&alg=19&comp=2539270"
"128","Mexico High School","Golf Girls","24","Varsity","10/2","","","Fulton/Mexico/Moberly","tournament","https://www.mshsaa.org/MySchool/Schedule.aspx?s=128&alg=24","https://www.mshsaa.org/MySchool/Tournament.aspx?s=128&alg=24&tournament=560162"
"128","Mexico High School","Softball Fall Season","38","Varsity","10/2-3","","","Kewpie Classic","tournament","https://www.mshsaa.org/MySchool/Schedule.aspx?s=128&alg=38","https://www.mshsaa.org/MySchool/Tournament.aspx?s=128&alg=38&tournament=554939"
"132","Moberly High School","Football","19","Varsity","10/2","7:00 pm","","Marshall","home","https://www.mshsaa.org/MySchool/Schedule.aspx?s=132&alg=19","https://www.mshsaa.org/MySchool/Matchup.aspx?s=132&alg=19&comp=2518208"
"139","North Callaway High School","Football","19","Varsity","10/2","7:00 pm","","Louisiana","home","https://www.mshsaa.org/MySchool/Schedule.aspx?s=139&alg=19","https://www.mshsaa.org/MySchool/Matchup.aspx?s=139&alg=19&comp=2591220"
"152","Osage High School","Cross Country Boys","11","Varsity","10/2","","","Camdenton Laker Invitational Day 1","tournament","https://www.mshsaa.org/MySchool/Schedule.aspx?s=152&alg=11","https://www.mshsaa.org/MySchool/Tournament.aspx?s=152&alg=11&tournament=600053"
"152","Osage High School","Cross Country Girls","12","Varsity","10/2","","","FRIDAY- Laker Invitational at Collins Farm","tournament","https://www.mshsaa.org/MySchool/Schedule.aspx?s=152&alg=12","https://www.mshsaa.org/MySchool/Tournament.aspx?s=152&alg=12&tournament=600054"
"152","Osage High School","Football","19","Varsity","10/2","7:00 pm","","California","away","https://www.mshsaa.org/MySchool/Schedule.aspx?s=152&alg=19","https://www.mshsaa.org/MySchool/Matchup.aspx?s=152&alg=19&comp=2518998"
"152","Osage High School","Soccer Boys","33","Varsity","10/2","6:00 pm","","Central (Springfield)","away","https://www.mshsaa.org/MySchool/Schedule.aspx?s=152&alg=33","https://www.mshsaa.org/MySchool/Matchup.aspx?s=152&alg=33&comp=2779473"
"578","Rock Bridge High School","Football","19","Varsity","10/2","7:00 pm","","Camdenton","home","https://www.mshsaa.org/MySchool/Schedule.aspx?s=578&alg=19","https://www.mshsaa.org/MySchool/Matchup.aspx?s=578&alg=19&comp=2683320"
"578","Rock Bridge High School","Tennis Girls","49","Varsity","10/2","4:00 pm","","Parkway West","away","https://www.mshsaa.org/MySchool/Schedule.aspx?s=578&alg=49","https://www.mshsaa.org/MySchool/Matchup.aspx?s=578&alg=49&comp=2722096"
"430","Russellville High School","Football","19","Varsity","10/2","7:00 pm","","South Callaway","home","https://www.mshsaa.org/MySchool/Schedule.aspx?s=430&alg=19","https://www.mshsaa.org/MySchool/Matchup.aspx?s=430&alg=19&comp=2633129"
"431","Salisbury High School","Football","19","Varsity","10/2","7:00 pm","","Crystal City","away","https://www.mshsaa.org/MySchool/Schedule.aspx?s=431&alg=19","https://www.mshsaa.org/MySchool/Matchup.aspx?s=431&alg=19&comp=2661510"
"194","Smith-Cotton High School","Cross Country Boys","11","Varsity","10/2","","","Camdenton Laker Invitational Day 1","tournament","https://www.mshsaa.org/MySchool/Schedule.aspx?s=194&alg=11","https://www.mshsaa.org/MySchool/Tournament.aspx?s=194&alg=11&tournament=556796"
"194","Smith-Cotton High School","Cross Country Girls","12","Varsity","10/2","","","FRIDAY- Laker Invitational at Collins Farm","tournament","https://www.mshsaa.org/MySchool/Schedule.aspx?s=194&alg=12","https://www.mshsaa.org/MySchool/Tournament.aspx?s=194&alg=12&tournament=558627"
"194","Smith-Cotton High School","Football","19","Varsity","10/2","7:00 pm","","Battle","away","https://www.mshsaa.org/MySchool/Schedule.aspx?s=194&alg=19","https://www.mshsaa.org/MySchool/Matchup.aspx?s=194&alg=19&comp=2669260"
"197","South Callaway High School","Cross Country Boys","11","Varsity","10/2","TBD","","Camdenton","away","https://www.mshsaa.org/MySchool/Schedule.aspx?s=197&alg=11","https://www.mshsaa.org/MySchool/Matchup.aspx?s=197&alg=11&comp=2726985"
"197","South Callaway High School","Cross Country Boys","11","Varsity","10/2","","","Camdenton Laker Invitational Day 1","tournament","https://www.mshsaa.org/MySchool/Schedule.aspx?s=197&alg=11","https://www.mshsaa.org/MySchool/Tournament.aspx?s=197&alg=11&tournament=600863"
"197","South Callaway High School","Cross Country Girls","12","Varsity","10/2","TBD","","Camdenton","away","https://www.mshsaa.org/MySchool/Schedule.aspx?s=197&alg=12","https://www.mshsaa.org/MySchool/Matchup.aspx?s=197&alg=12&comp=2726985"
"197","South Callaway High School","Cross Country Girls","12","Varsity","10/2","","","FRIDAY- Laker Invitational at Collins Farm","tournament","https://www.mshsaa.org/MySchool/Schedule.aspx?s=197&alg=12","https://www.mshsaa.org/MySchool/Tournament.aspx?s=197&alg=12&tournament=600864"
"197","South Callaway High School","Football","19","Varsity","10/2","7:00 pm","","Russellville","away","https://www.mshsaa.org/MySchool/Schedule.aspx?s=197&alg=19","https://www.mshsaa.org/MySchool/Matchup.aspx?s=197&alg=19&comp=2647638"
"2","Southern Boone High School","Football","19","Varsity","10/2","7:00 pm","","Fulton","home","https://www.mshsaa.org/MySchool/Schedule.aspx?s=2&alg=19","https://www.mshsaa.org/MySchool/Matchup.aspx?s=2&alg=19&comp=2626138"
"474","Tipton High School","Football","19","Varsity","10/2","7:00 pm","","Harrisburg","home","https://www.mshsaa.org/MySchool/Schedule.aspx?s=474&alg=19","https://www.mshsaa.org/MySchool/Matchup.aspx?s=474&alg=19&comp=2633261"
"474","Tipton High School","Golf Girls","24","Varsity","10/2","","","Versailles Tri","tournament","https://www.mshsaa.org/MySchool/Schedule.aspx?s=474&alg=24","https://www.mshsaa.org/MySchool/Tournament.aspx?s=474&alg=24&tournament=583138"
"485","Versailles High School","Cross Country Boys","11","Varsity","10/2","","","Camdenton Laker Invitational Day 1","tournament","https://www.mshsaa.org/MySchool/Schedule.aspx?s=485&alg=11","https://www.mshsaa.org/MySchool/Tournament.aspx?s=485&alg=11&tournament=565607"
"485","Versailles High School","Cross Country Girls","12","Varsity","10/2","","","FRIDAY- Laker Invitational at Collins Farm","tournament","https://www.mshsaa.org/MySchool/Schedule.aspx?s=485&alg=12","https://www.mshsaa.org/MySchool/Tournament.aspx?s=485&alg=12&tournament=585913"
"485","Versailles High School","Football","19","Varsity","10/2","7:00 pm","","Adrian","away","https://www.mshsaa.org/MySchool/Schedule.aspx?s=485&alg=19","https://www.mshsaa.org/MySchool/Matchup.aspx?s=485&alg=19&comp=2498735"
"485","Versailles High School","Golf Girls","24","Varsity","10/2","2:00 pm","","Versailles Tri","tournament","https://www.mshsaa.org/MySchool/Schedule.aspx?s=485&alg=24","https://www.mshsaa.org/MySchool/Tournament.aspx?s=485&alg=24&tournament=545182"
"485","Versailles High School","Golf Girls","24","Varsity","⤷ 10/2","TBD","","Blair Oaks","tournament","https://www.mshsaa.org/MySchool/Schedule.aspx?s=485&alg=24","https://www.mshsaa.org/MySchool/Matchup.aspx?s=485&alg=24&comp=2790331"
"485","Versailles High School","Golf Girls","24","Varsity","⤷ 10/2","TBD","","Cole Camp","tournament","https://www.mshsaa.org/MySchool/Schedule.aspx?s=485&alg=24","https://www.mshsaa.org/MySchool/Matchup.aspx?s=485&alg=24&comp=2790332"
"582","California High School","Cross Country Boys","11","Varsity","10/3","","","Camdenton Laker Invitational Day 2","tournament","https://www.mshsaa.org/MySchool/Schedule.aspx?s=582&alg=11","https://www.mshsaa.org/MySchool/Tournament.aspx?s=582&alg=11&tournament=544408"
"582","California High School","Softball Fall Season","38","Varsity","10/3","","","Centralia Invitational","tournament","https://www.mshsaa.org/MySchool/Schedule.aspx?s=582&alg=38","https://www.mshsaa.org/MySchool/Tournament.aspx?s=582&alg=38&tournament=542708"
"582","California High School","Volleyball Girls","57","Varsity","10/3","","","Warrensburg Invitational Tournament","tournament","https://www.mshsaa.org/MySchool/Schedule.aspx?s=582&alg=57","https://www.mshsaa.org/MySchool/Tournament.aspx?s=582&alg=57&tournament=542695"
"26","Camdenton High School","Cross Country Boys","11","Varsity","10/3","8:00 am","","Camdenton Laker Invitational Day 2","tournament","https://www.mshsaa.org/MySchool/Schedule.aspx?s=26&alg=11","https://www.mshsaa.org/MySchool/Tournament.aspx?s=26&alg=11&tournament=578485"
"26","Camdenton High School","Cross Country Girls","12","Varsity","10/3","8:00 am","","Camdenton Invitational at HaHa Tonka- Saturday Races","tournament","https://www.mshsaa.org/MySchool/Schedule.aspx?s=26&alg=12","https://www.mshsaa.org/MySchool/Tournament.aspx?s=26&alg=12&tournament=578932"
"26","Camdenton High School","Volleyball Girls","57","Varsity","10/3","","","Mt. Vernon October Aces Tournament","tournament","https://www.mshsaa.org/MySchool/Schedule.aspx?s=26&alg=57","https://www.mshsaa.org/MySchool/Tournament.aspx?s=26&alg=57&tournament=556945"
"1540","Capital City High School","Softball Fall Season","38","Varsity","⤷ 10/3","10:45 am","","Aurora","tournament","https://www.mshsaa.org/MySchool/Schedule.aspx?s=1540&alg=38","https://www.mshsaa.org/MySchool/Matchup.aspx?s=1540&alg=38&comp=2786215"
"1540","Capital City High School","Softball Fall Season","38","Varsity","⤷ 10/3","12:30 pm","","Francis Howell","tournament","https://www.mshsaa.org/MySchool/Schedule.aspx?s=1540&alg=38","https://www.mshsaa.org/MySchool/Matchup.aspx?s=1540&alg=38&comp=2786216"
"1540","Capital City High School","Volleyball Girls","57","Varsity","10/3","","","Rolla Invitational","tournament","https://www.mshsaa.org/MySchool/Schedule.aspx?s=1540&alg=57","https://www.mshsaa.org/MySchool/Tournament.aspx?s=1540&alg=57&tournament=547996"
"53","Centralia High School","Softball Fall Season","38","Varsity","10/3","","","Centralia Invitational","tournament","https://www.mshsaa.org/MySchool/Schedule.aspx?s=53&alg=38","https://www.mshsaa.org/MySchool/Tournament.aspx?s=53&alg=38&tournament=552270"
"1099","Christian Fellowship","Softball Fall Season","38","Varsity","10/3","","","Centralia Invitational","tournament","https://www.mshsaa.org/MySchool/Schedule.aspx?s=1099&alg=38","https://www.mshsaa.org/MySchool/Tournament.aspx?s=1099&alg=38&tournament=552281"
"278","Eldon High School","Softball Fall Season","38","Varsity","10/3","","","Centralia Invitational","tournament","https://www.mshsaa.org/MySchool/Schedule.aspx?s=278&alg=38","https://www.mshsaa.org/MySchool/Tournament.aspx?s=278&alg=38&tournament=596510"
"917","Father Tolton","Cross Country Boys","11","Varsity","10/3","","","Chile Pepper XC Festival","tournament","https://www.mshsaa.org/MySchool/Schedule.aspx?s=917&alg=11","https://www.mshsaa.org/MySchool/Tournament.aspx?s=917&alg=11&tournament=589896"
"917","Father Tolton","Cross Country Girls","12","Varsity","10/3","","","Chile Pepper XC Festival","tournament","https://www.mshsaa.org/MySchool/Schedule.aspx?s=917&alg=12","https://www.mshsaa.org/MySchool/Tournament.aspx?s=917&alg=12&tournament=589950"
"80","Fulton High School","Softball Fall Season","38","Varsity","10/3","","","South Callaway Varsity Softball Tournament","tournament","https://www.mshsaa.org/MySchool/Schedule.aspx?s=80&alg=38","https://www.mshsaa.org/MySchool/Tournament.aspx?s=80&alg=38&tournament=574641"
"311","Hallsville High School","Softball Fall Season","38","Varsity","10/3","","","Centralia Invitational","tournament","https://www.mshsaa.org/MySchool/Schedule.aspx?s=311&alg=38","https://www.mshsaa.org/MySchool/Tournament.aspx?s=311&alg=38&tournament=552281"
"313","Harrisburg High School","Softball Fall Season","38","Varsity","10/3","","","Cohagan Classic - Schuyler V Tournament","tournament","https://www.mshsaa.org/MySchool/Schedule.aspx?s=313&alg=38","https://www.mshsaa.org/MySchool/Tournament.aspx?s=313&alg=38&tournament=527750"
"522","Helias High School","Soccer Boys","33","Varsity","10/3","12:30 pm","","St. Francis Borgia","away","https://www.mshsaa.org/MySchool/Schedule.aspx?s=522&alg=33","https://www.mshsaa.org/MySchool/Matchup.aspx?s=522&alg=33&comp=2685932"
"85","Hickman High School","Soccer Boys","33","Varsity","⤷ 10/3","TBD","","Carthage","tournament","https://www.mshsaa.org/MySchool/Schedule.aspx?s=85&alg=33","https://www.mshsaa.org/MySchool/Matchup.aspx?s=85&alg=33&comp=2780669"
"317","Higbee High School","Cross Country Girls","12","Varsity","10/3","","","Calvary Lutheran Invitational","tournament","https://www.mshsaa.org/MySchool/Schedule.aspx?s=317&alg=12","https://www.mshsaa.org/MySchool/Tournament.aspx?s=317&alg=12&tournament=587645"
"84","Jefferson City High School","Cross Country Girls","12","Varsity","10/3","","","Camdenton Invitational at HaHa Tonka- Saturday Races","tournament","https://www.mshsaa.org/MySchool/Schedule.aspx?s=84&alg=12","https://www.mshsaa.org/MySchool/Tournament.aspx?s=84&alg=12&tournament=566507"
"360","Marshall High School","Softball Fall Season","38","Varsity","10/3","2:00 pm","","Cameron","home","https://www.mshsaa.org/MySchool/Schedule.aspx?s=360&alg=38","https://www.mshsaa.org/MySchool/Matchup.aspx?s=360&alg=38&comp=2650347"
"360","Marshall High School","Softball Fall Season","38","Varsity","10/3","10:00 am","","Lexington","home","https://www.mshsaa.org/MySchool/Schedule.aspx?s=360&alg=38","https://www.mshsaa.org/MySchool/Matchup.aspx?s=360&alg=38&comp=2650348"
"360","Marshall High School","Swimming and Diving Boys","44","Varsity","10/3","9:00 am","","Platte County","away","https://www.mshsaa.org/MySchool/Schedule.aspx?s=360&alg=44","https://www.mshsaa.org/MySchool/Matchup.aspx?s=360&alg=44&comp=2773842"
"360","Marshall High School","Volleyball Girls","57","Varsity","10/3","","","Carrollton Invitational","tournament","https://www.mshsaa.org/MySchool/Schedule.aspx?s=360&alg=57","https://www.mshsaa.org/MySchool/Tournament.aspx?s=360&alg=57&tournament=554366"
"128","Mexico High School","Cross Country Boys","11","Varsity","10/3","","","Camdenton Laker Invitational Day 2","tournament","https://www.mshsaa.org/MySchool/Schedule.aspx?s=128&alg=11","https://www.mshsaa.org/MySchool/Tournament.aspx?s=128&alg=11&tournament=569373"
"128","Mexico High School","Cross Country Girls","12","Varsity","10/3","","","Camdenton Invitational at HaHa Tonka- Saturday Races","tournament","https://www.mshsaa.org/MySchool/Schedule.aspx?s=128&alg=12","https://www.mshsaa.org/MySchool/Tournament.aspx?s=128&alg=12&tournament=588296"
"132","Moberly High School","Softball Fall Season","38","Varsity","10/3","","","Westran Triangular","tournament","https://www.mshsaa.org/MySchool/Schedule.aspx?s=132&alg=38","https://www.mshsaa.org/MySchool/Tournament.aspx?s=132&alg=38&tournament=554264"
"139","North Callaway High School","Cross Country Boys","11","Varsity","10/3","8:00 am","","Camdenton","home","https://www.mshsaa.org/MySchool/Schedule.aspx?s=139&alg=11","https://www.mshsaa.org/MySchool/Matchup.aspx?s=139&alg=11&comp=2656601"
"139","North Callaway High School","Cross Country Girls","12","Varsity","10/3","8:00 am","","Camdenton","home","https://www.mshsaa.org/MySchool/Schedule.aspx?s=139&alg=12","https://www.mshsaa.org/MySchool/Matchup.aspx?s=139&alg=12&comp=2656601"
"139","North Callaway High School","Softball Fall Season","38","Varsity","10/3","","","Centralia Invitational","tournament","https://www.mshsaa.org/MySchool/Schedule.aspx?s=139&alg=38","https://www.mshsaa.org/MySchool/Tournament.aspx?s=139&alg=38&tournament=541707"
"578","Rock Bridge High School","Cross Country Boys","11","Varsity","10/3","","","Hoka Frank Horton Twilight","tournament","https://www.mshsaa.org/MySchool/Schedule.aspx?s=578&alg=11","https://www.mshsaa.org/MySchool/Tournament.aspx?s=578&alg=11&tournament=596595"
"578","Rock Bridge High School","Cross Country Girls","12","Varsity","10/3","","","Hoka Frank Horton Twilight","tournament","https://www.mshsaa.org/MySchool/Schedule.aspx?s=578&alg=12","https://www.mshsaa.org/MySchool/Tournament.aspx?s=578&alg=12&tournament=596603"
"578","Rock Bridge High School","Softball Fall Season","38","Varsity","10/3","10:00 am","","Staley","away","https://www.mshsaa.org/MySchool/Schedule.aspx?s=578&alg=38","https://www.mshsaa.org/MySchool/Matchup.aspx?s=578&alg=38&comp=2768057"
"578","Rock Bridge High School","Tennis Girls","49","Varsity","10/3","8:00 am","","Tournament of Champions","tournament","https://www.mshsaa.org/MySchool/Schedule.aspx?s=578&alg=49","https://www.mshsaa.org/MySchool/Tournament.aspx?s=578&alg=49&tournament=573149"
"578","Rock Bridge High School","Volleyball Girls","57","Varsity","10/3","","","St. Thomas Aquinas Tournament","tournament","https://www.mshsaa.org/MySchool/Schedule.aspx?s=578&alg=57","https://www.mshsaa.org/MySchool/Tournament.aspx?s=578&alg=57&tournament=579210"
"430","Russellville High School","Cross Country Boys","11","Varsity","10/3","","","Calvary Lutheran Invitational","tournament","https://www.mshsaa.org/MySchool/Schedule.aspx?s=430&alg=11","https://www.mshsaa.org/MySchool/Tournament.aspx?s=430&alg=11&tournament=586732"
"430","Russellville High School","Cross Country Girls","12","Varsity","10/3","","","Calvary Lutheran Invitational","tournament","https://www.mshsaa.org/MySchool/Schedule.aspx?s=430&alg=12","https://www.mshsaa.org/MySchool/Tournament.aspx?s=430&alg=12&tournament=586733"
"431","Salisbury High School","Softball Fall Season","38","Varsity","10/3","","","La Plata Invitational","tournament","https://www.mshsaa.org/MySchool/Schedule.aspx?s=431&alg=38","https://www.mshsaa.org/MySchool/Tournament.aspx?s=431&alg=38&tournament=547757"
"197","South Callaway High School","Softball Fall Season","38","Varsity","10/3","","","South Callaway Varsity Softball Tournament","tournament","https://www.mshsaa.org/MySchool/Schedule.aspx?s=197&alg=38","https://www.mshsaa.org/MySchool/Tournament.aspx?s=197&alg=38&tournament=574374"
"2","Southern Boone High School","Cross Country Boys","11","Varsity","10/3","9:00 am","","Chile Pepper Cross Country Festival","tournament","https://www.mshsaa.org/MySchool/Schedule.aspx?s=2&alg=11","https://www.mshsaa.org/MySchool/Tournament.aspx?s=2&alg=11&tournament=559456"
"2","Southern Boone High School","Cross Country Girls","12","Varsity","10/3","9:00 am","","Chile Pepper Cross Country Festival","tournament","https://www.mshsaa.org/MySchool/Schedule.aspx?s=2&alg=12","https://www.mshsaa.org/MySchool/Tournament.aspx?s=2&alg=12&tournament=589471"
"953","Battle High School","Golf Girls","24","Varsity","10/5","","","Battle Spartan Invitational","tournament","https://www.mshsaa.org/MySchool/Schedule.aspx?s=953&alg=24","https://www.mshsaa.org/MySchool/Tournament.aspx?s=953&alg=24&tournament=597008"
"953","Battle High School","Tennis Girls","49","Varsity","10/5","4:00 pm","","Camdenton","away","https://www.mshsaa.org/MySchool/Schedule.aspx?s=953&alg=49","https://www.mshsaa.org/MySchool/Matchup.aspx?s=953&alg=49&comp=2766290"
"953","Battle High School","Volleyball Girls","57","Varsity","10/5","7:00 pm","","Smith-Cotton","away","https://www.mshsaa.org/MySchool/Schedule.aspx?s=953&alg=57","https://www.mshsaa.org/MySchool/Matchup.aspx?s=953&alg=57&comp=2762762"
"217","Blair Oaks High School","Softball Fall Season","38","Varsity","10/5","5:00 pm","","Hickman","away","https://www.mshsaa.org/MySchool/Schedule.aspx?s=217&alg=38","https://www.mshsaa.org/MySchool/Matchup.aspx?s=217&alg=38&comp=2632327"
"16","Boonville High School","Soccer Boys","33","Varsity","10/5","6:30 pm","","Oak Grove","away","https://www.mshsaa.org/MySchool/Schedule.aspx?s=16&alg=33","https://www.mshsaa.org/MySchool/Matchup.aspx?s=16&alg=33&comp=2766132"
"16","Boonville High School","Softball Fall Season","38","Varsity","10/5","5:00 pm","","New Franklin","away","https://www.mshsaa.org/MySchool/Schedule.aspx?s=16&alg=38","https://www.mshsaa.org/MySchool/Matchup.aspx?s=16&alg=38&comp=2615761"
"16","Boonville High School","Tennis Girls","49","Varsity","10/5","5:00 pm","","Sacred Heart","away","https://www.mshsaa.org/MySchool/Schedule.aspx?s=16&alg=49","https://www.mshsaa.org/MySchool/Matchup.aspx?s=16&alg=49&comp=2772738"
"16","Boonville High School","Volleyball Girls","57","Varsity","10/5","6:00 pm","","Kirksville","home","https://www.mshsaa.org/MySchool/Schedule.aspx?s=16&alg=57","https://www.mshsaa.org/MySchool/Matchup.aspx?s=16&alg=57&comp=2764530"
"582","California High School","Softball Fall Season","38","Varsity","10/5","5:30 pm","","Jamestown","home","https://www.mshsaa.org/MySchool/Schedule.aspx?s=582&alg=38","https://www.mshsaa.org/MySchool/Matchup.aspx?s=582&alg=38&comp=2618141"
"26","Camdenton High School","Golf Girls","24","Varsity","10/5","","","Battle Sparta Invite","tournament","https://www.mshsaa.org/MySchool/Schedule.aspx?s=26&alg=24","https://www.mshsaa.org/MySchool/Tournament.aspx?s=26&alg=24&tournament=578587"
"26","Camdenton High School","Tennis Girls","49","Varsity","10/5","2:00 pm","","Hickman","home","https://www.mshsaa.org/MySchool/Schedule.aspx?s=26&alg=49","https://www.mshsaa.org/MySchool/Matchup.aspx?s=26&alg=49&comp=2742715"
"26","Camdenton High School","Tennis Girls","49","Varsity","10/5","4:00 pm","","Battle","away","https://www.mshsaa.org/MySchool/Schedule.aspx?s=26&alg=49","https://www.mshsaa.org/MySchool/Matchup.aspx?s=26&alg=49&comp=2742716"
"26","Camdenton High School","Volleyball Girls","57","Varsity","10/5","7:30 pm","","Branson","away","https://www.mshsaa.org/MySchool/Schedule.aspx?s=26&alg=57","https://www.mshsaa.org/MySchool/Matchup.aspx?s=26&alg=57&comp=2786695"
"1540","Capital City High School","Golf Girls","24","Varsity","10/5","","","Battle Spartan Invitational","tournament","https://www.mshsaa.org/MySchool/Schedule.aspx?s=1540&alg=24","https://www.mshsaa.org/MySchool/Tournament.aspx?s=1540&alg=24&tournament=563809"
"1540","Capital City High School","Soccer Boys","33","Varsity","10/5","6:45 pm","","Osage","away","https://www.mshsaa.org/MySchool/Schedule.aspx?s=1540&alg=33","https://www.mshsaa.org/MySchool/Matchup.aspx?s=1540&alg=33&comp=2668181"
"1540","Capital City High School","Softball Fall Season","38","Varsity","10/5","5:00 pm","","Helias Catholic","home","https://www.mshsaa.org/MySchool/Schedule.aspx?s=1540&alg=38","https://www.mshsaa.org/MySchool/Matchup.aspx?s=1540&alg=38&comp=2670979"
"1540","Capital City High School","Tennis Girls","49","Varsity","10/5","4:30 pm","","Rock Bridge","home","https://www.mshsaa.org/MySchool/Schedule.aspx?s=1540&alg=49","https://www.mshsaa.org/MySchool/Matchup.aspx?s=1540&alg=49&comp=2621729"
"1540","Capital City High School","Volleyball Girls","57","Varsity","10/5","6:45 pm","","Father Tolton","home","https://www.mshsaa.org/MySchool/Schedule.aspx?s=1540&alg=57","https://www.mshsaa.org/MySchool/Matchup.aspx?s=1540&alg=57&comp=2641604"
"53","Centralia High School","Cross Country Boys","11","Varsity","10/5","","","CCC Meet @ Monroe City","tournament","https://www.mshsaa.org/MySchool/Schedule.aspx?s=53&alg=11","https://www.mshsaa.org/MySchool/Tournament.aspx?s=53&alg=11&tournament=552240"
"53","Centralia High School","Cross Country Girls","12","Varsity","10/5","","","CCC Meet @ Monroe City","tournament","https://www.mshsaa.org/MySchool/Schedule.aspx?s=53&alg=12","https://www.mshsaa.org/MySchool/Tournament.aspx?s=53&alg=12&tournament=552247"
"53","Centralia High School","Golf Girls","24","Varsity","10/5","","","CCC Tournament","tournament","https://www.mshsaa.org/MySchool/Schedule.aspx?s=53&alg=24","https://www.mshsaa.org/MySchool/Tournament.aspx?s=53&alg=24&tournament=552264"
"53","Centralia High School","Softball Fall Season","38","Varsity","10/5","5:00 pm","","North Callaway","away","https://www.mshsaa.org/MySchool/Schedule.aspx?s=53&alg=38","https://www.mshsaa.org/MySchool/Matchup.aspx?s=53&alg=38&comp=2655441"
"53","Centralia High School","Volleyball Girls","57","Varsity","10/5","7:00 pm","","Mexico","home","https://www.mshsaa.org/MySchool/Schedule.aspx?s=53&alg=57","https://www.mshsaa.org/MySchool/Matchup.aspx?s=53&alg=57&comp=2655586"
"1099","Christian Fellowship","Soccer Boys","33","Varsity","10/5","5:00 pm","","Rock Bridge (JV)","home","https://www.mshsaa.org/MySchool/Schedule.aspx?s=1099&alg=33","https://www.mshsaa.org/MySchool/Matchup.aspx?s=1099&alg=33&comp=2736968"
"1099","Christian Fellowship","Softball Fall Season","38","Varsity","10/5","5:00 pm","","Fatima","home","https://www.mshsaa.org/MySchool/Schedule.aspx?s=1099&alg=38","https://www.mshsaa.org/MySchool/Matchup.aspx?s=1099&alg=38&comp=2633024"
"1099","Christian Fellowship","Volleyball Girls","57","Varsity","10/5","6:00 pm","","Wright City","home","https://www.mshsaa.org/MySchool/Schedule.aspx?s=1099&alg=57","https://www.mshsaa.org/MySchool/Matchup.aspx?s=1099&alg=57&comp=2674879"
"566","Columbia Independent","Volleyball Girls","57","Varsity","10/5","7:00 pm","","New Bloomfield","home","https://www.mshsaa.org/MySchool/Schedule.aspx?s=566&alg=57","https://www.mshsaa.org/MySchool/Matchup.aspx?s=566&alg=57&comp=2659008"
"278","Eldon High School","Softball Fall Season","38","Varsity","10/5","5:00 pm","","Dixon","away","https://www.mshsaa.org/MySchool/Schedule.aspx?s=278&alg=38","https://www.mshsaa.org/MySchool/Matchup.aspx?s=278&alg=38&comp=2628681"
"278","Eldon High School","Volleyball Girls","57","Varsity","10/5","7:00 pm","","Southern Boone","home","https://www.mshsaa.org/MySchool/Schedule.aspx?s=278&alg=57","https://www.mshsaa.org/MySchool/Matchup.aspx?s=278&alg=57&comp=2623029"
"917","Father Tolton","Golf Girls","24","Varsity","10/5","","","Battle Invitational","tournament","https://www.mshsaa.org/MySchool/Schedule.aspx?s=917&alg=24","https://www.mshsaa.org/MySchool/Tournament.aspx?s=917&alg=24&tournament=599503"
"917","Father Tolton","Tennis Girls","49","Varsity","10/5","4:30 pm","","Helias Catholic","home","https://www.mshsaa.org/MySchool/Schedule.aspx?s=917&alg=49","https://www.mshsaa.org/MySchool/Matchup.aspx?s=917&alg=49&comp=2766866"
"917","Father Tolton","Volleyball Girls","57","Varsity","10/5","6:45 pm","","Capital City","away","https://www.mshsaa.org/MySchool/Schedule.aspx?s=917&alg=57","https://www.mshsaa.org/MySchool/Matchup.aspx?s=917&alg=57&comp=2754361"
"294","Fayette High School","Golf Girls","24","Varsity","10/5","4:00 pm","","Glasgow","away","https://www.mshsaa.org/MySchool/Schedule.aspx?s=294&alg=24","https://www.mshsaa.org/MySchool/Matchup.aspx?s=294&alg=24&comp=2719125"
"294","Fayette High School","Softball Fall Season","38","Varsity","10/5","5:00 pm","","Pilot Grove","away","https://www.mshsaa.org/MySchool/Schedule.aspx?s=294&alg=38","https://www.mshsaa.org/MySchool/Matchup.aspx?s=294&alg=38&comp=2635053"
"80","Fulton High School","Softball Fall Season","38","Varsity","10/5","5:00 pm","","South Callaway","home","https://www.mshsaa.org/MySchool/Schedule.aspx?s=80&alg=38","https://www.mshsaa.org/MySchool/Matchup.aspx?s=80&alg=38&comp=2664045"
"80","Fulton High School","Volleyball Girls","57","Varsity","10/5","5:15 pm","","Warrenton","home","https://www.mshsaa.org/MySchool/Schedule.aspx?s=80&alg=57","https://www.mshsaa.org/MySchool/Matchup.aspx?s=80&alg=57&comp=2642120"
"302","Glasgow High School","Golf Girls","24","Varsity","10/5","4:00 pm","","Fayette","away","https://www.mshsaa.org/MySchool/Schedule.aspx?s=302&alg=24","https://www.mshsaa.org/MySchool/Matchup.aspx?s=302&alg=24&comp=2768870"
"311","Hallsville High School","Soccer Boys","33","Varsity","10/5","5:00 pm","","Rock Bridge (JV)","home","https://www.mshsaa.org/MySchool/Schedule.aspx?s=311&alg=33","https://www.mshsaa.org/MySchool/Matchup.aspx?s=311&alg=33&comp=2736968"
"311","Hallsville High School","Softball Fall Season","38","Varsity","10/5","5:00 pm","","Fatima","home","https://www.mshsaa.org/MySchool/Schedule.aspx?s=311&alg=38","https://www.mshsaa.org/MySchool/Matchup.aspx?s=311&alg=38&comp=2633024"
"311","Hallsville High School","Volleyball Girls","57","Varsity","10/5","6:30 pm","","Marshall","home","https://www.mshsaa.org/MySchool/Schedule.aspx?s=311&alg=57","https://www.mshsaa.org/MySchool/Matchup.aspx?s=311&alg=57&comp=2638638"
"313","Harrisburg High School","Golf Girls","24","Varsity","10/5","9:00 am","","Battle Spartan Invitational","tournament","https://www.mshsaa.org/MySchool/Schedule.aspx?s=313&alg=24","https://www.mshsaa.org/MySchool/Tournament.aspx?s=313&alg=24&tournament=543831"
"313","Harrisburg High School","Softball Fall Season","38","Varsity","10/5","5:00 pm","","Paris","home","https://www.mshsaa.org/MySchool/Schedule.aspx?s=313&alg=38","https://www.mshsaa.org/MySchool/Matchup.aspx?s=313&alg=38&comp=2649311"
"522","Helias High School","Softball Fall Season","38","Varsity","10/5","5:00 pm","","Capital City","away","https://www.mshsaa.org/MySchool/Schedule.aspx?s=522&alg=38","https://www.mshsaa.org/MySchool/Matchup.aspx?s=522&alg=38&comp=2670980"
"522","Helias High School","Tennis Girls","49","Varsity","10/5","4:30 pm","","Father Tolton","away","https://www.mshsaa.org/MySchool/Schedule.aspx?s=522&alg=49","https://www.mshsaa.org/MySchool/Matchup.aspx?s=522&alg=49&comp=2768170"
"85","Hickman High School","Golf Girls","24","Varsity","10/5","","","Battle Spartan Invitational","tournament","https://www.mshsaa.org/MySchool/Schedule.aspx?s=85&alg=24","https://www.mshsaa.org/MySchool/Tournament.aspx?s=85&alg=24&tournament=588496"
"85","Hickman High School","Softball Fall Season","38","Varsity","10/5","5:00 pm","","Blair Oaks","home","https://www.mshsaa.org/MySchool/Schedule.aspx?s=85&alg=38","https://www.mshsaa.org/MySchool/Matchup.aspx?s=85&alg=38&comp=2744128"
"85","Hickman High School","Tennis Girls","49","Varsity","10/5","4:00 pm","","Camdenton","away","https://www.mshsaa.org/MySchool/Schedule.aspx?s=85&alg=49","https://www.mshsaa.org/MySchool/Matchup.aspx?s=85&alg=49&comp=2744163"
"317","Higbee High School","Baseball Fall Season","66","Varsity","10/5","5:00 pm","","Northeast (Cairo)","away","https://www.mshsaa.org/MySchool/Schedule.aspx?s=317&alg=66","https://www.mshsaa.org/MySchool/Matchup.aspx?s=317&alg=66&comp=2590155"
"84","Jefferson City High School","Softball Fall Season","38","Varsity","10/5","5:00 pm","","Smith-Cotton","away","https://www.mshsaa.org/MySchool/Schedule.aspx?s=84&alg=38","https://www.mshsaa.org/MySchool/Matchup.aspx?s=84&alg=38&comp=2639949"
"84","Jefferson City High School","Tennis Girls","49","Varsity","10/5","4:30 pm","","Fulton","home","https://www.mshsaa.org/MySchool/Schedule.aspx?s=84&alg=49","https://www.mshsaa.org/MySchool/Matchup.aspx?s=84&alg=49&comp=2792211"
"360","Marshall High School","Golf Girls","24","Varsity","10/5","4:00 pm","","Marshall/Cairo/Sacred Heart","tournament","https://www.mshsaa.org/MySchool/Schedule.aspx?s=360&alg=24","https://www.mshsaa.org/MySchool/Tournament.aspx?s=360&alg=24&tournament=582858"
"360","Marshall High School","Golf Girls","24","Varsity","⤷ 10/5","TBD","","Northeast (Cairo)","tournament","https://www.mshsaa.org/MySchool/Schedule.aspx?s=360&alg=24","https://www.mshsaa.org/MySchool/Matchup.aspx?s=360&alg=24&comp=2753498"
"360","Marshall High School","Golf Girls","24","Varsity","⤷ 10/5","TBD","","Sacred Heart","tournament","https://www.mshsaa.org/MySchool/Schedule.aspx?s=360&alg=24","https://www.mshsaa.org/MySchool/Matchup.aspx?s=360&alg=24&comp=2793072"
"360","Marshall High School","Softball Fall Season","38","Varsity","10/5","4:30 pm","","Clinton","home","https://www.mshsaa.org/MySchool/Schedule.aspx?s=360&alg=38","https://www.mshsaa.org/MySchool/Matchup.aspx?s=360&alg=38&comp=2650349"
"360","Marshall High School","Volleyball Girls","57","Varsity","10/5","6:30 pm","","Hallsville","away","https://www.mshsaa.org/MySchool/Schedule.aspx?s=360&alg=57","https://www.mshsaa.org/MySchool/Matchup.aspx?s=360&alg=57&comp=2640879"
"128","Mexico High School","Golf Girls","24","Varsity","10/5","","","Fullton Classic Tournament","tournament","https://www.mshsaa.org/MySchool/Schedule.aspx?s=128&alg=24","https://www.mshsaa.org/MySchool/Tournament.aspx?s=128&alg=24&tournament=587280"
"128","Mexico High School","Volleyball Girls","57","Varsity","10/5","7:00 pm","","Centralia","away","https://www.mshsaa.org/MySchool/Schedule.aspx?s=128&alg=57","https://www.mshsaa.org/MySchool/Matchup.aspx?s=128&alg=57&comp=2652138"
"132","Moberly High School","Golf Girls","24","Varsity","10/5","4:00 pm","","Mexico","home","https://www.mshsaa.org/MySchool/Schedule.aspx?s=132&alg=24","https://www.mshsaa.org/MySchool/Matchup.aspx?s=132&alg=24&comp=2780861"
"132","Moberly High School","Tennis Girls","49","Varsity","10/5","","","Chillicothe Quad","tournament","https://www.mshsaa.org/MySchool/Schedule.aspx?s=132&alg=49","https://www.mshsaa.org/MySchool/Tournament.aspx?s=132&alg=49&tournament=594740"
"139","North Callaway High School","Softball Fall Season","38","Varsity","10/5","5:00 pm","","Centralia","home","https://www.mshsaa.org/MySchool/Schedule.aspx?s=139&alg=38","https://www.mshsaa.org/MySchool/Matchup.aspx?s=139&alg=38&comp=2614165"
"139","North Callaway High School","Volleyball Girls","57","Varsity","10/5","6:00 pm","","Brookfield","home","https://www.mshsaa.org/MySchool/Schedule.aspx?s=139&alg=57","https://www.mshsaa.org/MySchool/Matchup.aspx?s=139&alg=57&comp=2615041"
"152","Osage High School","Soccer Boys","33","Varsity","10/5","6:45 pm","","Capital City","home","https://www.mshsaa.org/MySchool/Schedule.aspx?s=152&alg=33","https://www.mshsaa.org/MySchool/Matchup.aspx?s=152&alg=33&comp=2668159"
"152","Osage High School","Softball Fall Season","38","Varsity","10/5","5:00 pm","","Richland","away","https://www.mshsaa.org/MySchool/Schedule.aspx?s=152&alg=38","https://www.mshsaa.org/MySchool/Matchup.aspx?s=152&alg=38&comp=2656332"
"152","Osage High School","Tennis Girls","49","Varsity","10/5","2:00 pm","","Clinton","away","https://www.mshsaa.org/MySchool/Schedule.aspx?s=152&alg=49","https://www.mshsaa.org/MySchool/Matchup.aspx?s=152&alg=49&comp=2697360"
"152","Osage High School","Tennis Girls","49","Varsity","10/5","11:00 am","","Smith-Cotton","away","https://www.mshsaa.org/MySchool/Schedule.aspx?s=152&alg=49","https://www.mshsaa.org/MySchool/Matchup.aspx?s=152&alg=49&comp=2742974"
"152","Osage High School","Volleyball Girls","57","Varsity","10/5","7:30 pm","","Conway","home","https://www.mshsaa.org/MySchool/Schedule.aspx?s=152&alg=57","https://www.mshsaa.org/MySchool/Matchup.aspx?s=152&alg=57&comp=2647443"
"578","Rock Bridge High School","Tennis Girls","49","Varsity","10/5","4:30 pm","","Capital City","away","https://www.mshsaa.org/MySchool/Schedule.aspx?s=578&alg=49","https://www.mshsaa.org/MySchool/Matchup.aspx?s=578&alg=49&comp=2722097"
"430","Russellville High School","Softball Fall Season","38","Varsity","10/5","5:00 pm","","Iberia","home","https://www.mshsaa.org/MySchool/Schedule.aspx?s=430&alg=38","https://www.mshsaa.org/MySchool/Matchup.aspx?s=430&alg=38&comp=2616312"
"431","Salisbury High School","Golf Girls","24","Varsity","10/5","","","Lewis & Clark Conference Tournament","tournament","https://www.mshsaa.org/MySchool/Schedule.aspx?s=431&alg=24","https://www.mshsaa.org/MySchool/Tournament.aspx?s=431&alg=24&tournament=574334"
"194","Smith-Cotton High School","Softball Fall Season","38","Varsity","10/5","5:00 pm","","Jefferson City","home","https://www.mshsaa.org/MySchool/Schedule.aspx?s=194&alg=38","https://www.mshsaa.org/MySchool/Matchup.aspx?s=194&alg=38&comp=2657353"
"194","Smith-Cotton High School","Tennis Girls","49","Varsity","10/5","11:00 am","","Osage","home","https://www.mshsaa.org/MySchool/Schedule.aspx?s=194&alg=49","https://www.mshsaa.org/MySchool/Matchup.aspx?s=194&alg=49&comp=2672174"
"194","Smith-Cotton High School","Tennis Girls","49","Varsity","10/5","3:00 pm","","Clinton","home","https://www.mshsaa.org/MySchool/Schedule.aspx?s=194&alg=49","https://www.mshsaa.org/MySchool/Matchup.aspx?s=194&alg=49&comp=2672175"
"194","Smith-Cotton High School","Volleyball Girls","57","Varsity","10/5","7:00 pm","","Battle","home","https://www.mshsaa.org/MySchool/Schedule.aspx?s=194&alg=57","https://www.mshsaa.org/MySchool/Matchup.aspx?s=194&alg=57&comp=2643407"
"197","South Callaway High School","Softball Fall Season","38","Varsity","10/5","5:00 pm","","Fulton","away","https://www.mshsaa.org/MySchool/Schedule.aspx?s=197&alg=38","https://www.mshsaa.org/MySchool/Matchup.aspx?s=197&alg=38&comp=2724564"
"2","Southern Boone High School","Soccer Boys","33","Varsity","10/5","5:00 pm","","Canton","home","https://www.mshsaa.org/MySchool/Schedule.aspx?s=2&alg=33","https://www.mshsaa.org/MySchool/Matchup.aspx?s=2&alg=33&comp=2632897"
"2","Southern Boone High School","Volleyball Girls","57","Varsity","10/5","7:00 pm","","Eldon","away","https://www.mshsaa.org/MySchool/Schedule.aspx?s=2&alg=57","https://www.mshsaa.org/MySchool/Matchup.aspx?s=2&alg=57&comp=2653889"
"953","Battle High School","Golf Girls","24","Varsity","10/6","","","Columbia Quad","tournament","https://www.mshsaa.org/MySchool/Schedule.aspx?s=953&alg=24","https://www.mshsaa.org/MySchool/Tournament.aspx?s=953&alg=24&tournament=591211"
"953","Battle High School","Soccer Boys","33","Varsity","10/6","7:00 pm","","Hickman","away","https://www.mshsaa.org/MySchool/Schedule.aspx?s=953&alg=33","https://www.mshsaa.org/MySchool/Matchup.aspx?s=953&alg=33&comp=2722351"
"953","Battle High School","Softball Fall Season","38","Varsity","10/6","5:00 pm","","North Point","away","https://www.mshsaa.org/MySchool/Schedule.aspx?s=953&alg=38","https://www.mshsaa.org/MySchool/Matchup.aspx?s=953&alg=38&comp=2762433"
"217","Blair Oaks High School","Golf Girls","24","Varsity","10/6","","","VanderLinden Invitational","tournament","https://www.mshsaa.org/MySchool/Schedule.aspx?s=217&alg=24","https://www.mshsaa.org/MySchool/Tournament.aspx?s=217&alg=24&tournament=581393"
"217","Blair Oaks High School","Softball Fall Season","38","Varsity","10/6","5:30 pm","","Southern Boone","home","https://www.mshsaa.org/MySchool/Schedule.aspx?s=217&alg=38","https://www.mshsaa.org/MySchool/Matchup.aspx?s=217&alg=38&comp=2632328"
"217","Blair Oaks High School","Volleyball Girls","57","Varsity","10/6","6:30 pm","","Helias Catholic","away","https://www.mshsaa.org/MySchool/Schedule.aspx?s=217&alg=57","https://www.mshsaa.org/MySchool/Matchup.aspx?s=217&alg=57&comp=2632345"
"16","Boonville High School","Golf Girls","24","Varsity","10/6","9:00 am","","Lady Pirate Invitational","tournament","https://www.mshsaa.org/MySchool/Schedule.aspx?s=16&alg=24","https://www.mshsaa.org/MySchool/Tournament.aspx?s=16&alg=24&tournament=581664"
"16","Boonville High School","Softball Fall Season","38","Varsity","10/6","5:00 pm","","Fulton","home","https://www.mshsaa.org/MySchool/Schedule.aspx?s=16&alg=38","https://www.mshsaa.org/MySchool/Matchup.aspx?s=16&alg=38&comp=2741872"
"16","Boonville High School","Volleyball Girls","57","Varsity","10/6","6:15 pm","","Versailles","home","https://www.mshsaa.org/MySchool/Schedule.aspx?s=16&alg=57","https://www.mshsaa.org/MySchool/Matchup.aspx?s=16&alg=57&comp=2782319"
"582","California High School","Softball Fall Season","38","Varsity","10/6","5:00 pm","","Osage","away","https://www.mshsaa.org/MySchool/Schedule.aspx?s=582&alg=38","https://www.mshsaa.org/MySchool/Matchup.aspx?s=582&alg=38&comp=2618142"
"582","California High School","Volleyball Girls","57","Varsity","10/6","7:00 pm","","Capital City","home","https://www.mshsaa.org/MySchool/Schedule.aspx?s=582&alg=57","https://www.mshsaa.org/MySchool/Matchup.aspx?s=582&alg=57&comp=2618102"
"26","Camdenton High School","Soccer Boys","33","Varsity","10/6","6:45 pm","","Rock Bridge","away","https://www.mshsaa.org/MySchool/Schedule.aspx?s=26&alg=33","https://www.mshsaa.org/MySchool/Matchup.aspx?s=26&alg=33&comp=2742659"
"26","Camdenton High School","Softball Fall Season","38","Varsity","10/6","4:30 pm","","Rolla","home","https://www.mshsaa.org/MySchool/Schedule.aspx?s=26&alg=38","https://www.mshsaa.org/MySchool/Matchup.aspx?s=26&alg=38&comp=2650271"
"26","Camdenton High School","Tennis Girls","49","Varsity","10/6","4:00 pm","","Rock Bridge","away","https://www.mshsaa.org/MySchool/Schedule.aspx?s=26&alg=49","https://www.mshsaa.org/MySchool/Matchup.aspx?s=26&alg=49&comp=2775276"
"26","Camdenton High School","Volleyball Girls","57","Varsity","10/6","7:30 pm","","Rock Bridge","home","https://www.mshsaa.org/MySchool/Schedule.aspx?s=26&alg=57","https://www.mshsaa.org/MySchool/Matchup.aspx?s=26&alg=57&comp=2742767"
"1540","Capital City High School","Golf Girls","24","Varsity","10/6","","","VanderLinden Invitational","tournament","https://www.mshsaa.org/MySchool/Schedule.aspx?s=1540&alg=24","https://www.mshsaa.org/MySchool/Tournament.aspx?s=1540&alg=24&tournament=563810"
"1540","Capital City High School","Soccer Boys","33","Varsity","10/6","6:45 pm","","Jefferson City","away","https://www.mshsaa.org/MySchool/Schedule.aspx?s=1540&alg=33","https://www.mshsaa.org/MySchool/Matchup.aspx?s=1540&alg=33&comp=2662535"
"1540","Capital City High School","Softball Fall Season","38","Varsity","10/6","5:00 pm","","New Bloomfield","away","https://www.mshsaa.org/MySchool/Schedule.aspx?s=1540&alg=38","https://www.mshsaa.org/MySchool/Matchup.aspx?s=1540&alg=38&comp=2670981"
"1540","Capital City High School","Tennis Girls","49","Varsity","10/6","4:30 pm","","Father Tolton","home","https://www.mshsaa.org/MySchool/Schedule.aspx?s=1540&alg=49","https://www.mshsaa.org/MySchool/Matchup.aspx?s=1540&alg=49&comp=2794402"
"1540","Capital City High School","Volleyball Girls","57","Varsity","10/6","7:00 pm","","California","away","https://www.mshsaa.org/MySchool/Schedule.aspx?s=1540&alg=57","https://www.mshsaa.org/MySchool/Matchup.aspx?s=1540&alg=57&comp=2641605"
"53","Centralia High School","Softball Fall Season","38","Varsity","10/6","6:30 pm","","Hallsville with Christian Fellowship Sr.","home","https://www.mshsaa.org/MySchool/Schedule.aspx?s=53&alg=38","https://www.mshsaa.org/MySchool/Matchup.aspx?s=53&alg=38&comp=2655442"
"53","Centralia High School","Volleyball Girls","57","Varsity","10/6","6:00 pm","","Montgomery County","home","https://www.mshsaa.org/MySchool/Schedule.aspx?s=53&alg=57","https://www.mshsaa.org/MySchool/Matchup.aspx?s=53&alg=57&comp=2655587"
"1099","Christian Fellowship","Softball Fall Season","38","Varsity","10/6","6:30 pm","","Centralia","away","https://www.mshsaa.org/MySchool/Schedule.aspx?s=1099&alg=38","https://www.mshsaa.org/MySchool/Matchup.aspx?s=1099&alg=38&comp=2655483"
"1099","Christian Fellowship","Volleyball Girls","57","Varsity","10/6","7:00 pm","","Columbia Independent","away","https://www.mshsaa.org/MySchool/Schedule.aspx?s=1099&alg=57","https://www.mshsaa.org/MySchool/Matchup.aspx?s=1099&alg=57&comp=2720078"
"566","Columbia Independent","Cross Country Girls","12","Varsity","10/6","","","Hermann Invitational Cross Country Meet","tournament","https://www.mshsaa.org/MySchool/Schedule.aspx?s=566&alg=12","https://www.mshsaa.org/MySchool/Tournament.aspx?s=566&alg=12&tournament=582359"
"566","Columbia Independent","Soccer Boys","33","Varsity","10/6","7:00 pm","","Hickman","away","https://www.mshsaa.org/MySchool/Schedule.aspx?s=566&alg=33","https://www.mshsaa.org/MySchool/Matchup.aspx?s=566&alg=33&comp=2722351"
"566","Columbia Independent","Volleyball Girls","57","Varsity","10/6","7:00 pm","","Christian Fellowship Sr.","home","https://www.mshsaa.org/MySchool/Schedule.aspx?s=566&alg=57","https://www.mshsaa.org/MySchool/Matchup.aspx?s=566&alg=57&comp=2720175"
"278","Eldon High School","Golf Girls","24","Varsity","10/6","","","Boonville - Vanderlinden Invitational","tournament","https://www.mshsaa.org/MySchool/Schedule.aspx?s=278&alg=24","https://www.mshsaa.org/MySchool/Tournament.aspx?s=278&alg=24&tournament=545005"
"278","Eldon High School","Softball Fall Season","38","Varsity","10/6","5:00 pm","","Russellville","away","https://www.mshsaa.org/MySchool/Schedule.aspx?s=278&alg=38","https://www.mshsaa.org/MySchool/Matchup.aspx?s=278&alg=38&comp=2628682"
"278","Eldon High School","Volleyball Girls","57","Varsity","10/6","6:30 pm","","Fulton","away","https://www.mshsaa.org/MySchool/Schedule.aspx?s=278&alg=57","https://www.mshsaa.org/MySchool/Matchup.aspx?s=278&alg=57&comp=2672051"
"917","Father Tolton","Golf Girls","24","Varsity","10/6","","","Columbia Quad","tournament","https://www.mshsaa.org/MySchool/Schedule.aspx?s=917&alg=24","https://www.mshsaa.org/MySchool/Tournament.aspx?s=917&alg=24&tournament=590521"
"917","Father Tolton","Soccer Boys","33","Varsity","10/6","6:30 pm","","Southern Boone","away","https://www.mshsaa.org/MySchool/Schedule.aspx?s=917&alg=33","https://www.mshsaa.org/MySchool/Matchup.aspx?s=917&alg=33&comp=2665267"
"917","Father Tolton","Tennis Girls","49","Varsity","10/6","4:30 pm","","Capital City","away","https://www.mshsaa.org/MySchool/Schedule.aspx?s=917&alg=49","https://www.mshsaa.org/MySchool/Matchup.aspx?s=917&alg=49&comp=2765865"
"917","Father Tolton","Volleyball Girls","57","Varsity","10/6","6:00 pm","","Bowling Green","home","https://www.mshsaa.org/MySchool/Schedule.aspx?s=917&alg=57","https://www.mshsaa.org/MySchool/Matchup.aspx?s=917&alg=57&comp=2606932"
"294","Fayette High School","Softball Fall Season","38","Varsity","10/6","5:00 pm","","Salisbury","home","https://www.mshsaa.org/MySchool/Schedule.aspx?s=294&alg=38","https://www.mshsaa.org/MySchool/Matchup.aspx?s=294&alg=38&comp=2635054"
"80","Fulton High School","Cross Country Boys","11","Varsity","10/6","","","Hermann Invitational Cross Country Meet","tournament","https://www.mshsaa.org/MySchool/Schedule.aspx?s=80&alg=11","https://www.mshsaa.org/MySchool/Tournament.aspx?s=80&alg=11&tournament=580407"
"80","Fulton High School","Cross Country Girls","12","Varsity","10/6","","","Hermann Invitational Cross Country Meet","tournament","https://www.mshsaa.org/MySchool/Schedule.aspx?s=80&alg=12","https://www.mshsaa.org/MySchool/Tournament.aspx?s=80&alg=12&tournament=580408"
"80","Fulton High School","Golf Girls","24","Varsity","10/6","","","VanderLinden Invitational","tournament","https://www.mshsaa.org/MySchool/Schedule.aspx?s=80&alg=24","https://www.mshsaa.org/MySchool/Tournament.aspx?s=80&alg=24&tournament=579526"
"80","Fulton High School","Soccer Boys","33","Varsity","10/6","5:00 pm","","Eugene","away","https://www.mshsaa.org/MySchool/Schedule.aspx?s=80&alg=33","https://www.mshsaa.org/MySchool/Matchup.aspx?s=80&alg=33&comp=2647574"
"80","Fulton High School","Softball Fall Season","38","Varsity","10/6","5:00 pm","","Boonville","away","https://www.mshsaa.org/MySchool/Schedule.aspx?s=80&alg=38","https://www.mshsaa.org/MySchool/Matchup.aspx?s=80&alg=38&comp=2635717"
"80","Fulton High School","Volleyball Girls","57","Varsity","10/6","6:30 pm","","Eldon","home","https://www.mshsaa.org/MySchool/Schedule.aspx?s=80&alg=57","https://www.mshsaa.org/MySchool/Matchup.aspx?s=80&alg=57&comp=2667073"
"302","Glasgow High School","Golf Girls","24","Varsity","10/6","","","VanderLinden Invitational","tournament","https://www.mshsaa.org/MySchool/Schedule.aspx?s=302&alg=24","https://www.mshsaa.org/MySchool/Tournament.aspx?s=302&alg=24&tournament=583836"
"302","Glasgow High School","Softball Fall Season","38","Varsity","10/6","5:30 pm","","Tina-Avalon with Hale, Bosworth","away","https://www.mshsaa.org/MySchool/Schedule.aspx?s=302&alg=38","https://www.mshsaa.org/MySchool/Matchup.aspx?s=302&alg=38&comp=2724724"
"311","Hallsville High School","Golf Girls","24","Varsity","10/6","","","VanderLinden Invitational","tournament","https://www.mshsaa.org/MySchool/Schedule.aspx?s=311&alg=24","https://www.mshsaa.org/MySchool/Tournament.aspx?s=311&alg=24&tournament=584620"
"311","Hallsville High School","Softball Fall Season","38","Varsity","10/6","6:30 pm","","Centralia","away","https://www.mshsaa.org/MySchool/Schedule.aspx?s=311&alg=38","https://www.mshsaa.org/MySchool/Matchup.aspx?s=311&alg=38&comp=2655483"
"522","Helias High School","Soccer Boys","33","Varsity","10/6","7:00 pm","","Smith-Cotton","away","https://www.mshsaa.org/MySchool/Schedule.aspx?s=522&alg=33","https://www.mshsaa.org/MySchool/Matchup.aspx?s=522&alg=33&comp=2666706"
"522","Helias High School","Volleyball Girls","57","Varsity","10/6","6:30 pm","","Blair Oaks","home","https://www.mshsaa.org/MySchool/Schedule.aspx?s=522&alg=57","https://www.mshsaa.org/MySchool/Matchup.aspx?s=522&alg=57&comp=2652028"
"85","Hickman High School","Golf Girls","24","Varsity","10/6","","","Columbia Quad","tournament","https://www.mshsaa.org/MySchool/Schedule.aspx?s=85&alg=24","https://www.mshsaa.org/MySchool/Tournament.aspx?s=85&alg=24&tournament=592561"
"85","Hickman High School","Soccer Boys","33","Varsity","10/6","7:00 pm","","Battle with Columbia Independent","home","https://www.mshsaa.org/MySchool/Schedule.aspx?s=85&alg=33","https://www.mshsaa.org/MySchool/Matchup.aspx?s=85&alg=33&comp=2675501"
"85","Hickman High School","Volleyball Girls","57","Varsity","10/6","7:00 pm","","Rolla","away","https://www.mshsaa.org/MySchool/Schedule.aspx?s=85&alg=57","https://www.mshsaa.org/MySchool/Matchup.aspx?s=85&alg=57&comp=2712418"
"317","Higbee High School","Baseball Fall Season","66","Varsity","10/6","6:30 pm","","Brashear with Novinger","home","https://www.mshsaa.org/MySchool/Schedule.aspx?s=317&alg=66","https://www.mshsaa.org/MySchool/Matchup.aspx?s=317&alg=66&comp=2626890"
"317","Higbee High School","Softball Fall Season","38","Varsity","10/6","5:00 pm","","Brashear","home","https://www.mshsaa.org/MySchool/Schedule.aspx?s=317&alg=38","https://www.mshsaa.org/MySchool/Matchup.aspx?s=317&alg=38&comp=2626910"
"84","Jefferson City High School","Golf Girls","24","Varsity","10/6","","","Battle Spartan Invitational","tournament","https://www.mshsaa.org/MySchool/Schedule.aspx?s=84&alg=24","https://www.mshsaa.org/MySchool/Tournament.aspx?s=84&alg=24&tournament=576809"
"84","Jefferson City High School","Soccer Boys","33","Varsity","10/6","6:45 pm","","Capital City","home","https://www.mshsaa.org/MySchool/Schedule.aspx?s=84&alg=33","https://www.mshsaa.org/MySchool/Matchup.aspx?s=84&alg=33&comp=2660276"
"84","Jefferson City High School","Tennis Girls","49","Varsity","10/6","4:00 pm","","Osage","away","https://www.mshsaa.org/MySchool/Schedule.aspx?s=84&alg=49","https://www.mshsaa.org/MySchool/Matchup.aspx?s=84&alg=49&comp=2752550"
"360","Marshall High School","Cross Country Boys","11","Varsity","10/6","4:00 pm","","Excelsior Springs","away","https://www.mshsaa.org/MySchool/Schedule.aspx?s=360&alg=11","https://www.mshsaa.org/MySchool/Matchup.aspx?s=360&alg=11&comp=2785571"
"360","Marshall High School","Cross Country Girls","12","Varsity","10/6","4:00 pm","","Excelsior Springs","away","https://www.mshsaa.org/MySchool/Schedule.aspx?s=360&alg=12","https://www.mshsaa.org/MySchool/Matchup.aspx?s=360&alg=12&comp=2785571"
"360","Marshall High School","Golf Girls","24","Varsity","10/6","","","VanderLinden Invitational","tournament","https://www.mshsaa.org/MySchool/Schedule.aspx?s=360&alg=24","https://www.mshsaa.org/MySchool/Tournament.aspx?s=360&alg=24&tournament=554361"
"360","Marshall High School","Soccer Boys","33","Varsity","10/6","4:30 pm","","St. Paul Lutheran (Concordia)","home","https://www.mshsaa.org/MySchool/Schedule.aspx?s=360&alg=33","https://www.mshsaa.org/MySchool/Matchup.aspx?s=360&alg=33&comp=2740988"
"360","Marshall High School","Tennis Girls","49","Varsity","10/6","","","Conference Tournament","tournament","https://www.mshsaa.org/MySchool/Schedule.aspx?s=360&alg=49","https://www.mshsaa.org/MySchool/Tournament.aspx?s=360&alg=49&tournament=587127"
"128","Mexico High School","Soccer Boys","33","Varsity","10/6","6:45 pm","","Osage","home","https://www.mshsaa.org/MySchool/Schedule.aspx?s=128&alg=33","https://www.mshsaa.org/MySchool/Matchup.aspx?s=128&alg=33&comp=2703616"
"128","Mexico High School","Tennis Girls","49","Varsity","10/6","","","MEC East Tournament","tournament","https://www.mshsaa.org/MySchool/Schedule.aspx?s=128&alg=49","https://www.mshsaa.org/MySchool/Tournament.aspx?s=128&alg=49&tournament=586868"
"569","Missouri Military Academy","Soccer Boys","33","Varsity","10/6","6:30 pm","","Warrenton","away","https://www.mshsaa.org/MySchool/Schedule.aspx?s=569&alg=33","https://www.mshsaa.org/MySchool/Matchup.aspx?s=569&alg=33&comp=2767890"
"132","Moberly High School","Soccer Boys","33","Varsity","10/6","5:00 pm","","Chillicothe","home","https://www.mshsaa.org/MySchool/Schedule.aspx?s=132&alg=33","https://www.mshsaa.org/MySchool/Matchup.aspx?s=132&alg=33&comp=2718399"
"132","Moberly High School","Tennis Girls","49","Varsity","10/6","","","Conference Tournament","tournament","https://www.mshsaa.org/MySchool/Schedule.aspx?s=132&alg=49","https://www.mshsaa.org/MySchool/Tournament.aspx?s=132&alg=49&tournament=586894"
"139","North Callaway High School","Softball Fall Season","38","Varsity","10/6","5:00 pm","","Mark Twain","home","https://www.mshsaa.org/MySchool/Schedule.aspx?s=139&alg=38","https://www.mshsaa.org/MySchool/Matchup.aspx?s=139&alg=38&comp=2614166"
"139","North Callaway High School","Volleyball Girls","57","Varsity","10/6","7:00 pm","","Linn","home","https://www.mshsaa.org/MySchool/Schedule.aspx?s=139&alg=57","https://www.mshsaa.org/MySchool/Matchup.aspx?s=139&alg=57&comp=2615042"
"152","Osage High School","Golf Girls","24","Varsity","10/6","","","VanderLinden Invitational","tournament","https://www.mshsaa.org/MySchool/Schedule.aspx?s=152&alg=24","https://www.mshsaa.org/MySchool/Tournament.aspx?s=152&alg=24&tournament=581422"
"152","Osage High School","Soccer Boys","33","Varsity","10/6","6:45 pm","","Mexico","away","https://www.mshsaa.org/MySchool/Schedule.aspx?s=152&alg=33","https://www.mshsaa.org/MySchool/Matchup.aspx?s=152&alg=33&comp=2702061"
"152","Osage High School","Softball Fall Season","38","Varsity","10/6","5:00 pm","","California","home","https://www.mshsaa.org/MySchool/Schedule.aspx?s=152&alg=38","https://www.mshsaa.org/MySchool/Matchup.aspx?s=152&alg=38&comp=2651523"
"152","Osage High School","Tennis Girls","49","Varsity","10/6","4:00 pm","","Jefferson City","home","https://www.mshsaa.org/MySchool/Schedule.aspx?s=152&alg=49","https://www.mshsaa.org/MySchool/Matchup.aspx?s=152&alg=49&comp=2697361"
"152","Osage High School","Volleyball Girls","57","Varsity","10/6","7:00 pm","","Fatima","away","https://www.mshsaa.org/MySchool/Schedule.aspx?s=152&alg=57","https://www.mshsaa.org/MySchool/Matchup.aspx?s=152&alg=57&comp=2664718"
"578","Rock Bridge High School","Golf Girls","24","Varsity","10/6","4:30 pm","","Columbia Quad","tournament","https://www.mshsaa.org/MySchool/Schedule.aspx?s=578&alg=24","https://www.mshsaa.org/MySchool/Tournament.aspx?s=578&alg=24&tournament=590468"
"578","Rock Bridge High School","Golf Girls","24","Varsity","⤷ 10/6","TBD","","Hickman","tournament","https://www.mshsaa.org/MySchool/Schedule.aspx?s=578&alg=24","https://www.mshsaa.org/MySchool/Matchup.aspx?s=578&alg=24&comp=2768806"
"578","Rock Bridge High School","Golf Girls","24","Varsity","⤷ 10/6","TBD","","Battle","tournament","https://www.mshsaa.org/MySchool/Schedule.aspx?s=578&alg=24","https://www.mshsaa.org/MySchool/Matchup.aspx?s=578&alg=24&comp=2768807"
"578","Rock Bridge High School","Golf Girls","24","Varsity","⤷ 10/6","TBD","","Father Tolton","tournament","https://www.mshsaa.org/MySchool/Schedule.aspx?s=578&alg=24","https://www.mshsaa.org/MySchool/Matchup.aspx?s=578&alg=24&comp=2768808"
"578","Rock Bridge High School","Soccer Boys","33","Varsity","10/6","6:45 pm","","Camdenton","home","https://www.mshsaa.org/MySchool/Schedule.aspx?s=578&alg=33","https://www.mshsaa.org/MySchool/Matchup.aspx?s=578&alg=33&comp=2660328"
"578","Rock Bridge High School","Tennis Girls","49","Varsity","10/6","4:00 pm","","Camdenton","home","https://www.mshsaa.org/MySchool/Schedule.aspx?s=578&alg=49","https://www.mshsaa.org/MySchool/Matchup.aspx?s=578&alg=49&comp=2786786"
"578","Rock Bridge High School","Volleyball Girls","57","Varsity","10/6","8:00 pm","","Camdenton","away","https://www.mshsaa.org/MySchool/Schedule.aspx?s=578&alg=57","https://www.mshsaa.org/MySchool/Matchup.aspx?s=578&alg=57&comp=2743016"
"430","Russellville High School","Softball Fall Season","38","Varsity","10/6","5:00 pm","","Eldon","home","https://www.mshsaa.org/MySchool/Schedule.aspx?s=430&alg=38","https://www.mshsaa.org/MySchool/Matchup.aspx?s=430&alg=38&comp=2616313"
"430","Russellville High School","Volleyball Girls","57","Varsity","10/6","6:15 pm","","Eugene","away","https://www.mshsaa.org/MySchool/Schedule.aspx?s=430&alg=57","https://www.mshsaa.org/MySchool/Matchup.aspx?s=430&alg=57&comp=2698519"
"431","Salisbury High School","Softball Fall Season","38","Varsity","10/6","5:00 pm","","Fayette","away","https://www.mshsaa.org/MySchool/Schedule.aspx?s=431&alg=38","https://www.mshsaa.org/MySchool/Matchup.aspx?s=431&alg=38&comp=2632153"
"194","Smith-Cotton High School","Soccer Boys","33","Varsity","10/6","7:00 pm","","Helias Catholic","home","https://www.mshsaa.org/MySchool/Schedule.aspx?s=194&alg=33","https://www.mshsaa.org/MySchool/Matchup.aspx?s=194&alg=33&comp=2677000"
"194","Smith-Cotton High School","Volleyball Girls","57","Varsity","10/6","6:30 pm","","Oak Grove","away","https://www.mshsaa.org/MySchool/Schedule.aspx?s=194&alg=57","https://www.mshsaa.org/MySchool/Matchup.aspx?s=194&alg=57&comp=2744191"
"197","South Callaway High School","Cross Country Boys","11","Varsity","10/6","","","Hermann Invitational Cross Country Meet","tournament","https://www.mshsaa.org/MySchool/Schedule.aspx?s=197&alg=11","https://www.mshsaa.org/MySchool/Tournament.aspx?s=197&alg=11&tournament=573908"
"197","South Callaway High School","Cross Country Girls","12","Varsity","10/6","","","Hermann Invitational Cross Country Meet","tournament","https://www.mshsaa.org/MySchool/Schedule.aspx?s=197&alg=12","https://www.mshsaa.org/MySchool/Tournament.aspx?s=197&alg=12&tournament=573914"
"197","South Callaway High School","Softball Fall Season","38","Varsity","10/6","4:30 pm","","Owensville","home","https://www.mshsaa.org/MySchool/Schedule.aspx?s=197&alg=38","https://www.mshsaa.org/MySchool/Matchup.aspx?s=197&alg=38&comp=2724565"
"2","Southern Boone High School","Golf Girls","24","Varsity","10/6","","","VanderLinden Invitational","tournament","https://www.mshsaa.org/MySchool/Schedule.aspx?s=2&alg=24","https://www.mshsaa.org/MySchool/Tournament.aspx?s=2&alg=24&tournament=564538"
"2","Southern Boone High School","Soccer Boys","33","Varsity","10/6","6:30 pm","","Father Tolton","home","https://www.mshsaa.org/MySchool/Schedule.aspx?s=2&alg=33","https://www.mshsaa.org/MySchool/Matchup.aspx?s=2&alg=33&comp=2632898"
"2","Southern Boone High School","Softball Fall Season","38","Varsity","10/6","5:30 pm","","Blair Oaks","away","https://www.mshsaa.org/MySchool/Schedule.aspx?s=2&alg=38","https://www.mshsaa.org/MySchool/Matchup.aspx?s=2&alg=38&comp=2650870"
"474","Tipton High School","Cross Country Boys","11","Varsity","10/6","","","Hermann Invitational Cross Country Meet","tournament","https://www.mshsaa.org/MySchool/Schedule.aspx?s=474&alg=11","https://www.mshsaa.org/MySchool/Tournament.aspx?s=474&alg=11&tournament=580599"
"474","Tipton High School","Cross Country Girls","12","Varsity","10/6","","","Hermann Invitational Cross Country Meet","tournament","https://www.mshsaa.org/MySchool/Schedule.aspx?s=474&alg=12","https://www.mshsaa.org/MySchool/Tournament.aspx?s=474&alg=12&tournament=580601"
"474","Tipton High School","Volleyball Girls","57","Varsity","10/6","7:00 pm","","New Bloomfield","home","https://www.mshsaa.org/MySchool/Schedule.aspx?s=474&alg=57","https://www.mshsaa.org/MySchool/Matchup.aspx?s=474&alg=57&comp=2635304"
"485","Versailles High School","Golf Girls","24","Varsity","10/6","","","VanderLinden Invitational","tournament","https://www.mshsaa.org/MySchool/Schedule.aspx?s=485&alg=24","https://www.mshsaa.org/MySchool/Tournament.aspx?s=485&alg=24&tournament=545183"
"485","Versailles High School","Volleyball Girls","57","Varsity","10/6","6:15 pm","","Boonville","away","https://www.mshsaa.org/MySchool/Schedule.aspx?s=485&alg=57","https://www.mshsaa.org/MySchool/Matchup.aspx?s=485&alg=57&comp=2780719"
"953","Battle High School","Golf Girls","24","Varsity","10/7","","","Class 4 District 2 Tournament","tournament","https://www.mshsaa.org/MySchool/Schedule.aspx?s=953&alg=24","https://www.mshsaa.org/Activities/DistrictResult.aspx?alg=24&class=4&district=2&year=2026"
"953","Battle High School","Softball Fall Season","38","Varsity","10/7","5:00 pm","","Park Hill South","home","https://www.mshsaa.org/MySchool/Schedule.aspx?s=953&alg=38","https://www.mshsaa.org/MySchool/Matchup.aspx?s=953&alg=38&comp=2762434"
"953","Battle High School","Volleyball Girls","57","Varsity","10/7","7:00 pm","","Fatima","home","https://www.mshsaa.org/MySchool/Schedule.aspx?s=953&alg=57","https://www.mshsaa.org/MySchool/Matchup.aspx?s=953&alg=57&comp=2766683"
"217","Blair Oaks High School","Golf Girls","24","Varsity","10/7","4:00 pm","","Capital City","away","https://www.mshsaa.org/MySchool/Schedule.aspx?s=217&alg=24","https://www.mshsaa.org/MySchool/Matchup.aspx?s=217&alg=24&comp=2774658"
"26","Camdenton High School","Softball Fall Season","38","Varsity","10/7","4:30 pm","","Hickman","home","https://www.mshsaa.org/MySchool/Schedule.aspx?s=26&alg=38","https://www.mshsaa.org/MySchool/Matchup.aspx?s=26&alg=38&comp=2650272"
"1540","Capital City High School","Golf Girls","24","Varsity","10/7","4:00 pm","","Blair Oaks","home","https://www.mshsaa.org/MySchool/Schedule.aspx?s=1540&alg=24","https://www.mshsaa.org/MySchool/Matchup.aspx?s=1540&alg=24&comp=2692794"
"917","Father Tolton","Volleyball Girls","57","Varsity","10/7","6:30 pm","","Hallsville","away","https://www.mshsaa.org/MySchool/Schedule.aspx?s=917&alg=57","https://www.mshsaa.org/MySchool/Matchup.aspx?s=917&alg=57&comp=2695473"
"294","Fayette High School","Golf Girls","24","Varsity","10/7","","","Lady Bulldog Invitational","tournament","https://www.mshsaa.org/MySchool/Schedule.aspx?s=294&alg=24","https://www.mshsaa.org/MySchool/Tournament.aspx?s=294&alg=24&tournament=572305"
"311","Hallsville High School","Volleyball Girls","57","Varsity","10/7","6:30 pm","","Father Tolton","home","https://www.mshsaa.org/MySchool/Schedule.aspx?s=311&alg=57","https://www.mshsaa.org/MySchool/Matchup.aspx?s=311&alg=57&comp=2638639"
"313","Harrisburg High School","Softball Fall Season","38","Varsity","10/7","5:00 pm","","Sturgeon","away","https://www.mshsaa.org/MySchool/Schedule.aspx?s=313&alg=38","https://www.mshsaa.org/MySchool/Matchup.aspx?s=313&alg=38&comp=2649312"
"522","Helias High School","Softball Fall Season","38","Varsity","10/7","5:00 pm","","Fatima","away","https://www.mshsaa.org/MySchool/Schedule.aspx?s=522&alg=38","https://www.mshsaa.org/MySchool/Matchup.aspx?s=522&alg=38&comp=2641015"
"85","Hickman High School","Golf Girls","24","Varsity","10/7","","","Class 4 District 2 Tournament","tournament","https://www.mshsaa.org/MySchool/Schedule.aspx?s=85&alg=24","https://www.mshsaa.org/Activities/DistrictResult.aspx?alg=24&class=4&district=2&year=2026"
"85","Hickman High School","Softball Fall Season","38","Varsity","10/7","4:30 pm","","Camdenton","away","https://www.mshsaa.org/MySchool/Schedule.aspx?s=85&alg=38","https://www.mshsaa.org/MySchool/Matchup.aspx?s=85&alg=38&comp=2744120"
"84","Jefferson City High School","Softball Fall Season","38","Varsity","10/7","5:30 pm","","Southern Boone","away","https://www.mshsaa.org/MySchool/Schedule.aspx?s=84&alg=38","https://www.mshsaa.org/MySchool/Matchup.aspx?s=84&alg=38&comp=2639950"
"84","Jefferson City High School","Volleyball Girls","57","Varsity","10/7","7:00 pm","","Rock Bridge","away","https://www.mshsaa.org/MySchool/Schedule.aspx?s=84&alg=57","https://www.mshsaa.org/MySchool/Matchup.aspx?s=84&alg=57&comp=2653583"
"360","Marshall High School","Swimming and Diving Boys","44","Varsity","10/7","","","Independence","tournament","https://www.mshsaa.org/MySchool/Schedule.aspx?s=360&alg=44","https://www.mshsaa.org/MySchool/Tournament.aspx?s=360&alg=44&tournament=592978"
"128","Mexico High School","Softball Fall Season","38","Varsity","10/7","5:00 pm","","Hannibal","away","https://www.mshsaa.org/MySchool/Schedule.aspx?s=128&alg=38","https://www.mshsaa.org/MySchool/Matchup.aspx?s=128&alg=38&comp=2663205"
"578","Rock Bridge High School","Golf Girls","24","Varsity","10/7","","","Class 4 District 2 Tournament","tournament","https://www.mshsaa.org/MySchool/Schedule.aspx?s=578&alg=24","https://www.mshsaa.org/Activities/DistrictResult.aspx?alg=24&class=4&district=2&year=2026"
"578","Rock Bridge High School","Softball Fall Season","38","Varsity","10/7","5:00 pm","","Smith-Cotton","away","https://www.mshsaa.org/MySchool/Schedule.aspx?s=578&alg=38","https://www.mshsaa.org/MySchool/Matchup.aspx?s=578&alg=38&comp=2657886"
"578","Rock Bridge High School","Volleyball Girls","57","Varsity","10/7","7:00 pm","","Jefferson City","home","https://www.mshsaa.org/MySchool/Schedule.aspx?s=578&alg=57","https://www.mshsaa.org/MySchool/Matchup.aspx?s=578&alg=57&comp=2743484"
"431","Salisbury High School","Softball Fall Season","38","Varsity","10/7","5:00 pm","","North Shelby","home","https://www.mshsaa.org/MySchool/Schedule.aspx?s=431&alg=38","https://www.mshsaa.org/MySchool/Matchup.aspx?s=431&alg=38&comp=2632154"
"194","Smith-Cotton High School","Softball Fall Season","38","Varsity","10/7","5:00 pm","","Rock Bridge","home","https://www.mshsaa.org/MySchool/Schedule.aspx?s=194&alg=38","https://www.mshsaa.org/MySchool/Matchup.aspx?s=194&alg=38&comp=2657354"
"2","Southern Boone High School","Softball Fall Season","38","Varsity","10/7","5:30 pm","","Jefferson City","home","https://www.mshsaa.org/MySchool/Schedule.aspx?s=2&alg=38","https://www.mshsaa.org/MySchool/Matchup.aspx?s=2&alg=38&comp=2650871"
"474","Tipton High School","Volleyball Girls","57","Varsity","10/7","7:00 pm","","Warsaw","away","https://www.mshsaa.org/MySchool/Schedule.aspx?s=474&alg=57","https://www.mshsaa.org/MySchool/Matchup.aspx?s=474&alg=57&comp=2635305"
"953","Battle High School","Softball Fall Season","38","Varsity","10/8","5:00 pm","","Kirksville","home","https://www.mshsaa.org/MySchool/Schedule.aspx?s=953&alg=38","https://www.mshsaa.org/MySchool/Matchup.aspx?s=953&alg=38&comp=2762404"
"953","Battle High School","Volleyball Girls","57","Varsity","10/8","7:00 pm","","Camdenton","away","https://www.mshsaa.org/MySchool/Schedule.aspx?s=953&alg=57","https://www.mshsaa.org/MySchool/Matchup.aspx?s=953&alg=57&comp=2762776"
"217","Blair Oaks High School","Softball Fall Season","38","Varsity","10/8","5:00 pm","","Chillicothe","away","https://www.mshsaa.org/MySchool/Schedule.aspx?s=217&alg=38","https://www.mshsaa.org/MySchool/Matchup.aspx?s=217&alg=38&comp=2632329"
"217","Blair Oaks High School","Volleyball Girls","57","Varsity","10/8","7:00 pm","","Hickman","away","https://www.mshsaa.org/MySchool/Schedule.aspx?s=217&alg=57","https://www.mshsaa.org/MySchool/Matchup.aspx?s=217&alg=57&comp=2632346"
"16","Boonville High School","Softball Fall Season","38","Varsity","10/8","5:00 pm","","Eldon","home","https://www.mshsaa.org/MySchool/Schedule.aspx?s=16&alg=38","https://www.mshsaa.org/MySchool/Matchup.aspx?s=16&alg=38&comp=2712355"
"16","Boonville High School","Volleyball Girls","57","Varsity","10/8","6:00 pm","","Marshall","away","https://www.mshsaa.org/MySchool/Schedule.aspx?s=16&alg=57","https://www.mshsaa.org/MySchool/Matchup.aspx?s=16&alg=57&comp=2669063"
"582","California High School","Softball Fall Season","38","Varsity","10/8","5:00 pm","","Hallsville with Christian Fellowship Sr.","away","https://www.mshsaa.org/MySchool/Schedule.aspx?s=582&alg=38","https://www.mshsaa.org/MySchool/Matchup.aspx?s=582&alg=38&comp=2618143"
"582","California High School","Volleyball Girls","57","Varsity","10/8","7:00 pm","","Fulton","away","https://www.mshsaa.org/MySchool/Schedule.aspx?s=582&alg=57","https://www.mshsaa.org/MySchool/Matchup.aspx?s=582&alg=57&comp=2642167"
"26","Camdenton High School","Golf Girls","24","Varsity","10/8","","","Class 3 District 3 Tournament","tournament","https://www.mshsaa.org/MySchool/Schedule.aspx?s=26&alg=24","https://www.mshsaa.org/Activities/DistrictResult.aspx?alg=24&class=3&district=3&year=2026"
"26","Camdenton High School","Swimming and Diving Boys","44","Varsity","10/8","8:00 am","","Carthage","away","https://www.mshsaa.org/MySchool/Schedule.aspx?s=26&alg=44","https://www.mshsaa.org/MySchool/Matchup.aspx?s=26&alg=44&comp=2788297"
"26","Camdenton High School","Volleyball Girls","57","Varsity","10/8","7:30 pm","","Battle","home","https://www.mshsaa.org/MySchool/Schedule.aspx?s=26&alg=57","https://www.mshsaa.org/MySchool/Matchup.aspx?s=26&alg=57&comp=2742768"
"1540","Capital City High School","Soccer Boys","33","Varsity","10/8","6:30 pm","","Hannibal","home","https://www.mshsaa.org/MySchool/Schedule.aspx?s=1540&alg=33","https://www.mshsaa.org/MySchool/Matchup.aspx?s=1540&alg=33&comp=2662536"
"1540","Capital City High School","Swimming and Diving Boys","44","Varsity","10/8","5:00 pm","","Jeff City Invite - Jefferson City, Capital City, MMA, West Plains, Columbia, Camdenton and CIS","tournament","https://www.mshsaa.org/MySchool/Schedule.aspx?s=1540&alg=44","https://www.mshsaa.org/MySchool/Tournament.aspx?s=1540&alg=44&tournament=563827"
"1540","Capital City High School","Volleyball Girls","57","Varsity","10/8","6:00 pm","","Smith-Cotton","away","https://www.mshsaa.org/MySchool/Schedule.aspx?s=1540&alg=57","https://www.mshsaa.org/MySchool/Matchup.aspx?s=1540&alg=57&comp=2641606"
"53","Centralia High School","Softball Fall Season","38","Varsity","10/8","5:00 pm","","Palmyra","home","https://www.mshsaa.org/MySchool/Schedule.aspx?s=53&alg=38","https://www.mshsaa.org/MySchool/Matchup.aspx?s=53&alg=38&comp=2621772"
"1099","Christian Fellowship","Soccer Boys","33","Varsity","10/8","6:30 pm","","Mexico","home","https://www.mshsaa.org/MySchool/Schedule.aspx?s=1099&alg=33","https://www.mshsaa.org/MySchool/Matchup.aspx?s=1099&alg=33&comp=2722576"
"1099","Christian Fellowship","Softball Fall Season","38","Varsity","10/8","5:00 pm","","California","home","https://www.mshsaa.org/MySchool/Schedule.aspx?s=1099&alg=38","https://www.mshsaa.org/MySchool/Matchup.aspx?s=1099&alg=38&comp=2633022"
"1099","Christian Fellowship","Swimming and Diving Boys","44","Varsity","10/8","","","Jefferson City Invitational","tournament","https://www.mshsaa.org/MySchool/Schedule.aspx?s=1099&alg=44","https://www.mshsaa.org/MySchool/Tournament.aspx?s=1099&alg=44&tournament=594247"
"566","Columbia Independent","Swimming and Diving Boys","44","Varsity","10/8","","","Jefferson City Invitational","tournament","https://www.mshsaa.org/MySchool/Schedule.aspx?s=566&alg=44","https://www.mshsaa.org/MySchool/Tournament.aspx?s=566&alg=44&tournament=594247"
"566","Columbia Independent","Volleyball Girls","57","Varsity","10/8","6:00 pm","","Prairie Home","away","https://www.mshsaa.org/MySchool/Schedule.aspx?s=566&alg=57","https://www.mshsaa.org/MySchool/Matchup.aspx?s=566&alg=57&comp=2696501"
"278","Eldon High School","Cross Country Boys","11","Varsity","10/8","TBD","","Buffalo","away","https://www.mshsaa.org/MySchool/Schedule.aspx?s=278&alg=11","https://www.mshsaa.org/MySchool/Matchup.aspx?s=278&alg=11&comp=2789058"
"278","Eldon High School","Softball Fall Season","38","Varsity","10/8","5:00 pm","","Boonville","away","https://www.mshsaa.org/MySchool/Schedule.aspx?s=278&alg=38","https://www.mshsaa.org/MySchool/Matchup.aspx?s=278&alg=38&comp=2628683"
"278","Eldon High School","Volleyball Girls","57","Varsity","10/8","7:00 pm","","Versailles","home","https://www.mshsaa.org/MySchool/Schedule.aspx?s=278&alg=57","https://www.mshsaa.org/MySchool/Matchup.aspx?s=278&alg=57&comp=2623030"
"917","Father Tolton","Soccer Boys","33","Varsity","10/8","6:30 pm","","Sunnydale Adventist Acad HS","home","https://www.mshsaa.org/MySchool/Schedule.aspx?s=917&alg=33","https://www.mshsaa.org/MySchool/Matchup.aspx?s=917&alg=33&comp=2666844"
"917","Father Tolton","Softball Fall Season","38","Varsity","10/8","5:00 pm","","Helias Catholic","away","https://www.mshsaa.org/MySchool/Schedule.aspx?s=917&alg=38","https://www.mshsaa.org/MySchool/Matchup.aspx?s=917&alg=38&comp=2680785"
"294","Fayette High School","Softball Fall Season","38","Varsity","10/8","5:00 pm","","Glasgow","home","https://www.mshsaa.org/MySchool/Schedule.aspx?s=294&alg=38","https://www.mshsaa.org/MySchool/Matchup.aspx?s=294&alg=38&comp=2635055"
"80","Fulton High School","Softball Fall Season","38","Varsity","10/8","5:00 pm","","Mexico","away","https://www.mshsaa.org/MySchool/Schedule.aspx?s=80&alg=38","https://www.mshsaa.org/MySchool/Matchup.aspx?s=80&alg=38&comp=2635718"
"80","Fulton High School","Volleyball Girls","57","Varsity","10/8","7:00 pm","","California","home","https://www.mshsaa.org/MySchool/Schedule.aspx?s=80&alg=57","https://www.mshsaa.org/MySchool/Matchup.aspx?s=80&alg=57&comp=2645625"
"302","Glasgow High School","Softball Fall Season","38","Varsity","10/8","5:00 pm","","Fayette","away","https://www.mshsaa.org/MySchool/Schedule.aspx?s=302&alg=38","https://www.mshsaa.org/MySchool/Matchup.aspx?s=302&alg=38&comp=2646405"
"311","Hallsville High School","Soccer Boys","33","Varsity","10/8","6:30 pm","","Mexico","home","https://www.mshsaa.org/MySchool/Schedule.aspx?s=311&alg=33","https://www.mshsaa.org/MySchool/Matchup.aspx?s=311&alg=33&comp=2722576"
"311","Hallsville High School","Softball Fall Season","38","Varsity","10/8","5:00 pm","","California","home","https://www.mshsaa.org/MySchool/Schedule.aspx?s=311&alg=38","https://www.mshsaa.org/MySchool/Matchup.aspx?s=311&alg=38&comp=2633022"
"311","Hallsville High School","Volleyball Girls","57","Varsity","10/8","6:30 pm","","Osage","home","https://www.mshsaa.org/MySchool/Schedule.aspx?s=311&alg=57","https://www.mshsaa.org/MySchool/Matchup.aspx?s=311&alg=57&comp=2638640"
"313","Harrisburg High School","Softball Fall Season","38","Varsity","10/8","5:00 pm","","Northeast (Cairo)","home","https://www.mshsaa.org/MySchool/Schedule.aspx?s=313&alg=38","https://www.mshsaa.org/MySchool/Matchup.aspx?s=313&alg=38&comp=2615651"
"522","Helias High School","Soccer Boys","33","Varsity","10/8","7:00 pm","","Marshall","home","https://www.mshsaa.org/MySchool/Schedule.aspx?s=522&alg=33","https://www.mshsaa.org/MySchool/Matchup.aspx?s=522&alg=33&comp=2637699"
"522","Helias High School","Softball Fall Season","38","Varsity","10/8","5:00 pm","","Father Tolton","home","https://www.mshsaa.org/MySchool/Schedule.aspx?s=522&alg=38","https://www.mshsaa.org/MySchool/Matchup.aspx?s=522&alg=38&comp=2680074"
"85","Hickman High School","Swimming and Diving Boys","44","Varsity","10/8","5:00 pm","","Jefferson City","away","https://www.mshsaa.org/MySchool/Schedule.aspx?s=85&alg=44","https://www.mshsaa.org/MySchool/Matchup.aspx?s=85&alg=44&comp=2773617"
"85","Hickman High School","Volleyball Girls","57","Varsity","10/8","7:00 pm","","Blair Oaks","home","https://www.mshsaa.org/MySchool/Schedule.aspx?s=85&alg=57","https://www.mshsaa.org/MySchool/Matchup.aspx?s=85&alg=57&comp=2749136"
"84","Jefferson City High School","Swimming and Diving Boys","44","Varsity","10/8","5:00 pm","","Hickman","home","https://www.mshsaa.org/MySchool/Schedule.aspx?s=84&alg=44","https://www.mshsaa.org/MySchool/Matchup.aspx?s=84&alg=44&comp=2781048"
"360","Marshall High School","Soccer Boys","33","Varsity","10/8","7:00 pm","","Helias Catholic","away","https://www.mshsaa.org/MySchool/Schedule.aspx?s=360&alg=33","https://www.mshsaa.org/MySchool/Matchup.aspx?s=360&alg=33&comp=2638268"
"360","Marshall High School","Softball Fall Season","38","Varsity","10/8","5:00 pm","","Moberly","away","https://www.mshsaa.org/MySchool/Schedule.aspx?s=360&alg=38","https://www.mshsaa.org/MySchool/Matchup.aspx?s=360&alg=38&comp=2650350"
"360","Marshall High School","Swimming and Diving Boys","44","Varsity","10/8","","","Jeff City","tournament","https://www.mshsaa.org/MySchool/Schedule.aspx?s=360&alg=44","https://www.mshsaa.org/MySchool/Tournament.aspx?s=360&alg=44&tournament=592975"
"360","Marshall High School","Volleyball Girls","57","Varsity","10/8","6:30 pm","","Boonville","home","https://www.mshsaa.org/MySchool/Schedule.aspx?s=360&alg=57","https://www.mshsaa.org/MySchool/Matchup.aspx?s=360&alg=57&comp=2661613"
"128","Mexico High School","Soccer Boys","33","Varsity","10/8","5:00 pm","","Christian Fellowship Sr. with Hallsville","away","https://www.mshsaa.org/MySchool/Schedule.aspx?s=128&alg=33","https://www.mshsaa.org/MySchool/Matchup.aspx?s=128&alg=33&comp=2722590"
"128","Mexico High School","Softball Fall Season","38","Varsity","10/8","5:00 pm","","Fulton","home","https://www.mshsaa.org/MySchool/Schedule.aspx?s=128&alg=38","https://www.mshsaa.org/MySchool/Matchup.aspx?s=128&alg=38&comp=2663206"
"128","Mexico High School","Volleyball Girls","57","Varsity","10/8","7:00 pm","","Southern Boone","away","https://www.mshsaa.org/MySchool/Schedule.aspx?s=128&alg=57","https://www.mshsaa.org/MySchool/Matchup.aspx?s=128&alg=57&comp=2652139"
"569","Missouri Military Academy","Soccer Boys","33","Varsity","10/8","5:00 pm","","Canton","home","https://www.mshsaa.org/MySchool/Schedule.aspx?s=569&alg=33","https://www.mshsaa.org/MySchool/Matchup.aspx?s=569&alg=33&comp=2751338"
"132","Moberly High School","Soccer Boys","33","Varsity","10/8","6:45 pm","","Kirksville (JV)","away","https://www.mshsaa.org/MySchool/Schedule.aspx?s=132&alg=33","https://www.mshsaa.org/MySchool/Matchup.aspx?s=132&alg=33&comp=2685473"
"132","Moberly High School","Softball Fall Season","38","Varsity","10/8","5:00 pm","","Marshall","home","https://www.mshsaa.org/MySchool/Schedule.aspx?s=132&alg=38","https://www.mshsaa.org/MySchool/Matchup.aspx?s=132&alg=38&comp=2756861"
"139","North Callaway High School","Softball Fall Season","38","Varsity","10/8","5:00 pm","","Bowling Green","away","https://www.mshsaa.org/MySchool/Schedule.aspx?s=139&alg=38","https://www.mshsaa.org/MySchool/Matchup.aspx?s=139&alg=38&comp=2614167"
"139","North Callaway High School","Volleyball Girls","57","Varsity","10/8","6:00 pm","","New Bloomfield","away","https://www.mshsaa.org/MySchool/Schedule.aspx?s=139&alg=57","https://www.mshsaa.org/MySchool/Matchup.aspx?s=139&alg=57&comp=2615043"
"152","Osage High School","Soccer Boys","33","Varsity","10/8","6:45 pm","","Crocker","home","https://www.mshsaa.org/MySchool/Schedule.aspx?s=152&alg=33","https://www.mshsaa.org/MySchool/Matchup.aspx?s=152&alg=33&comp=2705851"
"152","Osage High School","Softball Fall Season","38","Varsity","10/8","5:30 pm","","Southern Boone","away","https://www.mshsaa.org/MySchool/Schedule.aspx?s=152&alg=38","https://www.mshsaa.org/MySchool/Matchup.aspx?s=152&alg=38&comp=2733938"
"152","Osage High School","Volleyball Girls","57","Varsity","10/8","6:30 pm","","Hallsville","away","https://www.mshsaa.org/MySchool/Schedule.aspx?s=152&alg=57","https://www.mshsaa.org/MySchool/Matchup.aspx?s=152&alg=57&comp=2646050"
"578","Rock Bridge High School","Softball Fall Season","38","Varsity","10/8","5:30 pm","","Ft. Zumwalt West","home","https://www.mshsaa.org/MySchool/Schedule.aspx?s=578&alg=38","https://www.mshsaa.org/MySchool/Matchup.aspx?s=578&alg=38&comp=2732493"
"578","Rock Bridge High School","Volleyball Girls","57","Varsity","10/8","6:00 pm","","Hannibal","home","https://www.mshsaa.org/MySchool/Schedule.aspx?s=578&alg=57","https://www.mshsaa.org/MySchool/Matchup.aspx?s=578&alg=57&comp=2648868"
"430","Russellville High School","Softball Fall Season","38","Varsity","10/8","5:00 pm","","Pilot Grove","home","https://www.mshsaa.org/MySchool/Schedule.aspx?s=430&alg=38","https://www.mshsaa.org/MySchool/Matchup.aspx?s=430&alg=38&comp=2616314"
"430","Russellville High School","Volleyball Girls","57","Varsity","10/8","7:15 pm","","Linn","away","https://www.mshsaa.org/MySchool/Schedule.aspx?s=430&alg=57","https://www.mshsaa.org/MySchool/Matchup.aspx?s=430&alg=57&comp=2612891"
"431","Salisbury High School","Softball Fall Season","38","Varsity","10/8","5:00 pm","","Brookfield","away","https://www.mshsaa.org/MySchool/Schedule.aspx?s=431&alg=38","https://www.mshsaa.org/MySchool/Matchup.aspx?s=431&alg=38&comp=2632155"
"194","Smith-Cotton High School","Soccer Boys","33","Varsity","10/8","6:30 pm","","William Chrisman","home","https://www.mshsaa.org/MySchool/Schedule.aspx?s=194&alg=33","https://www.mshsaa.org/MySchool/Matchup.aspx?s=194&alg=33&comp=2663093"
"194","Smith-Cotton High School","Swimming and Diving Boys","44","Varsity","10/8","","","Jefferson City Invite","tournament","https://www.mshsaa.org/MySchool/Schedule.aspx?s=194&alg=44","https://www.mshsaa.org/MySchool/Tournament.aspx?s=194&alg=44&tournament=596584"
"194","Smith-Cotton High School","Volleyball Girls","57","Varsity","10/8","6:00 pm","","Capital City","home","https://www.mshsaa.org/MySchool/Schedule.aspx?s=194&alg=57","https://www.mshsaa.org/MySchool/Matchup.aspx?s=194&alg=57&comp=2643409"
"197","South Callaway High School","Softball Fall Season","38","Varsity","10/8","5:00 pm","","Jamestown","away","https://www.mshsaa.org/MySchool/Schedule.aspx?s=197&alg=38","https://www.mshsaa.org/MySchool/Matchup.aspx?s=197&alg=38&comp=2724566"
"2","Southern Boone High School","Softball Fall Season","38","Varsity","10/8","5:30 pm","","Osage","home","https://www.mshsaa.org/MySchool/Schedule.aspx?s=2&alg=38","https://www.mshsaa.org/MySchool/Matchup.aspx?s=2&alg=38&comp=2733373"
"2","Southern Boone High School","Volleyball Girls","57","Varsity","10/8","7:00 pm","","Mexico","home","https://www.mshsaa.org/MySchool/Schedule.aspx?s=2&alg=57","https://www.mshsaa.org/MySchool/Matchup.aspx?s=2&alg=57&comp=2653891"
"474","Tipton High School","Volleyball Girls","57","Varsity","10/8","6:30 pm","","Eugene","away","https://www.mshsaa.org/MySchool/Schedule.aspx?s=474&alg=57","https://www.mshsaa.org/MySchool/Matchup.aspx?s=474&alg=57&comp=2656479"
"485","Versailles High School","Cross Country Boys","11","Varsity","10/8","","","Buffalo Invitational","tournament","https://www.mshsaa.org/MySchool/Schedule.aspx?s=485&alg=11","https://www.mshsaa.org/MySchool/Tournament.aspx?s=485&alg=11&tournament=583135"
"485","Versailles High School","Cross Country Girls","12","Varsity","10/8","","","Buffalo Invitational","tournament","https://www.mshsaa.org/MySchool/Schedule.aspx?s=485&alg=12","https://www.mshsaa.org/MySchool/Tournament.aspx?s=485&alg=12&tournament=583136"
"485","Versailles High School","Volleyball Girls","57","Varsity","10/8","6:00 pm","","Eldon","away","https://www.mshsaa.org/MySchool/Schedule.aspx?s=485&alg=57","https://www.mshsaa.org/MySchool/Matchup.aspx?s=485&alg=57&comp=2643121"
"953","Battle High School","Football","19","Varsity","10/9","7:00 pm","","Rock Bridge","home","https://www.mshsaa.org/MySchool/Schedule.aspx?s=953&alg=19","https://www.mshsaa.org/MySchool/Matchup.aspx?s=953&alg=19&comp=2666896"
"217","Blair Oaks High School","Football","19","Varsity","10/9","7:00 pm","","Fulton","away","https://www.mshsaa.org/MySchool/Schedule.aspx?s=217&alg=19","https://www.mshsaa.org/MySchool/Matchup.aspx?s=217&alg=19&comp=2589766"
"217","Blair Oaks High School","Golf Girls","24","Varsity","10/9","","","Class 2 District 2 Tournament","tournament","https://www.mshsaa.org/MySchool/Schedule.aspx?s=217&alg=24","https://www.mshsaa.org/Activities/DistrictResult.aspx?alg=24&class=2&district=2&year=2026"
"16","Boonville High School","Football","19","Varsity","10/9","7:00 pm","","California","home","https://www.mshsaa.org/MySchool/Schedule.aspx?s=16&alg=19","https://www.mshsaa.org/MySchool/Matchup.aspx?s=16&alg=19&comp=2595284"
"16","Boonville High School","Golf Girls","24","Varsity","10/9","","","Class 2 District 2 Tournament","tournament","https://www.mshsaa.org/MySchool/Schedule.aspx?s=16&alg=24","https://www.mshsaa.org/Activities/DistrictResult.aspx?alg=24&class=2&district=2&year=2026"
"582","California High School","Football","19","Varsity","10/9","7:00 pm","","Boonville","away","https://www.mshsaa.org/MySchool/Schedule.aspx?s=582&alg=19","https://www.mshsaa.org/MySchool/Matchup.aspx?s=582&alg=19&comp=2519683"
"582","California High School","Golf Girls","24","Varsity","10/9","","","Class 2 District 2 Tournament","tournament","https://www.mshsaa.org/MySchool/Schedule.aspx?s=582&alg=24","https://www.mshsaa.org/Activities/DistrictResult.aspx?alg=24&class=2&district=2&year=2026"
"26","Camdenton High School","Football","19","Varsity","10/9","7:00 pm","","Hickman","home","https://www.mshsaa.org/MySchool/Schedule.aspx?s=26&alg=19","https://www.mshsaa.org/MySchool/Matchup.aspx?s=26&alg=19&comp=2674421"
"26","Camdenton High School","Soccer Boys","33","Varsity","10/9","6:30 pm","","Springfield Catholic","home","https://www.mshsaa.org/MySchool/Schedule.aspx?s=26&alg=33","https://www.mshsaa.org/MySchool/Matchup.aspx?s=26&alg=33&comp=2715179"
"26","Camdenton High School","Swimming and Diving Boys","44","Varsity","10/9","4:30 pm","","Central (Springfield)","away","https://www.mshsaa.org/MySchool/Schedule.aspx?s=26&alg=44","https://www.mshsaa.org/MySchool/Matchup.aspx?s=26&alg=44&comp=2788298"
"1540","Capital City High School","Football","19","Varsity","10/9","7:00 pm","","Smith-Cotton","away","https://www.mshsaa.org/MySchool/Schedule.aspx?s=1540&alg=19","https://www.mshsaa.org/MySchool/Matchup.aspx?s=1540&alg=19&comp=2622660"
"53","Centralia High School","Football","19","Varsity","10/9","7:00 pm","","Clark County","away","https://www.mshsaa.org/MySchool/Schedule.aspx?s=53&alg=19","https://www.mshsaa.org/MySchool/Matchup.aspx?s=53&alg=19&comp=2584466"
"53","Centralia High School","Golf Girls","24","Varsity","10/9","","","Class 2 District 2 Tournament","tournament","https://www.mshsaa.org/MySchool/Schedule.aspx?s=53&alg=24","https://www.mshsaa.org/Activities/DistrictResult.aspx?alg=24&class=2&district=2&year=2026"
"1099","Christian Fellowship","Soccer Boys","33","Varsity","10/9","5:30 pm","","Missouri Military Academy","away","https://www.mshsaa.org/MySchool/Schedule.aspx?s=1099&alg=33","https://www.mshsaa.org/MySchool/Matchup.aspx?s=1099&alg=33&comp=2758004"
"278","Eldon High School","Football","19","Varsity","10/9","7:00 pm","","Southern Boone","away","https://www.mshsaa.org/MySchool/Schedule.aspx?s=278&alg=19","https://www.mshsaa.org/MySchool/Matchup.aspx?s=278&alg=19&comp=2628611"
"278","Eldon High School","Golf Girls","24","Varsity","10/9","","","Class 2 District 2 Tournament","tournament","https://www.mshsaa.org/MySchool/Schedule.aspx?s=278&alg=24","https://www.mshsaa.org/Activities/DistrictResult.aspx?alg=24&class=2&district=2&year=2026"
"917","Father Tolton","Football","19","Varsity","10/9","7:00 pm","","Marshall","away","https://www.mshsaa.org/MySchool/Schedule.aspx?s=917&alg=19","https://www.mshsaa.org/MySchool/Matchup.aspx?s=917&alg=19&comp=2571350"
"917","Father Tolton","Golf Girls","24","Varsity","10/9","","","Class 2 District 2 Tournament","tournament","https://www.mshsaa.org/MySchool/Schedule.aspx?s=917&alg=24","https://www.mshsaa.org/Activities/DistrictResult.aspx?alg=24&class=2&district=2&year=2026"
"294","Fayette High School","Football","19","Varsity","10/9","7:00 pm","","Tipton with Bunceton","home","https://www.mshsaa.org/MySchool/Schedule.aspx?s=294&alg=19","https://www.mshsaa.org/MySchool/Matchup.aspx?s=294&alg=19&comp=2662184"
"80","Fulton High School","Football","19","Varsity","10/9","7:00 pm","","Blair Oaks","home","https://www.mshsaa.org/MySchool/Schedule.aspx?s=80&alg=19","https://www.mshsaa.org/MySchool/Matchup.aspx?s=80&alg=19&comp=2589276"
"80","Fulton High School","Golf Girls","24","Varsity","10/9","","","Class 2 District 2 Tournament","tournament","https://www.mshsaa.org/MySchool/Schedule.aspx?s=80&alg=24","https://www.mshsaa.org/Activities/DistrictResult.aspx?alg=24&class=2&district=2&year=2026"
"311","Hallsville High School","Football","19","Varsity","10/9","7:00 pm","","Osage","home","https://www.mshsaa.org/MySchool/Schedule.aspx?s=311&alg=19","https://www.mshsaa.org/MySchool/Matchup.aspx?s=311&alg=19&comp=2589265"
"311","Hallsville High School","Golf Girls","24","Varsity","10/9","","","Class 2 District 2 Tournament","tournament","https://www.mshsaa.org/MySchool/Schedule.aspx?s=311&alg=24","https://www.mshsaa.org/Activities/DistrictResult.aspx?alg=24&class=2&district=2&year=2026"
"311","Hallsville High School","Soccer Boys","33","Varsity","10/9","5:30 pm","","Missouri Military Academy","away","https://www.mshsaa.org/MySchool/Schedule.aspx?s=311&alg=33","https://www.mshsaa.org/MySchool/Matchup.aspx?s=311&alg=33&comp=2758004"
"313","Harrisburg High School","Football","19","Varsity","10/9","7:00 pm","","South Callaway","away","https://www.mshsaa.org/MySchool/Schedule.aspx?s=313&alg=19","https://www.mshsaa.org/MySchool/Matchup.aspx?s=313&alg=19&comp=2633497"
"522","Helias High School","Football","19","Varsity","10/9","7:00 pm","","Jefferson City","away","https://www.mshsaa.org/MySchool/Schedule.aspx?s=522&alg=19","https://www.mshsaa.org/MySchool/Matchup.aspx?s=522&alg=19&comp=2627943"
"522","Helias High School","Golf Girls","24","Varsity","10/9","","","Class 2 District 2 Tournament","tournament","https://www.mshsaa.org/MySchool/Schedule.aspx?s=522&alg=24","https://www.mshsaa.org/Activities/DistrictResult.aspx?alg=24&class=2&district=2&year=2026"
"522","Helias High School","Softball Fall Season","38","Varsity","10/9","4:30 pm","","Washington","away","https://www.mshsaa.org/MySchool/Schedule.aspx?s=522&alg=38","https://www.mshsaa.org/MySchool/Matchup.aspx?s=522&alg=38&comp=2698651"
"85","Hickman High School","Football","19","Varsity","10/9","7:00 pm","","Camdenton","away","https://www.mshsaa.org/MySchool/Schedule.aspx?s=85&alg=19","https://www.mshsaa.org/MySchool/Matchup.aspx?s=85&alg=19&comp=2646531"
"85","Hickman High School","Soccer Boys","33","Varsity","10/9-10","","","Rock Bridge Invitational","tournament","https://www.mshsaa.org/MySchool/Schedule.aspx?s=85&alg=33","https://www.mshsaa.org/MySchool/Tournament.aspx?s=85&alg=33&tournament=558289"
"85","Hickman High School","Soccer Boys","33","Varsity","⤷ 10/9","TBD","","Pembroke Hill","tournament","https://www.mshsaa.org/MySchool/Schedule.aspx?s=85&alg=33","https://www.mshsaa.org/MySchool/Matchup.aspx?s=85&alg=33&comp=2785095"
"85","Hickman High School","Softball Fall Season","38","Varsity","10/9","5:30 pm","","Webster Groves","home","https://www.mshsaa.org/MySchool/Schedule.aspx?s=85&alg=38","https://www.mshsaa.org/MySchool/Matchup.aspx?s=85&alg=38&comp=2710695"
"317","Higbee High School","Baseball Fall Season","66","Varsity","10/9","6:30 pm","","Bevier","home","https://www.mshsaa.org/MySchool/Schedule.aspx?s=317&alg=66","https://www.mshsaa.org/MySchool/Matchup.aspx?s=317&alg=66&comp=2626891"
"317","Higbee High School","Softball Fall Season","38","Varsity","10/9","5:00 pm","","Bevier","home","https://www.mshsaa.org/MySchool/Schedule.aspx?s=317&alg=38","https://www.mshsaa.org/MySchool/Matchup.aspx?s=317&alg=38&comp=2626911"
"84","Jefferson City High School","Football","19","Varsity","10/9","7:00 pm","","Helias Catholic","home","https://www.mshsaa.org/MySchool/Schedule.aspx?s=84&alg=19","https://www.mshsaa.org/MySchool/Matchup.aspx?s=84&alg=19&comp=2560885"
"84","Jefferson City High School","Volleyball Girls","57","Varsity","10/9-10","","","Grand Slam Tournament","tournament","https://www.mshsaa.org/MySchool/Schedule.aspx?s=84&alg=57","https://www.mshsaa.org/MySchool/Tournament.aspx?s=84&alg=57&tournament=551668"
"360","Marshall High School","Football","19","Varsity","10/9","7:00 pm","","Father Tolton","home","https://www.mshsaa.org/MySchool/Schedule.aspx?s=360&alg=19","https://www.mshsaa.org/MySchool/Matchup.aspx?s=360&alg=19&comp=2598837"
"360","Marshall High School","Speech and Debate","41","Varsity","10/9-10","","","Debate - Blue Springs","tournament","https://www.mshsaa.org/MySchool/Schedule.aspx?s=360&alg=41","https://www.mshsaa.org/MySchool/Tournament.aspx?s=360&alg=41&tournament=593079"
"128","Mexico High School","Football","19","Varsity","10/9","7:00 pm","","Rolla","home","https://www.mshsaa.org/MySchool/Schedule.aspx?s=128&alg=19","https://www.mshsaa.org/MySchool/Matchup.aspx?s=128&alg=19&comp=2582722"
"569","Missouri Military Academy","Football","19","Varsity","10/9","7:00 pm","","Cole Camp","away","https://www.mshsaa.org/MySchool/Schedule.aspx?s=569&alg=19","https://www.mshsaa.org/MySchool/Matchup.aspx?s=569&alg=19&comp=2722357"
"569","Missouri Military Academy","Soccer Boys","33","Varsity","10/9","5:30 pm","","Christian Fellowship Sr. with Hallsville","home","https://www.mshsaa.org/MySchool/Schedule.aspx?s=569&alg=33","https://www.mshsaa.org/MySchool/Matchup.aspx?s=569&alg=33&comp=2754046"
"569","Missouri Military Academy","Swimming and Diving Boys","44","Varsity","10/9","5:00 pm","","St. Francis Borgia","home","https://www.mshsaa.org/MySchool/Schedule.aspx?s=569&alg=44","https://www.mshsaa.org/MySchool/Matchup.aspx?s=569&alg=44&comp=2753269"
"132","Moberly High School","Football","19","Varsity","10/9","7:00 pm","","Kirksville","home","https://www.mshsaa.org/MySchool/Schedule.aspx?s=132&alg=19","https://www.mshsaa.org/MySchool/Matchup.aspx?s=132&alg=19&comp=2514068"
"132","Moberly High School","Golf Girls","24","Varsity","10/9","","","Class 2 District 2 Tournament","tournament","https://www.mshsaa.org/MySchool/Schedule.aspx?s=132&alg=24","https://www.mshsaa.org/Activities/DistrictResult.aspx?alg=24&class=2&district=2&year=2026"
"139","North Callaway High School","Football","19","Varsity","10/9","7:00 pm","","Mark Twain","away","https://www.mshsaa.org/MySchool/Schedule.aspx?s=139&alg=19","https://www.mshsaa.org/MySchool/Matchup.aspx?s=139&alg=19&comp=2591222"
"152","Osage High School","Football","19","Varsity","10/9","7:00 pm","","Hallsville","away","https://www.mshsaa.org/MySchool/Schedule.aspx?s=152&alg=19","https://www.mshsaa.org/MySchool/Matchup.aspx?s=152&alg=19&comp=2518999"
"152","Osage High School","Golf Girls","24","Varsity","10/9","","","Class 2 District 2 Tournament","tournament","https://www.mshsaa.org/MySchool/Schedule.aspx?s=152&alg=24","https://www.mshsaa.org/Activities/DistrictResult.aspx?alg=24&class=2&district=2&year=2026"
"578","Rock Bridge High School","Football","19","Varsity","10/9","7:00 pm","","Battle","away","https://www.mshsaa.org/MySchool/Schedule.aspx?s=578&alg=19","https://www.mshsaa.org/MySchool/Matchup.aspx?s=578&alg=19&comp=2683321"
"578","Rock Bridge High School","Soccer Boys","33","Varsity","10/9-10","","","Rock Bridge Invitational","tournament","https://www.mshsaa.org/MySchool/Schedule.aspx?s=578&alg=33","https://www.mshsaa.org/MySchool/Tournament.aspx?s=578&alg=33&tournament=579134"
"578","Rock Bridge High School","Soccer Boys","33","Varsity","⤷ 10/9","TBD","","Ozark","tournament","https://www.mshsaa.org/MySchool/Schedule.aspx?s=578&alg=33","https://www.mshsaa.org/MySchool/Matchup.aspx?s=578&alg=33&comp=2793218"
"430","Russellville High School","Football","19","Varsity","10/9","7:00 pm","","Linn","home","https://www.mshsaa.org/MySchool/Schedule.aspx?s=430&alg=19","https://www.mshsaa.org/MySchool/Matchup.aspx?s=430&alg=19&comp=2633144"
"431","Salisbury High School","Football","19","Varsity","10/9","7:00 pm","","Scotland County","home","https://www.mshsaa.org/MySchool/Schedule.aspx?s=431&alg=19","https://www.mshsaa.org/MySchool/Matchup.aspx?s=431&alg=19&comp=2675308"
"194","Smith-Cotton High School","Football","19","Varsity","10/9","7:00 pm","","Capital City","home","https://www.mshsaa.org/MySchool/Schedule.aspx?s=194&alg=19","https://www.mshsaa.org/MySchool/Matchup.aspx?s=194&alg=19&comp=2669262"
"194","Smith-Cotton High School","Softball Fall Season","38","Varsity","10/9-10","","","FCNB Rolla Softball Invitational","tournament","https://www.mshsaa.org/MySchool/Schedule.aspx?s=194&alg=38","https://www.mshsaa.org/MySchool/Tournament.aspx?s=194&alg=38&tournament=551147"
"197","South Callaway High School","Football","19","Varsity","10/9","7:00 pm","","Harrisburg","home","https://www.mshsaa.org/MySchool/Schedule.aspx?s=197&alg=19","https://www.mshsaa.org/MySchool/Matchup.aspx?s=197&alg=19&comp=2639307"
"2","Southern Boone High School","Football","19","Varsity","10/9","7:00 pm","","Eldon","home","https://www.mshsaa.org/MySchool/Schedule.aspx?s=2&alg=19","https://www.mshsaa.org/MySchool/Matchup.aspx?s=2&alg=19&comp=2599047"
"2","Southern Boone High School","Golf Girls","24","Varsity","10/9","","","Class 2 District 2 Tournament","tournament","https://www.mshsaa.org/MySchool/Schedule.aspx?s=2&alg=24","https://www.mshsaa.org/Activities/DistrictResult.aspx?alg=24&class=2&district=2&year=2026"
"474","Tipton High School","Football","19","Varsity","10/9","7:00 pm","","Fayette","away","https://www.mshsaa.org/MySchool/Schedule.aspx?s=474&alg=19","https://www.mshsaa.org/MySchool/Matchup.aspx?s=474&alg=19&comp=2633266"
"485","Versailles High School","Football","19","Varsity","10/9","7:00 pm","","El Dorado Springs","away","https://www.mshsaa.org/MySchool/Schedule.aspx?s=485&alg=19","https://www.mshsaa.org/MySchool/Matchup.aspx?s=485&alg=19&comp=2495084"
"485","Versailles High School","Golf Girls","24","Varsity","10/9","","","Class 2 District 2 Tournament","tournament","https://www.mshsaa.org/MySchool/Schedule.aspx?s=485&alg=24","https://www.mshsaa.org/Activities/DistrictResult.aspx?alg=24&class=2&district=2&year=2026"
"953","Battle High School","Soccer Boys","33","Varsity","10/10","12:30 pm","","Marshall","away","https://www.mshsaa.org/MySchool/Schedule.aspx?s=953&alg=33","https://www.mshsaa.org/MySchool/Matchup.aspx?s=953&alg=33&comp=2767057"
"953","Battle High School","Volleyball Girls","57","Varsity","10/10","","","Lebanon Pinkfest Tournament","tournament","https://www.mshsaa.org/MySchool/Schedule.aspx?s=953&alg=57","https://www.mshsaa.org/MySchool/Tournament.aspx?s=953&alg=57&tournament=587218"
"16","Boonville High School","Volleyball Girls","57","Varsity","10/10","","","42nd Annual Eldon Tournament","tournament","https://www.mshsaa.org/MySchool/Schedule.aspx?s=16&alg=57","https://www.mshsaa.org/MySchool/Tournament.aspx?s=16&alg=57&tournament=583929"
"582","California High School","Cross Country Boys","11","Varsity","10/10","","","Capital City Cross Country Invitational","tournament","https://www.mshsaa.org/MySchool/Schedule.aspx?s=582&alg=11","https://www.mshsaa.org/MySchool/Tournament.aspx?s=582&alg=11&tournament=544409"
"26","Camdenton High School","Cross Country Boys","11","Varsity","10/10","","","Clinton","tournament","https://www.mshsaa.org/MySchool/Schedule.aspx?s=26&alg=11","https://www.mshsaa.org/MySchool/Tournament.aspx?s=26&alg=11&tournament=593813"
"26","Camdenton High School","Cross Country Girls","12","Varsity","10/10","","","Clinton","tournament","https://www.mshsaa.org/MySchool/Schedule.aspx?s=26&alg=12","https://www.mshsaa.org/MySchool/Tournament.aspx?s=26&alg=12&tournament=578934"
"1540","Capital City High School","Cross Country Boys","11","Varsity","10/10","8:30 am","","Capital City Cross Country Invitational","tournament","https://www.mshsaa.org/MySchool/Schedule.aspx?s=1540&alg=11","https://www.mshsaa.org/MySchool/Tournament.aspx?s=1540&alg=11&tournament=572811"
"1540","Capital City High School","Cross Country Girls","12","Varsity","10/10","8:30 am","","Capital City Cross Country Invitational","tournament","https://www.mshsaa.org/MySchool/Schedule.aspx?s=1540&alg=12","https://www.mshsaa.org/MySchool/Tournament.aspx?s=1540&alg=12&tournament=572819"
"1540","Capital City High School","Soccer Boys","33","Varsity","10/10","9:00 am","","Father Tolton","home","https://www.mshsaa.org/MySchool/Schedule.aspx?s=1540&alg=33","https://www.mshsaa.org/MySchool/Matchup.aspx?s=1540&alg=33&comp=2668205"
"1099","Christian Fellowship","Cross Country Boys","11","Varsity","10/10","","","Brian T. Simpson Invite","tournament","https://www.mshsaa.org/MySchool/Schedule.aspx?s=1099&alg=11","https://www.mshsaa.org/MySchool/Tournament.aspx?s=1099&alg=11&tournament=586803"
"1099","Christian Fellowship","Cross Country Girls","12","Varsity","10/10","","","Brian T. Simpson Invite","tournament","https://www.mshsaa.org/MySchool/Schedule.aspx?s=1099&alg=12","https://www.mshsaa.org/MySchool/Tournament.aspx?s=1099&alg=12&tournament=586802"
"566","Columbia Independent","Cross Country Boys","11","Varsity","10/10","","","Capital City Invitational","tournament","https://www.mshsaa.org/MySchool/Schedule.aspx?s=566&alg=11","https://www.mshsaa.org/MySchool/Tournament.aspx?s=566&alg=11&tournament=594223"
"566","Columbia Independent","Cross Country Girls","12","Varsity","10/10","","","Capital City Invitational","tournament","https://www.mshsaa.org/MySchool/Schedule.aspx?s=566&alg=12","https://www.mshsaa.org/MySchool/Tournament.aspx?s=566&alg=12&tournament=594229"
"566","Columbia Independent","Soccer Boys","33","Varsity","10/10","12:30 pm","","Marshall","away","https://www.mshsaa.org/MySchool/Schedule.aspx?s=566&alg=33","https://www.mshsaa.org/MySchool/Matchup.aspx?s=566&alg=33&comp=2767057"
"278","Eldon High School","Cross Country Girls","12","Varsity","10/10","","","Capital City Cross Country Invitational","tournament","https://www.mshsaa.org/MySchool/Schedule.aspx?s=278&alg=12","https://www.mshsaa.org/MySchool/Tournament.aspx?s=278&alg=12&tournament=544995"
"278","Eldon High School","Volleyball Girls","57","Varsity","10/10","","","42nd Annual Eldon Tournament","tournament","https://www.mshsaa.org/MySchool/Schedule.aspx?s=278&alg=57","https://www.mshsaa.org/MySchool/Tournament.aspx?s=278&alg=57&tournament=543788"
"917","Father Tolton","Soccer Boys","33","Varsity","10/10","11:00 am","","Capital City","away","https://www.mshsaa.org/MySchool/Schedule.aspx?s=917&alg=33","https://www.mshsaa.org/MySchool/Matchup.aspx?s=917&alg=33&comp=2668980"
"294","Fayette High School","Cross Country Boys","11","Varsity","10/10","","","Brian T. Simpson Invite","tournament","https://www.mshsaa.org/MySchool/Schedule.aspx?s=294&alg=11","https://www.mshsaa.org/MySchool/Tournament.aspx?s=294&alg=11&tournament=590175"
"80","Fulton High School","Volleyball Girls","57","Varsity","10/10","","","42nd Annual Eldon Tournament","tournament","https://www.mshsaa.org/MySchool/Schedule.aspx?s=80&alg=57","https://www.mshsaa.org/MySchool/Tournament.aspx?s=80&alg=57&tournament=548113"
"302","Glasgow High School","Cross Country Boys","11","Varsity","10/10","","","Brian T. Simpson Invite","tournament","https://www.mshsaa.org/MySchool/Schedule.aspx?s=302&alg=11","https://www.mshsaa.org/MySchool/Tournament.aspx?s=302&alg=11&tournament=586729"
"302","Glasgow High School","Cross Country Girls","12","Varsity","10/10","","","Brian T. Simpson Invite","tournament","https://www.mshsaa.org/MySchool/Schedule.aspx?s=302&alg=12","https://www.mshsaa.org/MySchool/Tournament.aspx?s=302&alg=12&tournament=586728"
"313","Harrisburg High School","Cross Country Boys","11","Varsity","10/10","","","Brian T. Simpson Invite","tournament","https://www.mshsaa.org/MySchool/Schedule.aspx?s=313&alg=11","https://www.mshsaa.org/MySchool/Tournament.aspx?s=313&alg=11&tournament=580833"
"313","Harrisburg High School","Cross Country Girls","12","Varsity","10/10","","","Brian T. Simpson Invite","tournament","https://www.mshsaa.org/MySchool/Schedule.aspx?s=313&alg=12","https://www.mshsaa.org/MySchool/Tournament.aspx?s=313&alg=12&tournament=580840"
"313","Harrisburg High School","Softball Fall Season","38","Varsity","10/10","5:00 pm","","Southern Boone","home","https://www.mshsaa.org/MySchool/Schedule.aspx?s=313&alg=38","https://www.mshsaa.org/MySchool/Matchup.aspx?s=313&alg=38&comp=2665560"
"313","Harrisburg High School","Softball Fall Season","38","Varsity","10/10","1:00 pm","","Webster Groves","home","https://www.mshsaa.org/MySchool/Schedule.aspx?s=313&alg=38","https://www.mshsaa.org/MySchool/Matchup.aspx?s=313&alg=38&comp=2772397"
"522","Helias High School","Cross Country Boys","11","Varsity","10/10","8:00 am","","Capital City Cross Country Invitational","tournament","https://www.mshsaa.org/MySchool/Schedule.aspx?s=522&alg=11","https://www.mshsaa.org/MySchool/Tournament.aspx?s=522&alg=11&tournament=544815"
"522","Helias High School","Cross Country Girls","12","Varsity","10/10","8:00 am","","Capital City Cross Country Invitational","tournament","https://www.mshsaa.org/MySchool/Schedule.aspx?s=522&alg=12","https://www.mshsaa.org/MySchool/Tournament.aspx?s=522&alg=12&tournament=544824"
"85","Hickman High School","Cross Country Boys","11","Varsity","10/10","","","Kearney Invitational","tournament","https://www.mshsaa.org/MySchool/Schedule.aspx?s=85&alg=11","https://www.mshsaa.org/MySchool/Tournament.aspx?s=85&alg=11&tournament=587514"
"85","Hickman High School","Cross Country Girls","12","Varsity","10/10","","","Kearney Invitational","tournament","https://www.mshsaa.org/MySchool/Schedule.aspx?s=85&alg=12","https://www.mshsaa.org/MySchool/Tournament.aspx?s=85&alg=12&tournament=587601"
"85","Hickman High School","Soccer Boys","33","Varsity","⤷ 10/10","TBD","","Ozark","tournament","https://www.mshsaa.org/MySchool/Schedule.aspx?s=85&alg=33","https://www.mshsaa.org/MySchool/Matchup.aspx?s=85&alg=33&comp=2785097"
"85","Hickman High School","Volleyball Girls","57","Varsity","10/10","","","Lebanon Pinkfest Tournament","tournament","https://www.mshsaa.org/MySchool/Schedule.aspx?s=85&alg=57","https://www.mshsaa.org/MySchool/Tournament.aspx?s=85&alg=57&tournament=570015"
"317","Higbee High School","Baseball Fall Season","66","Varsity","10/10","12:00 pm","","Sturgeon","home","https://www.mshsaa.org/MySchool/Schedule.aspx?s=317&alg=66","https://www.mshsaa.org/MySchool/Matchup.aspx?s=317&alg=66&comp=2626892"
"317","Higbee High School","Softball Fall Season","38","Varsity","10/10","10:00 am","","Sturgeon","home","https://www.mshsaa.org/MySchool/Schedule.aspx?s=317&alg=38","https://www.mshsaa.org/MySchool/Matchup.aspx?s=317&alg=38&comp=2626912"
"84","Jefferson City High School","Cross Country Boys","11","Varsity","10/10","","","Capital City Cross Country Invitational","tournament","https://www.mshsaa.org/MySchool/Schedule.aspx?s=84&alg=11","https://www.mshsaa.org/MySchool/Tournament.aspx?s=84&alg=11&tournament=540380"
"84","Jefferson City High School","Cross Country Girls","12","Varsity","10/10","","","Capital City Cross Country Invitational","tournament","https://www.mshsaa.org/MySchool/Schedule.aspx?s=84&alg=12","https://www.mshsaa.org/MySchool/Tournament.aspx?s=84&alg=12&tournament=566508"
"360","Marshall High School","Cross Country Boys","11","Varsity","10/10","4:00 pm","","Lexington","home","https://www.mshsaa.org/MySchool/Schedule.aspx?s=360&alg=11","https://www.mshsaa.org/MySchool/Matchup.aspx?s=360&alg=11&comp=2693588"
"360","Marshall High School","Cross Country Girls","12","Varsity","10/10","TBD","","Lexington","home","https://www.mshsaa.org/MySchool/Schedule.aspx?s=360&alg=12","https://www.mshsaa.org/MySchool/Matchup.aspx?s=360&alg=12&comp=2693588"
"360","Marshall High School","Soccer Boys","33","Varsity","10/10","12:30 pm","","Battle with Columbia Independent","home","https://www.mshsaa.org/MySchool/Schedule.aspx?s=360&alg=33","https://www.mshsaa.org/MySchool/Matchup.aspx?s=360&alg=33&comp=2661587"
"360","Marshall High School","Softball Fall Season","38","Varsity","10/10","","","Lady Husker Softball Tournament","tournament","https://www.mshsaa.org/MySchool/Schedule.aspx?s=360&alg=38","https://www.mshsaa.org/MySchool/Tournament.aspx?s=360&alg=38&tournament=550532"
"569","Missouri Military Academy","Cross Country Boys","11","Varsity","10/10","","","Brian T. Simpson Invite","tournament","https://www.mshsaa.org/MySchool/Schedule.aspx?s=569&alg=11","https://www.mshsaa.org/MySchool/Tournament.aspx?s=569&alg=11&tournament=586923"
"139","North Callaway High School","Volleyball Girls","57","Varsity","10/10","","","Belle Varsity Volleyball Tournament","tournament","https://www.mshsaa.org/MySchool/Schedule.aspx?s=139&alg=57","https://www.mshsaa.org/MySchool/Tournament.aspx?s=139&alg=57&tournament=541961"
"578","Rock Bridge High School","Soccer Boys","33","Varsity","⤷ 10/10","TBD","","Pembroke Hill","tournament","https://www.mshsaa.org/MySchool/Schedule.aspx?s=578&alg=33","https://www.mshsaa.org/MySchool/Matchup.aspx?s=578&alg=33&comp=2793213"
"578","Rock Bridge High School","Softball Fall Season","38","Varsity","10/10","2:00 pm","","Kickapoo","away","https://www.mshsaa.org/MySchool/Schedule.aspx?s=578&alg=38","https://www.mshsaa.org/MySchool/Matchup.aspx?s=578&alg=38&comp=2767001"
"578","Rock Bridge High School","Softball Fall Season","38","Varsity","10/10","12:00 pm","","Liberty North","away","https://www.mshsaa.org/MySchool/Schedule.aspx?s=578&alg=38","https://www.mshsaa.org/MySchool/Matchup.aspx?s=578&alg=38&comp=2767002"
"430","Russellville High School","Cross Country Boys","11","Varsity","10/10","","","Brian T. Simpson Invite","tournament","https://www.mshsaa.org/MySchool/Schedule.aspx?s=430&alg=11","https://www.mshsaa.org/MySchool/Tournament.aspx?s=430&alg=11&tournament=586650"
"430","Russellville High School","Cross Country Girls","12","Varsity","10/10","","","Brian T. Simpson Invite","tournament","https://www.mshsaa.org/MySchool/Schedule.aspx?s=430&alg=12","https://www.mshsaa.org/MySchool/Tournament.aspx?s=430&alg=12&tournament=586649"
"430","Russellville High School","Volleyball Girls","57","Varsity","10/10","","","Pleasant Hope Play For Pink Volleyball Tournament","tournament","https://www.mshsaa.org/MySchool/Schedule.aspx?s=430&alg=57","https://www.mshsaa.org/MySchool/Tournament.aspx?s=430&alg=57&tournament=541505"
"431","Salisbury High School","Cross Country Boys","11","Varsity","10/10","","","Brian T. Simpson Invite","tournament","https://www.mshsaa.org/MySchool/Schedule.aspx?s=431&alg=11","https://www.mshsaa.org/MySchool/Tournament.aspx?s=431&alg=11&tournament=545825"
"431","Salisbury High School","Cross Country Girls","12","Varsity","10/10","","","Brian T. Simpson Invite","tournament","https://www.mshsaa.org/MySchool/Schedule.aspx?s=431&alg=12","https://www.mshsaa.org/MySchool/Tournament.aspx?s=431&alg=12&tournament=545835"
"194","Smith-Cotton High School","Cross Country Boys","11","Varsity","10/10","8:30 am","","Clinton XC Invite","tournament","https://www.mshsaa.org/MySchool/Schedule.aspx?s=194&alg=11","https://www.mshsaa.org/MySchool/Tournament.aspx?s=194&alg=11&tournament=558619"
"194","Smith-Cotton High School","Cross Country Girls","12","Varsity","10/10","8:30 am","","Clinton XC Invite","tournament","https://www.mshsaa.org/MySchool/Schedule.aspx?s=194&alg=12","https://www.mshsaa.org/MySchool/Tournament.aspx?s=194&alg=12&tournament=558628"
"197","South Callaway High School","Cross Country Boys","11","Varsity","10/10","9:00 am","","Brian T. Simpson Invite","tournament","https://www.mshsaa.org/MySchool/Schedule.aspx?s=197&alg=11","https://www.mshsaa.org/MySchool/Tournament.aspx?s=197&alg=11&tournament=574536"
"197","South Callaway High School","Cross Country Girls","12","Varsity","10/10","9:00 am","","Brian T. Simpson Invite","tournament","https://www.mshsaa.org/MySchool/Schedule.aspx?s=197&alg=12","https://www.mshsaa.org/MySchool/Tournament.aspx?s=197&alg=12&tournament=574539"
"2","Southern Boone High School","Softball Fall Season","38","Varsity","10/10","5:00 pm","","Harrisburg","away","https://www.mshsaa.org/MySchool/Schedule.aspx?s=2&alg=38","https://www.mshsaa.org/MySchool/Matchup.aspx?s=2&alg=38&comp=2674203"
"2","Southern Boone High School","Softball Fall Season","38","Varsity","10/10","3:00 pm","","Webster Groves","away","https://www.mshsaa.org/MySchool/Schedule.aspx?s=2&alg=38","https://www.mshsaa.org/MySchool/Matchup.aspx?s=2&alg=38&comp=2768864"
"474","Tipton High School","Cross Country Boys","11","Varsity","10/10","","","Brian T. Simpson Invite","tournament","https://www.mshsaa.org/MySchool/Schedule.aspx?s=474&alg=11","https://www.mshsaa.org/MySchool/Tournament.aspx?s=474&alg=11&tournament=589165"
"474","Tipton High School","Cross Country Girls","12","Varsity","10/10","","","Brian T. Simpson Invite","tournament","https://www.mshsaa.org/MySchool/Schedule.aspx?s=474&alg=12","https://www.mshsaa.org/MySchool/Tournament.aspx?s=474&alg=12&tournament=589163"
"953","Battle High School","Softball Fall Season","38","Varsity","10/12","5:00 pm","","Eldon","away","https://www.mshsaa.org/MySchool/Schedule.aspx?s=953&alg=38","https://www.mshsaa.org/MySchool/Matchup.aspx?s=953&alg=38&comp=2762405"
"217","Blair Oaks High School","Softball Fall Season","38","Varsity","10/12","5:00 pm","","Jefferson City","home","https://www.mshsaa.org/MySchool/Schedule.aspx?s=217&alg=38","https://www.mshsaa.org/MySchool/Matchup.aspx?s=217&alg=38&comp=2701225"
"217","Blair Oaks High School","Volleyball Girls","57","Varsity","10/12","7:00 pm","","Owensville","home","https://www.mshsaa.org/MySchool/Schedule.aspx?s=217&alg=57","https://www.mshsaa.org/MySchool/Matchup.aspx?s=217&alg=57&comp=2632347"
"582","California High School","Softball Fall Season","38","Varsity","10/12","5:00 pm","","New Bloomfield","home","https://www.mshsaa.org/MySchool/Schedule.aspx?s=582&alg=38","https://www.mshsaa.org/MySchool/Matchup.aspx?s=582&alg=38&comp=2618144"
"582","California High School","Volleyball Girls","57","Varsity","10/12","6:30 pm","","Cole Camp","home","https://www.mshsaa.org/MySchool/Schedule.aspx?s=582&alg=57","https://www.mshsaa.org/MySchool/Matchup.aspx?s=582&alg=57&comp=2643374"
"26","Camdenton High School","Softball Fall Season","38","Varsity","10/12","4:30 pm","","Smith-Cotton","home","https://www.mshsaa.org/MySchool/Schedule.aspx?s=26&alg=38","https://www.mshsaa.org/MySchool/Matchup.aspx?s=26&alg=38&comp=2776180"
"26","Camdenton High School","Volleyball Girls","57","Varsity","10/12","6:30 pm","","Father Tolton","away","https://www.mshsaa.org/MySchool/Schedule.aspx?s=26&alg=57","https://www.mshsaa.org/MySchool/Matchup.aspx?s=26&alg=57&comp=2742769"
"1540","Capital City High School","Softball Fall Season","38","Varsity","10/12","4:30 pm","","Union","away","https://www.mshsaa.org/MySchool/Schedule.aspx?s=1540&alg=38","https://www.mshsaa.org/MySchool/Matchup.aspx?s=1540&alg=38&comp=2623150"
"1540","Capital City High School","Swimming and Diving Boys","44","Varsity","10/12","3:30 pm","","Hannibal","away","https://www.mshsaa.org/MySchool/Schedule.aspx?s=1540&alg=44","https://www.mshsaa.org/MySchool/Matchup.aspx?s=1540&alg=44&comp=2782012"
"53","Centralia High School","Softball Fall Season","38","Varsity","10/12","5:00 pm","","Bowling Green","away","https://www.mshsaa.org/MySchool/Schedule.aspx?s=53&alg=38","https://www.mshsaa.org/MySchool/Matchup.aspx?s=53&alg=38&comp=2644763"
"53","Centralia High School","Volleyball Girls","57","Varsity","10/12","6:00 pm","","Bowling Green","home","https://www.mshsaa.org/MySchool/Schedule.aspx?s=53&alg=57","https://www.mshsaa.org/MySchool/Matchup.aspx?s=53&alg=57&comp=2606181"
"1099","Christian Fellowship","Soccer Boys","33","Varsity","10/12","6:30 pm","","La Monte","away","https://www.mshsaa.org/MySchool/Schedule.aspx?s=1099&alg=33","https://www.mshsaa.org/MySchool/Matchup.aspx?s=1099&alg=33&comp=2641957"
"1099","Christian Fellowship","Softball Fall Season","38","Varsity","10/12","5:00 pm","","South Callaway","home","https://www.mshsaa.org/MySchool/Schedule.aspx?s=1099&alg=38","https://www.mshsaa.org/MySchool/Matchup.aspx?s=1099&alg=38&comp=2633023"
"1099","Christian Fellowship","Volleyball Girls","57","Varsity","10/12","6:00 pm","","Chamois","away","https://www.mshsaa.org/MySchool/Schedule.aspx?s=1099&alg=57","https://www.mshsaa.org/MySchool/Matchup.aspx?s=1099&alg=57&comp=2667298"
"278","Eldon High School","Golf Girls","24","Varsity","10/12","","","District Tournament","tournament","https://www.mshsaa.org/MySchool/Schedule.aspx?s=278&alg=24","https://www.mshsaa.org/MySchool/Tournament.aspx?s=278&alg=24&tournament=545006"
"278","Eldon High School","Softball Fall Season","38","Varsity","10/12","5:00 pm","","Battle","home","https://www.mshsaa.org/MySchool/Schedule.aspx?s=278&alg=38","https://www.mshsaa.org/MySchool/Matchup.aspx?s=278&alg=38&comp=2628684"
"278","Eldon High School","Volleyball Girls","57","Varsity","10/12","7:00 pm","","Smith-Cotton","home","https://www.mshsaa.org/MySchool/Schedule.aspx?s=278&alg=57","https://www.mshsaa.org/MySchool/Matchup.aspx?s=278&alg=57&comp=2623031"
"917","Father Tolton","Soccer Boys","33","Varsity","10/12","6:00 pm","","Lutheran St. Charles","away","https://www.mshsaa.org/MySchool/Schedule.aspx?s=917&alg=33","https://www.mshsaa.org/MySchool/Matchup.aspx?s=917&alg=33&comp=2753486"
"917","Father Tolton","Softball Fall Season","38","Varsity","10/12","5:00 pm","","Macon","home","https://www.mshsaa.org/MySchool/Schedule.aspx?s=917&alg=38","https://www.mshsaa.org/MySchool/Matchup.aspx?s=917&alg=38&comp=2695764"
"917","Father Tolton","Volleyball Girls","57","Varsity","10/12","6:30 pm","","Camdenton","home","https://www.mshsaa.org/MySchool/Schedule.aspx?s=917&alg=57","https://www.mshsaa.org/MySchool/Matchup.aspx?s=917&alg=57&comp=2754365"
"80","Fulton High School","Golf Girls","24","Varsity","10/12","","","MSHSAA District Tournament","tournament","https://www.mshsaa.org/MySchool/Schedule.aspx?s=80&alg=24","https://www.mshsaa.org/MySchool/Tournament.aspx?s=80&alg=24&tournament=579527"
"80","Fulton High School","Soccer Boys","33","Varsity","10/12","6:30 pm","","Mexico","home","https://www.mshsaa.org/MySchool/Schedule.aspx?s=80&alg=33","https://www.mshsaa.org/MySchool/Matchup.aspx?s=80&alg=33&comp=2647576"
"80","Fulton High School","Volleyball Girls","57","Varsity","10/12","7:00 pm","","Linn","home","https://www.mshsaa.org/MySchool/Schedule.aspx?s=80&alg=57","https://www.mshsaa.org/MySchool/Matchup.aspx?s=80&alg=57&comp=2642123"
"302","Glasgow High School","Softball Fall Season","38","Varsity","10/12","5:00 pm","","Westran","home","https://www.mshsaa.org/MySchool/Schedule.aspx?s=302&alg=38","https://www.mshsaa.org/MySchool/Matchup.aspx?s=302&alg=38&comp=2635360"
"311","Hallsville High School","Soccer Boys","33","Varsity","10/12","6:30 pm","","La Monte","away","https://www.mshsaa.org/MySchool/Schedule.aspx?s=311&alg=33","https://www.mshsaa.org/MySchool/Matchup.aspx?s=311&alg=33&comp=2641957"
"311","Hallsville High School","Softball Fall Season","38","Varsity","10/12","5:00 pm","","South Callaway","home","https://www.mshsaa.org/MySchool/Schedule.aspx?s=311&alg=38","https://www.mshsaa.org/MySchool/Matchup.aspx?s=311&alg=38&comp=2633023"
"311","Hallsville High School","Volleyball Girls","57","Varsity","10/12","6:30 pm","","Montgomery County","away","https://www.mshsaa.org/MySchool/Schedule.aspx?s=311&alg=57","https://www.mshsaa.org/MySchool/Matchup.aspx?s=311&alg=57&comp=2667633"
"313","Harrisburg High School","Softball Fall Season","38","Varsity","10/12","5:00 pm","","North Shelby","home","https://www.mshsaa.org/MySchool/Schedule.aspx?s=313&alg=38","https://www.mshsaa.org/MySchool/Matchup.aspx?s=313&alg=38&comp=2649313"
"522","Helias High School","Volleyball Girls","57","Varsity","10/12","6:30 pm","","Hermann","away","https://www.mshsaa.org/MySchool/Schedule.aspx?s=522&alg=57","https://www.mshsaa.org/MySchool/Matchup.aspx?s=522&alg=57&comp=2635433"
"84","Jefferson City High School","Softball Fall Season","38","Varsity","10/12","5:00 pm","","Blair Oaks","away","https://www.mshsaa.org/MySchool/Schedule.aspx?s=84&alg=38","https://www.mshsaa.org/MySchool/Matchup.aspx?s=84&alg=38&comp=2710442"
"360","Marshall High School","Golf Girls","24","Varsity","10/12","","","Class 3 District 4 Tournament","tournament","https://www.mshsaa.org/MySchool/Schedule.aspx?s=360&alg=24","https://www.mshsaa.org/Activities/DistrictResult.aspx?alg=24&class=3&district=4&year=2026"
"128","Mexico High School","Soccer Boys","33","Varsity","10/12","6:30 pm","","Fulton","away","https://www.mshsaa.org/MySchool/Schedule.aspx?s=128&alg=33","https://www.mshsaa.org/MySchool/Matchup.aspx?s=128&alg=33&comp=2756449"
"128","Mexico High School","Volleyball Girls","57","Varsity","10/12","5:15 pm","","Warrenton","away","https://www.mshsaa.org/MySchool/Schedule.aspx?s=128&alg=57","https://www.mshsaa.org/MySchool/Matchup.aspx?s=128&alg=57&comp=2652140"
"569","Missouri Military Academy","Soccer Boys","33","Varsity","10/12","5:45 pm","","North Point","away","https://www.mshsaa.org/MySchool/Schedule.aspx?s=569&alg=33","https://www.mshsaa.org/MySchool/Matchup.aspx?s=569&alg=33&comp=2769104"
"132","Moberly High School","Softball Fall Season","38","Varsity","10/12","5:00 pm","","Mark Twain","away","https://www.mshsaa.org/MySchool/Schedule.aspx?s=132&alg=38","https://www.mshsaa.org/MySchool/Matchup.aspx?s=132&alg=38&comp=2695254"
"152","Osage High School","Volleyball Girls","57","Varsity","10/12","7:30 pm","","Waynesville","away","https://www.mshsaa.org/MySchool/Schedule.aspx?s=152&alg=57","https://www.mshsaa.org/MySchool/Matchup.aspx?s=152&alg=57&comp=2709059"
"430","Russellville High School","Volleyball Girls","57","Varsity","10/12","7:00 pm","","Lighthouse Sr.","away","https://www.mshsaa.org/MySchool/Schedule.aspx?s=430&alg=57","https://www.mshsaa.org/MySchool/Matchup.aspx?s=430&alg=57&comp=2612892"
"431","Salisbury High School","Softball Fall Season","38","Varsity","10/12","5:00 pm","","Monroe City","home","https://www.mshsaa.org/MySchool/Schedule.aspx?s=431&alg=38","https://www.mshsaa.org/MySchool/Matchup.aspx?s=431&alg=38&comp=2632156"
"194","Smith-Cotton High School","Softball Fall Season","38","Varsity","10/12","4:30 pm","","Camdenton","away","https://www.mshsaa.org/MySchool/Schedule.aspx?s=194&alg=38","https://www.mshsaa.org/MySchool/Matchup.aspx?s=194&alg=38&comp=2775314"
"194","Smith-Cotton High School","Volleyball Girls","57","Varsity","10/12","6:00 pm","","Eldon","away","https://www.mshsaa.org/MySchool/Schedule.aspx?s=194&alg=57","https://www.mshsaa.org/MySchool/Matchup.aspx?s=194&alg=57&comp=2643410"
"197","South Callaway High School","Softball Fall Season","38","Varsity","10/12","5:00 pm","","Hallsville with Christian Fellowship Sr.","away","https://www.mshsaa.org/MySchool/Schedule.aspx?s=197&alg=38","https://www.mshsaa.org/MySchool/Matchup.aspx?s=197&alg=38&comp=2724560"
"2","Southern Boone High School","Soccer Boys","33","Varsity","10/12","6:30 pm","","Laquey with Richland","home","https://www.mshsaa.org/MySchool/Schedule.aspx?s=2&alg=33","https://www.mshsaa.org/MySchool/Matchup.aspx?s=2&alg=33&comp=2770756"
"2","Southern Boone High School","Volleyball Girls","57","Varsity","10/12","7:30 pm","","Versailles","home","https://www.mshsaa.org/MySchool/Schedule.aspx?s=2&alg=57","https://www.mshsaa.org/MySchool/Matchup.aspx?s=2&alg=57&comp=2653892"
"474","Tipton High School","Volleyball Girls","57","Varsity","10/12","7:00 pm","","Lincoln","away","https://www.mshsaa.org/MySchool/Schedule.aspx?s=474&alg=57","https://www.mshsaa.org/MySchool/Matchup.aspx?s=474&alg=57&comp=2635307"
"485","Versailles High School","Volleyball Girls","57","Varsity","10/12","7:30 pm","","Southern Boone","away","https://www.mshsaa.org/MySchool/Schedule.aspx?s=485&alg=57","https://www.mshsaa.org/MySchool/Matchup.aspx?s=485&alg=57&comp=2643122"
"953","Battle High School","Soccer Boys","33","Varsity","10/13","7:00 pm","","Jefferson City","home","https://www.mshsaa.org/MySchool/Schedule.aspx?s=953&alg=33","https://www.mshsaa.org/MySchool/Matchup.aspx?s=953&alg=33&comp=2767058"
"953","Battle High School","Volleyball Girls","57","Varsity","10/13","7:00 pm","","Rock Bridge","home","https://www.mshsaa.org/MySchool/Schedule.aspx?s=953&alg=57","https://www.mshsaa.org/MySchool/Matchup.aspx?s=953&alg=57&comp=2762778"
"217","Blair Oaks High School","Volleyball Girls","57","Varsity","10/13","6:45 pm","","Capital City","away","https://www.mshsaa.org/MySchool/Schedule.aspx?s=217&alg=57","https://www.mshsaa.org/MySchool/Matchup.aspx?s=217&alg=57&comp=2632348"
"16","Boonville High School","Soccer Boys","33","Varsity","10/13","4:30 pm","","St. Paul Lutheran (Concordia)","home","https://www.mshsaa.org/MySchool/Schedule.aspx?s=16&alg=33","https://www.mshsaa.org/MySchool/Matchup.aspx?s=16&alg=33&comp=2736122"
"16","Boonville High School","Volleyball Girls","57","Varsity","10/13","6:00 pm","","Southern Boone","home","https://www.mshsaa.org/MySchool/Schedule.aspx?s=16&alg=57","https://www.mshsaa.org/MySchool/Matchup.aspx?s=16&alg=57&comp=2684881"
"582","California High School","Volleyball Girls","57","Varsity","10/13","7:00 pm","","Fatima","home","https://www.mshsaa.org/MySchool/Schedule.aspx?s=582&alg=57","https://www.mshsaa.org/MySchool/Matchup.aspx?s=582&alg=57&comp=2618104"
"26","Camdenton High School","Soccer Boys","33","Varsity","10/13","7:00 pm","","Helias Catholic","away","https://www.mshsaa.org/MySchool/Schedule.aspx?s=26&alg=33","https://www.mshsaa.org/MySchool/Matchup.aspx?s=26&alg=33&comp=2742694"
"26","Camdenton High School","Volleyball Girls","57","Varsity","10/13","6:30 pm","","Logan-Rogersville","home","https://www.mshsaa.org/MySchool/Schedule.aspx?s=26&alg=57","https://www.mshsaa.org/MySchool/Matchup.aspx?s=26&alg=57&comp=2742770"
"1540","Capital City High School","Soccer Boys","33","Varsity","10/13","6:45 pm","","Rock Bridge","away","https://www.mshsaa.org/MySchool/Schedule.aspx?s=1540&alg=33","https://www.mshsaa.org/MySchool/Matchup.aspx?s=1540&alg=33&comp=2662537"
"1540","Capital City High School","Volleyball Girls","57","Varsity","10/13","6:45 pm","","Blair Oaks","home","https://www.mshsaa.org/MySchool/Schedule.aspx?s=1540&alg=57","https://www.mshsaa.org/MySchool/Matchup.aspx?s=1540&alg=57&comp=2641607"
"53","Centralia High School","Cross Country Boys","11","Varsity","10/13","4:00 pm","","Centralia Invitational","tournament","https://www.mshsaa.org/MySchool/Schedule.aspx?s=53&alg=11","https://www.mshsaa.org/MySchool/Tournament.aspx?s=53&alg=11&tournament=552241"
"53","Centralia High School","Cross Country Girls","12","Varsity","10/13","4:00 pm","","Centralia Invitational","tournament","https://www.mshsaa.org/MySchool/Schedule.aspx?s=53&alg=12","https://www.mshsaa.org/MySchool/Tournament.aspx?s=53&alg=12&tournament=552248"
"53","Centralia High School","Volleyball Girls","57","Varsity","10/13","7:00 pm","","Kirksville","home","https://www.mshsaa.org/MySchool/Schedule.aspx?s=53&alg=57","https://www.mshsaa.org/MySchool/Matchup.aspx?s=53&alg=57&comp=2655588"
"1099","Christian Fellowship","Cross Country Boys","11","Varsity","10/13","","","Centralia Invitational","tournament","https://www.mshsaa.org/MySchool/Schedule.aspx?s=1099&alg=11","https://www.mshsaa.org/MySchool/Tournament.aspx?s=1099&alg=11&tournament=580530"
"1099","Christian Fellowship","Cross Country Girls","12","Varsity","10/13","","","Centralia Invitational","tournament","https://www.mshsaa.org/MySchool/Schedule.aspx?s=1099&alg=12","https://www.mshsaa.org/MySchool/Tournament.aspx?s=1099&alg=12&tournament=580531"
"1099","Christian Fellowship","Soccer Boys","33","Varsity","10/13","4:30 pm","","Iberia","away","https://www.mshsaa.org/MySchool/Schedule.aspx?s=1099&alg=33","https://www.mshsaa.org/MySchool/Matchup.aspx?s=1099&alg=33&comp=2674883"
"1099","Christian Fellowship","Volleyball Girls","57","Varsity","10/13","6:30 pm","","Montgomery County","home","https://www.mshsaa.org/MySchool/Schedule.aspx?s=1099&alg=57","https://www.mshsaa.org/MySchool/Matchup.aspx?s=1099&alg=57&comp=2665845"
"566","Columbia Independent","Cross Country Boys","11","Varsity","10/13","","","Centralia Invitational","tournament","https://www.mshsaa.org/MySchool/Schedule.aspx?s=566&alg=11","https://www.mshsaa.org/MySchool/Tournament.aspx?s=566&alg=11&tournament=582362"
"566","Columbia Independent","Cross Country Girls","12","Varsity","10/13","","","Centralia Invitational","tournament","https://www.mshsaa.org/MySchool/Schedule.aspx?s=566&alg=12","https://www.mshsaa.org/MySchool/Tournament.aspx?s=566&alg=12&tournament=582363"
"566","Columbia Independent","Soccer Boys","33","Varsity","10/13","7:00 pm","","Jefferson City","home","https://www.mshsaa.org/MySchool/Schedule.aspx?s=566&alg=33","https://www.mshsaa.org/MySchool/Matchup.aspx?s=566&alg=33&comp=2767058"
"566","Columbia Independent","Volleyball Girls","57","Varsity","10/13","6:00 pm","","Bunceton","home","https://www.mshsaa.org/MySchool/Schedule.aspx?s=566&alg=57","https://www.mshsaa.org/MySchool/Matchup.aspx?s=566&alg=57&comp=2723421"
"278","Eldon High School","Volleyball Girls","57","Varsity","10/13","7:15 pm","","Hickman","away","https://www.mshsaa.org/MySchool/Schedule.aspx?s=278&alg=57","https://www.mshsaa.org/MySchool/Matchup.aspx?s=278&alg=57&comp=2623032"
"917","Father Tolton","Cross Country Boys","11","Varsity","10/13","","","Centralia Invitational","tournament","https://www.mshsaa.org/MySchool/Schedule.aspx?s=917&alg=11","https://www.mshsaa.org/MySchool/Tournament.aspx?s=917&alg=11&tournament=589877"
"917","Father Tolton","Cross Country Girls","12","Varsity","10/13","","","Centralia Invitational","tournament","https://www.mshsaa.org/MySchool/Schedule.aspx?s=917&alg=12","https://www.mshsaa.org/MySchool/Tournament.aspx?s=917&alg=12&tournament=589387"
"294","Fayette High School","Cross Country Boys","11","Varsity","10/13","","","Centralia Invitational","tournament","https://www.mshsaa.org/MySchool/Schedule.aspx?s=294&alg=11","https://www.mshsaa.org/MySchool/Tournament.aspx?s=294&alg=11&tournament=592253"
"80","Fulton High School","Cross Country Boys","11","Varsity","10/13","","","Centralia Invitational","tournament","https://www.mshsaa.org/MySchool/Schedule.aspx?s=80&alg=11","https://www.mshsaa.org/MySchool/Tournament.aspx?s=80&alg=11&tournament=580270"
"80","Fulton High School","Cross Country Girls","12","Varsity","10/13","","","Centralia Invitational","tournament","https://www.mshsaa.org/MySchool/Schedule.aspx?s=80&alg=12","https://www.mshsaa.org/MySchool/Tournament.aspx?s=80&alg=12&tournament=580624"
"80","Fulton High School","Volleyball Girls","57","Varsity","10/13","6:15 pm","","Hallsville","home","https://www.mshsaa.org/MySchool/Schedule.aspx?s=80&alg=57","https://www.mshsaa.org/MySchool/Matchup.aspx?s=80&alg=57&comp=2642124"
"302","Glasgow High School","Cross Country Boys","11","Varsity","10/13","","","Centralia Invitational","tournament","https://www.mshsaa.org/MySchool/Schedule.aspx?s=302&alg=11","https://www.mshsaa.org/MySchool/Tournament.aspx?s=302&alg=11&tournament=580686"
"302","Glasgow High School","Cross Country Girls","12","Varsity","10/13","","","Centralia Invitational","tournament","https://www.mshsaa.org/MySchool/Schedule.aspx?s=302&alg=12","https://www.mshsaa.org/MySchool/Tournament.aspx?s=302&alg=12&tournament=580687"
"311","Hallsville High School","Soccer Boys","33","Varsity","10/13","4:30 pm","","Iberia","away","https://www.mshsaa.org/MySchool/Schedule.aspx?s=311&alg=33","https://www.mshsaa.org/MySchool/Matchup.aspx?s=311&alg=33&comp=2674883"
"311","Hallsville High School","Volleyball Girls","57","Varsity","10/13","6:15 pm","","Fulton","away","https://www.mshsaa.org/MySchool/Schedule.aspx?s=311&alg=57","https://www.mshsaa.org/MySchool/Matchup.aspx?s=311&alg=57&comp=2662058"
"522","Helias High School","Soccer Boys","33","Varsity","10/13","7:00 pm","","Camdenton","home","https://www.mshsaa.org/MySchool/Schedule.aspx?s=522&alg=33","https://www.mshsaa.org/MySchool/Matchup.aspx?s=522&alg=33&comp=2666708"
"522","Helias High School","Volleyball Girls","57","Varsity","10/13","6:30 pm","","Jefferson City","away","https://www.mshsaa.org/MySchool/Schedule.aspx?s=522&alg=57","https://www.mshsaa.org/MySchool/Matchup.aspx?s=522&alg=57&comp=2640994"
"85","Hickman High School","Soccer Boys","33","Varsity","10/13","TBD","","Smith-Cotton","home","https://www.mshsaa.org/MySchool/Schedule.aspx?s=85&alg=33","https://www.mshsaa.org/MySchool/Matchup.aspx?s=85&alg=33&comp=2675496"
"85","Hickman High School","Volleyball Girls","57","Varsity","10/13","7:15 pm","","Eldon","home","https://www.mshsaa.org/MySchool/Schedule.aspx?s=85&alg=57","https://www.mshsaa.org/MySchool/Matchup.aspx?s=85&alg=57&comp=2712419"
"317","Higbee High School","Cross Country Girls","12","Varsity","10/13","","","Centralia Invitational","tournament","https://www.mshsaa.org/MySchool/Schedule.aspx?s=317&alg=12","https://www.mshsaa.org/MySchool/Tournament.aspx?s=317&alg=12&tournament=582396"
"84","Jefferson City High School","Soccer Boys","33","Varsity","10/13","7:00 pm","","Battle with Columbia Independent","away","https://www.mshsaa.org/MySchool/Schedule.aspx?s=84&alg=33","https://www.mshsaa.org/MySchool/Matchup.aspx?s=84&alg=33&comp=2660277"
"84","Jefferson City High School","Volleyball Girls","57","Varsity","10/13","7:00 pm","","Helias Catholic","home","https://www.mshsaa.org/MySchool/Schedule.aspx?s=84&alg=57","https://www.mshsaa.org/MySchool/Matchup.aspx?s=84&alg=57&comp=2653585"
"360","Marshall High School","Volleyball Girls","57","Varsity","10/13","7:15 pm","","Santa Fe","away","https://www.mshsaa.org/MySchool/Schedule.aspx?s=360&alg=57","https://www.mshsaa.org/MySchool/Matchup.aspx?s=360&alg=57&comp=2665715"
"128","Mexico High School","Cross Country Boys","11","Varsity","10/13","","","Centralia Invitational","tournament","https://www.mshsaa.org/MySchool/Schedule.aspx?s=128&alg=11","https://www.mshsaa.org/MySchool/Tournament.aspx?s=128&alg=11&tournament=569374"
"128","Mexico High School","Cross Country Girls","12","Varsity","10/13","","","Centralia Invitational","tournament","https://www.mshsaa.org/MySchool/Schedule.aspx?s=128&alg=12","https://www.mshsaa.org/MySchool/Tournament.aspx?s=128&alg=12&tournament=588297"
"128","Mexico High School","Soccer Boys","33","Varsity","10/13","5:00 pm","","Kirksville","home","https://www.mshsaa.org/MySchool/Schedule.aspx?s=128&alg=33","https://www.mshsaa.org/MySchool/Matchup.aspx?s=128&alg=33&comp=2681814"
"128","Mexico High School","Volleyball Girls","57","Varsity","10/13","5:00 pm","","Brookfield","home","https://www.mshsaa.org/MySchool/Schedule.aspx?s=128&alg=57","https://www.mshsaa.org/MySchool/Matchup.aspx?s=128&alg=57&comp=2652141"
"569","Missouri Military Academy","Cross Country Boys","11","Varsity","10/13","","","Centralia Invitational","tournament","https://www.mshsaa.org/MySchool/Schedule.aspx?s=569&alg=11","https://www.mshsaa.org/MySchool/Tournament.aspx?s=569&alg=11&tournament=580886"
"569","Missouri Military Academy","Soccer Boys","33","Varsity","10/13","5:00 pm","","Southern Boone","home","https://www.mshsaa.org/MySchool/Schedule.aspx?s=569&alg=33","https://www.mshsaa.org/MySchool/Matchup.aspx?s=569&alg=33&comp=2698278"
"132","Moberly High School","Soccer Boys","33","Varsity","10/13","6:45 pm","","Hannibal","home","https://www.mshsaa.org/MySchool/Schedule.aspx?s=132&alg=33","https://www.mshsaa.org/MySchool/Matchup.aspx?s=132&alg=33&comp=2685470"
"139","North Callaway High School","Cross Country Boys","11","Varsity","10/13","","","Centralia Invitational","tournament","https://www.mshsaa.org/MySchool/Schedule.aspx?s=139&alg=11","https://www.mshsaa.org/MySchool/Tournament.aspx?s=139&alg=11&tournament=552836"
"139","North Callaway High School","Cross Country Girls","12","Varsity","10/13","","","Centralia Invitational","tournament","https://www.mshsaa.org/MySchool/Schedule.aspx?s=139&alg=12","https://www.mshsaa.org/MySchool/Tournament.aspx?s=139&alg=12&tournament=552842"
"139","North Callaway High School","Volleyball Girls","57","Varsity","10/13","6:00 pm","","Bowling Green","home","https://www.mshsaa.org/MySchool/Schedule.aspx?s=139&alg=57","https://www.mshsaa.org/MySchool/Matchup.aspx?s=139&alg=57&comp=2606514"
"152","Osage High School","Soccer Boys","33","Varsity","10/13","6:45 pm","","Laquey with Richland","away","https://www.mshsaa.org/MySchool/Schedule.aspx?s=152&alg=33","https://www.mshsaa.org/MySchool/Matchup.aspx?s=152&alg=33&comp=2689994"
"578","Rock Bridge High School","Soccer Boys","33","Varsity","10/13","6:45 pm","","Capital City","home","https://www.mshsaa.org/MySchool/Schedule.aspx?s=578&alg=33","https://www.mshsaa.org/MySchool/Matchup.aspx?s=578&alg=33&comp=2660329"
"578","Rock Bridge High School","Volleyball Girls","57","Varsity","10/13","7:00 pm","","Battle","away","https://www.mshsaa.org/MySchool/Schedule.aspx?s=578&alg=57","https://www.mshsaa.org/MySchool/Matchup.aspx?s=578&alg=57&comp=2743485"
"430","Russellville High School","Volleyball Girls","57","Varsity","10/13","7:00 pm","","New Bloomfield","home","https://www.mshsaa.org/MySchool/Schedule.aspx?s=430&alg=57","https://www.mshsaa.org/MySchool/Matchup.aspx?s=430&alg=57&comp=2612893"
"431","Salisbury High School","Cross Country Boys","11","Varsity","10/13","","","Centralia Invitational","tournament","https://www.mshsaa.org/MySchool/Schedule.aspx?s=431&alg=11","https://www.mshsaa.org/MySchool/Tournament.aspx?s=431&alg=11&tournament=545826"
"431","Salisbury High School","Cross Country Girls","12","Varsity","10/13","","","Centralia Invitational","tournament","https://www.mshsaa.org/MySchool/Schedule.aspx?s=431&alg=12","https://www.mshsaa.org/MySchool/Tournament.aspx?s=431&alg=12&tournament=545836"
"194","Smith-Cotton High School","Soccer Boys","33","Varsity","10/13","6:30 pm","","Hickman","away","https://www.mshsaa.org/MySchool/Schedule.aspx?s=194&alg=33","https://www.mshsaa.org/MySchool/Matchup.aspx?s=194&alg=33&comp=2677217"
"194","Smith-Cotton High School","Volleyball Girls","57","Varsity","10/13","7:30 pm","","Knob Noster","home","https://www.mshsaa.org/MySchool/Schedule.aspx?s=194&alg=57","https://www.mshsaa.org/MySchool/Matchup.aspx?s=194&alg=57&comp=2643411"
"2","Southern Boone High School","Soccer Boys","33","Varsity","10/13","5:00 pm","","Missouri Military Academy","away","https://www.mshsaa.org/MySchool/Schedule.aspx?s=2&alg=33","https://www.mshsaa.org/MySchool/Matchup.aspx?s=2&alg=33&comp=2632901"
"2","Southern Boone High School","Volleyball Girls","57","Varsity","10/13","6:30 pm","","Boonville","away","https://www.mshsaa.org/MySchool/Schedule.aspx?s=2&alg=57","https://www.mshsaa.org/MySchool/Matchup.aspx?s=2&alg=57&comp=2653893"
"474","Tipton High School","Cross Country Boys","11","Varsity","10/13","","","Centralia Invitational","tournament","https://www.mshsaa.org/MySchool/Schedule.aspx?s=474&alg=11","https://www.mshsaa.org/MySchool/Tournament.aspx?s=474&alg=11&tournament=580537"
"474","Tipton High School","Cross Country Girls","12","Varsity","10/13","","","Centralia Invitational","tournament","https://www.mshsaa.org/MySchool/Schedule.aspx?s=474&alg=12","https://www.mshsaa.org/MySchool/Tournament.aspx?s=474&alg=12&tournament=580538"
"485","Versailles High School","Volleyball Girls","57","Varsity","10/13","6:30 pm","","Adrian","home","https://www.mshsaa.org/MySchool/Schedule.aspx?s=485&alg=57","https://www.mshsaa.org/MySchool/Matchup.aspx?s=485&alg=57&comp=2643123"
"16","Boonville High School","Softball Fall Season","38","Varsity","10/14-20","","","District Tournament","tournament","https://www.mshsaa.org/MySchool/Schedule.aspx?s=16&alg=38","https://www.mshsaa.org/MySchool/Tournament.aspx?s=16&alg=38&tournament=587395"
"566","Columbia Independent","Volleyball Girls","57","Varsity","10/14","7:00 pm","","Sweet Springs","away","https://www.mshsaa.org/MySchool/Schedule.aspx?s=566&alg=57","https://www.mshsaa.org/MySchool/Matchup.aspx?s=566&alg=57&comp=2779927"
"917","Father Tolton","Volleyball Girls","57","Varsity","10/14","7:00 pm","","Hickman","away","https://www.mshsaa.org/MySchool/Schedule.aspx?s=917&alg=57","https://www.mshsaa.org/MySchool/Matchup.aspx?s=917&alg=57&comp=2750312"
"85","Hickman High School","Soccer Boys","33","Varsity","10/14","6:30 pm","","Marshall","home","https://www.mshsaa.org/MySchool/Schedule.aspx?s=85&alg=33","https://www.mshsaa.org/MySchool/Matchup.aspx?s=85&alg=33&comp=2712435"
"85","Hickman High School","Swimming and Diving Boys","44","Varsity","10/14","4:00 pm","","Blue Springs","away","https://www.mshsaa.org/MySchool/Schedule.aspx?s=85&alg=44","https://www.mshsaa.org/MySchool/Matchup.aspx?s=85&alg=44&comp=2773614"
"85","Hickman High School","Volleyball Girls","57","Varsity","10/14","7:00 pm","","Father Tolton","home","https://www.mshsaa.org/MySchool/Schedule.aspx?s=85&alg=57","https://www.mshsaa.org/MySchool/Matchup.aspx?s=85&alg=57&comp=2744143"
"360","Marshall High School","Cross Country Boys","11","Varsity","10/14","","","MEC East Conference Meet Cross Country","tournament","https://www.mshsaa.org/MySchool/Schedule.aspx?s=360&alg=11","https://www.mshsaa.org/MySchool/Tournament.aspx?s=360&alg=11&tournament=598184"
"360","Marshall High School","Cross Country Girls","12","Varsity","10/14","","","NCMC Cross Country","tournament","https://www.mshsaa.org/MySchool/Schedule.aspx?s=360&alg=12","https://www.mshsaa.org/MySchool/Tournament.aspx?s=360&alg=12&tournament=598183"
"360","Marshall High School","Soccer Boys","33","Varsity","10/14","6:30 pm","","Hickman","away","https://www.mshsaa.org/MySchool/Schedule.aspx?s=360&alg=33","https://www.mshsaa.org/MySchool/Matchup.aspx?s=360&alg=33&comp=2677541"
"128","Mexico High School","Cross Country Boys","11","Varsity","10/14","","","NCMC Cross Country","tournament","https://www.mshsaa.org/MySchool/Schedule.aspx?s=128&alg=11","https://www.mshsaa.org/MySchool/Tournament.aspx?s=128&alg=11&tournament=593469"
"128","Mexico High School","Cross Country Girls","12","Varsity","10/14","","","NCMC Cross Country","tournament","https://www.mshsaa.org/MySchool/Schedule.aspx?s=128&alg=12","https://www.mshsaa.org/MySchool/Tournament.aspx?s=128&alg=12&tournament=595089"
"132","Moberly High School","Cross Country Boys","11","Varsity","10/14","","","MEC East Conference Meet Cross Country","tournament","https://www.mshsaa.org/MySchool/Schedule.aspx?s=132&alg=11","https://www.mshsaa.org/MySchool/Tournament.aspx?s=132&alg=11&tournament=592759"
"132","Moberly High School","Cross Country Girls","12","Varsity","10/14","","","NCMC Cross Country","tournament","https://www.mshsaa.org/MySchool/Schedule.aspx?s=132&alg=12","https://www.mshsaa.org/MySchool/Tournament.aspx?s=132&alg=12&tournament=592761"
"139","North Callaway High School","Volleyball Girls","57","Varsity","10/14","6:00 pm","","Wright City","home","https://www.mshsaa.org/MySchool/Schedule.aspx?s=139&alg=57","https://www.mshsaa.org/MySchool/Matchup.aspx?s=139&alg=57&comp=2615044"
"217","Blair Oaks High School","Cross Country Boys","11","Varsity","10/15","","","Tri County Conference Cross Country Meet","tournament","https://www.mshsaa.org/MySchool/Schedule.aspx?s=217&alg=11","https://www.mshsaa.org/MySchool/Tournament.aspx?s=217&alg=11&tournament=545759"
"217","Blair Oaks High School","Cross Country Girls","12","Varsity","10/15","","","Tri County Conference Cross Country Meet","tournament","https://www.mshsaa.org/MySchool/Schedule.aspx?s=217&alg=12","https://www.mshsaa.org/MySchool/Tournament.aspx?s=217&alg=12&tournament=545768"
"217","Blair Oaks High School","Volleyball Girls","57","Varsity","10/15","7:00 pm","","Rock Bridge","home","https://www.mshsaa.org/MySchool/Schedule.aspx?s=217&alg=57","https://www.mshsaa.org/MySchool/Matchup.aspx?s=217&alg=57&comp=2632349"
"16","Boonville High School","Cross Country Boys","11","Varsity","10/15","","","Tri County Conference Cross Country Meet","tournament","https://www.mshsaa.org/MySchool/Schedule.aspx?s=16&alg=11","https://www.mshsaa.org/MySchool/Tournament.aspx?s=16&alg=11&tournament=592329"
"16","Boonville High School","Cross Country Girls","12","Varsity","10/15","","","Tri County Conference Cross Country Meet","tournament","https://www.mshsaa.org/MySchool/Schedule.aspx?s=16&alg=12","https://www.mshsaa.org/MySchool/Tournament.aspx?s=16&alg=12&tournament=585069"
"16","Boonville High School","Soccer Boys","33","Varsity","10/15","5:00 pm","","Green Ridge with Cole Camp","away","https://www.mshsaa.org/MySchool/Schedule.aspx?s=16&alg=33","https://www.mshsaa.org/MySchool/Matchup.aspx?s=16&alg=33&comp=2669062"
"16","Boonville High School","Volleyball Girls","57","Varsity","10/15","6:00 pm","","Smith-Cotton","away","https://www.mshsaa.org/MySchool/Schedule.aspx?s=16&alg=57","https://www.mshsaa.org/MySchool/Matchup.aspx?s=16&alg=57&comp=2643536"
"582","California High School","Cross Country Boys","11","Varsity","10/15","","","Tri County Conference Cross Country Meet","tournament","https://www.mshsaa.org/MySchool/Schedule.aspx?s=582&alg=11","https://www.mshsaa.org/MySchool/Tournament.aspx?s=582&alg=11&tournament=544410"
"582","California High School","Volleyball Girls","57","Varsity","10/15","7:30 pm","","Osage","away","https://www.mshsaa.org/MySchool/Schedule.aspx?s=582&alg=57","https://www.mshsaa.org/MySchool/Matchup.aspx?s=582&alg=57&comp=2618105"
"26","Camdenton High School","Volleyball Girls","57","Varsity","10/15","6:30 pm","","Rolla","away","https://www.mshsaa.org/MySchool/Schedule.aspx?s=26&alg=57","https://www.mshsaa.org/MySchool/Matchup.aspx?s=26&alg=57&comp=2670320"
"1540","Capital City High School","Soccer Boys","33","Varsity","10/15","6:00 pm","","Rockwood Summit","home","https://www.mshsaa.org/MySchool/Schedule.aspx?s=1540&alg=33","https://www.mshsaa.org/MySchool/Matchup.aspx?s=1540&alg=33&comp=2776985"
"1540","Capital City High School","Volleyball Girls","57","Varsity","10/15","7:00 pm","","Fatima","away","https://www.mshsaa.org/MySchool/Schedule.aspx?s=1540&alg=57","https://www.mshsaa.org/MySchool/Matchup.aspx?s=1540&alg=57&comp=2684513"
"53","Centralia High School","Volleyball Girls","57","Varsity","10/15","6:00 pm","","Montgomery County","away","https://www.mshsaa.org/MySchool/Schedule.aspx?s=53&alg=57","https://www.mshsaa.org/MySchool/Matchup.aspx?s=53&alg=57&comp=2655589"
"1099","Christian Fellowship","Swimming and Diving Boys","44","Varsity","10/15","","","Quad Marshall/MMA/Wentzville Liberty","tournament","https://www.mshsaa.org/MySchool/Schedule.aspx?s=1099&alg=44","https://www.mshsaa.org/MySchool/Tournament.aspx?s=1099&alg=44&tournament=564674"
"1099","Christian Fellowship","Swimming and Diving Boys","44","Varsity","10/15","","","Hannibal Quad","tournament","https://www.mshsaa.org/MySchool/Schedule.aspx?s=1099&alg=44","https://www.mshsaa.org/MySchool/Tournament.aspx?s=1099&alg=44&tournament=594248"
"1099","Christian Fellowship","Volleyball Girls","57","Varsity","10/15","6:00 pm","","Calvary Lutheran","away","https://www.mshsaa.org/MySchool/Schedule.aspx?s=1099&alg=57","https://www.mshsaa.org/MySchool/Matchup.aspx?s=1099&alg=57&comp=2704548"
"566","Columbia Independent","Swimming and Diving Boys","44","Varsity","10/15","","","Quad Marshall/MMA/Wentzville Liberty","tournament","https://www.mshsaa.org/MySchool/Schedule.aspx?s=566&alg=44","https://www.mshsaa.org/MySchool/Tournament.aspx?s=566&alg=44&tournament=564674"
"566","Columbia Independent","Swimming and Diving Boys","44","Varsity","10/15","","","Hannibal Quad","tournament","https://www.mshsaa.org/MySchool/Schedule.aspx?s=566&alg=44","https://www.mshsaa.org/MySchool/Tournament.aspx?s=566&alg=44&tournament=594248"
"278","Eldon High School","Cross Country Boys","11","Varsity","10/15","3:00 pm","","Tri County Conference Cross Country Meet","tournament","https://www.mshsaa.org/MySchool/Schedule.aspx?s=278&alg=11","https://www.mshsaa.org/MySchool/Tournament.aspx?s=278&alg=11&tournament=544987"
"278","Eldon High School","Cross Country Girls","12","Varsity","10/15","3:00 pm","","Tri County Conference Cross Country Meet","tournament","https://www.mshsaa.org/MySchool/Schedule.aspx?s=278&alg=12","https://www.mshsaa.org/MySchool/Tournament.aspx?s=278&alg=12&tournament=544996"
"917","Father Tolton","Soccer Boys","33","Varsity","10/15","6:45 pm","","Osage","home","https://www.mshsaa.org/MySchool/Schedule.aspx?s=917&alg=33","https://www.mshsaa.org/MySchool/Matchup.aspx?s=917&alg=33&comp=2665268"
"917","Father Tolton","Volleyball Girls","57","Varsity","10/15","6:30 pm","","Kirksville","away","https://www.mshsaa.org/MySchool/Schedule.aspx?s=917&alg=57","https://www.mshsaa.org/MySchool/Matchup.aspx?s=917&alg=57&comp=2713684"
"80","Fulton High School","Cross Country Boys","11","Varsity","10/15","","","Tri County Conference Meet","tournament","https://www.mshsaa.org/MySchool/Schedule.aspx?s=80&alg=11","https://www.mshsaa.org/MySchool/Tournament.aspx?s=80&alg=11&tournament=594827"
"80","Fulton High School","Cross Country Girls","12","Varsity","10/15","","","Tri County Conference Meet","tournament","https://www.mshsaa.org/MySchool/Schedule.aspx?s=80&alg=12","https://www.mshsaa.org/MySchool/Tournament.aspx?s=80&alg=12&tournament=594836"
"80","Fulton High School","Soccer Boys","33","Varsity","10/15","5:00 pm","","Southern Boone","away","https://www.mshsaa.org/MySchool/Schedule.aspx?s=80&alg=33","https://www.mshsaa.org/MySchool/Matchup.aspx?s=80&alg=33&comp=2647577"
"80","Fulton High School","Softball Fall Season","38","Varsity","10/15","","","Districts","tournament","https://www.mshsaa.org/MySchool/Schedule.aspx?s=80&alg=38","https://www.mshsaa.org/MySchool/Tournament.aspx?s=80&alg=38&tournament=546562"
"311","Hallsville High School","Volleyball Girls","57","Varsity","10/15","6:30 pm","","Southern Boone","home","https://www.mshsaa.org/MySchool/Schedule.aspx?s=311&alg=57","https://www.mshsaa.org/MySchool/Matchup.aspx?s=311&alg=57&comp=2638641"
"522","Helias High School","Soccer Boys","33","Varsity","10/15","6:45 pm","","Liberty (Wentzville)","away","https://www.mshsaa.org/MySchool/Schedule.aspx?s=522&alg=33","https://www.mshsaa.org/MySchool/Matchup.aspx?s=522&alg=33&comp=2676505"
"84","Jefferson City High School","Swimming and Diving Boys","44","Varsity","10/15","5:00 pm","","Hannibal","away","https://www.mshsaa.org/MySchool/Schedule.aspx?s=84&alg=44","https://www.mshsaa.org/MySchool/Matchup.aspx?s=84&alg=44&comp=2781701"
"360","Marshall High School","Soccer Boys","33","Varsity","10/15","7:00 pm","","Smith-Cotton","home","https://www.mshsaa.org/MySchool/Schedule.aspx?s=360&alg=33","https://www.mshsaa.org/MySchool/Matchup.aspx?s=360&alg=33&comp=2712411"
"360","Marshall High School","Swimming and Diving Boys","44","Varsity","10/15","","","Hannibal","tournament","https://www.mshsaa.org/MySchool/Schedule.aspx?s=360&alg=44","https://www.mshsaa.org/MySchool/Tournament.aspx?s=360&alg=44&tournament=564056"
"360","Marshall High School","Volleyball Girls","57","Varsity","10/15","7:00 pm","","Mexico","home","https://www.mshsaa.org/MySchool/Schedule.aspx?s=360&alg=57","https://www.mshsaa.org/MySchool/Matchup.aspx?s=360&alg=57&comp=2661614"
"128","Mexico High School","Volleyball Girls","57","Varsity","10/15","7:00 pm","","Marshall","away","https://www.mshsaa.org/MySchool/Schedule.aspx?s=128&alg=57","https://www.mshsaa.org/MySchool/Matchup.aspx?s=128&alg=57&comp=2652142"
"569","Missouri Military Academy","Soccer Boys","33","Varsity","10/15","5:00 pm","","Elsberry with Silex","home","https://www.mshsaa.org/MySchool/Schedule.aspx?s=569&alg=33","https://www.mshsaa.org/MySchool/Matchup.aspx?s=569&alg=33&comp=2786936"
"569","Missouri Military Academy","Swimming and Diving Boys","44","Varsity","10/15","","","Quad Marshall/MMA/Wentzville Liberty","tournament","https://www.mshsaa.org/MySchool/Schedule.aspx?s=569&alg=44","https://www.mshsaa.org/MySchool/Tournament.aspx?s=569&alg=44&tournament=563756"
"132","Moberly High School","Soccer Boys","33","Varsity","10/15","5:00 pm","","Smithton","home","https://www.mshsaa.org/MySchool/Schedule.aspx?s=132&alg=33","https://www.mshsaa.org/MySchool/Matchup.aspx?s=132&alg=33&comp=2685475"
"139","North Callaway High School","Volleyball Girls","57","Varsity","10/15","6:30 pm","","Eugene","away","https://www.mshsaa.org/MySchool/Schedule.aspx?s=139&alg=57","https://www.mshsaa.org/MySchool/Matchup.aspx?s=139&alg=57&comp=2615045"
"152","Osage High School","Cross Country Boys","11","Varsity","10/15","","","Tri County Conference Cross Country Meet","tournament","https://www.mshsaa.org/MySchool/Schedule.aspx?s=152&alg=11","https://www.mshsaa.org/MySchool/Tournament.aspx?s=152&alg=11&tournament=578479"
"152","Osage High School","Cross Country Girls","12","Varsity","10/15","3:30 pm","","Eldon","home","https://www.mshsaa.org/MySchool/Schedule.aspx?s=152&alg=12","https://www.mshsaa.org/MySchool/Matchup.aspx?s=152&alg=12&comp=2742677"
"152","Osage High School","Soccer Boys","33","Varsity","10/15","6:45 pm","","Father Tolton","away","https://www.mshsaa.org/MySchool/Schedule.aspx?s=152&alg=33","https://www.mshsaa.org/MySchool/Matchup.aspx?s=152&alg=33&comp=2702064"
"152","Osage High School","Volleyball Girls","57","Varsity","10/15","7:30 pm","","California","home","https://www.mshsaa.org/MySchool/Schedule.aspx?s=152&alg=57","https://www.mshsaa.org/MySchool/Matchup.aspx?s=152&alg=57&comp=2646051"
"578","Rock Bridge High School","Volleyball Girls","57","Varsity","10/15","7:00 pm","","Blair Oaks","away","https://www.mshsaa.org/MySchool/Schedule.aspx?s=578&alg=57","https://www.mshsaa.org/MySchool/Matchup.aspx?s=578&alg=57&comp=2653023"
"430","Russellville High School","Volleyball Girls","57","Varsity","10/15","7:00 pm","","Tipton","home","https://www.mshsaa.org/MySchool/Schedule.aspx?s=430&alg=57","https://www.mshsaa.org/MySchool/Matchup.aspx?s=430&alg=57&comp=2612895"
"194","Smith-Cotton High School","Soccer Boys","33","Varsity","10/15","7:00 pm","","Marshall","away","https://www.mshsaa.org/MySchool/Schedule.aspx?s=194&alg=33","https://www.mshsaa.org/MySchool/Matchup.aspx?s=194&alg=33&comp=2679108"
"194","Smith-Cotton High School","Volleyball Girls","57","Varsity","10/15","6:00 pm","","Boonville","home","https://www.mshsaa.org/MySchool/Schedule.aspx?s=194&alg=57","https://www.mshsaa.org/MySchool/Matchup.aspx?s=194&alg=57&comp=2643412"
"2","Southern Boone High School","Cross Country Boys","11","Varsity","10/15","","","Tri County Conference Cross Country Meet","tournament","https://www.mshsaa.org/MySchool/Schedule.aspx?s=2&alg=11","https://www.mshsaa.org/MySchool/Tournament.aspx?s=2&alg=11&tournament=559457"
"2","Southern Boone High School","Cross Country Girls","12","Varsity","10/15","","","Tri County Conference Cross Country Meet","tournament","https://www.mshsaa.org/MySchool/Schedule.aspx?s=2&alg=12","https://www.mshsaa.org/MySchool/Tournament.aspx?s=2&alg=12&tournament=559464"
"2","Southern Boone High School","Soccer Boys","33","Varsity","10/15","6:30 pm","","Fulton","home","https://www.mshsaa.org/MySchool/Schedule.aspx?s=2&alg=33","https://www.mshsaa.org/MySchool/Matchup.aspx?s=2&alg=33&comp=2632903"
"2","Southern Boone High School","Volleyball Girls","57","Varsity","10/15","6:30 pm","","Hallsville","away","https://www.mshsaa.org/MySchool/Schedule.aspx?s=2&alg=57","https://www.mshsaa.org/MySchool/Matchup.aspx?s=2&alg=57&comp=2653894"
"474","Tipton High School","Volleyball Girls","57","Varsity","10/15","7:00 pm","","Russellville","away","https://www.mshsaa.org/MySchool/Schedule.aspx?s=474&alg=57","https://www.mshsaa.org/MySchool/Matchup.aspx?s=474&alg=57&comp=2616857"
"485","Versailles High School","Cross Country Boys","11","Varsity","10/15","","","OHC Conference Meet","tournament","https://www.mshsaa.org/MySchool/Schedule.aspx?s=485&alg=11","https://www.mshsaa.org/MySchool/Tournament.aspx?s=485&alg=11&tournament=565608"
"485","Versailles High School","Cross Country Girls","12","Varsity","10/15","","","OHC Conference Meet","tournament","https://www.mshsaa.org/MySchool/Schedule.aspx?s=485&alg=12","https://www.mshsaa.org/MySchool/Tournament.aspx?s=485&alg=12&tournament=565616"
"953","Battle High School","Cross Country Boys","11","Varsity","10/16","","","CMAC Championships","tournament","https://www.mshsaa.org/MySchool/Schedule.aspx?s=953&alg=11","https://www.mshsaa.org/MySchool/Tournament.aspx?s=953&alg=11&tournament=597912"
"953","Battle High School","Cross Country Girls","12","Varsity","10/16","","","CMAC Championships","tournament","https://www.mshsaa.org/MySchool/Schedule.aspx?s=953&alg=12","https://www.mshsaa.org/MySchool/Tournament.aspx?s=953&alg=12&tournament=597918"
"953","Battle High School","Football","19","Varsity","10/16","7:00 pm","","Jefferson City","away","https://www.mshsaa.org/MySchool/Schedule.aspx?s=953&alg=19","https://www.mshsaa.org/MySchool/Matchup.aspx?s=953&alg=19&comp=2666897"
"217","Blair Oaks High School","Football","19","Varsity","10/16","7:00 pm","","Eldon","away","https://www.mshsaa.org/MySchool/Schedule.aspx?s=217&alg=19","https://www.mshsaa.org/MySchool/Matchup.aspx?s=217&alg=19&comp=2627484"
"16","Boonville High School","Football","19","Varsity","10/16","7:00 pm","","Osage","away","https://www.mshsaa.org/MySchool/Schedule.aspx?s=16&alg=19","https://www.mshsaa.org/MySchool/Matchup.aspx?s=16&alg=19&comp=2567165"
"582","California High School","Football","19","Varsity","10/16","7:00 pm","","Fulton","away","https://www.mshsaa.org/MySchool/Schedule.aspx?s=582&alg=19","https://www.mshsaa.org/MySchool/Matchup.aspx?s=582&alg=19&comp=2519684"
"26","Camdenton High School","Cross Country Boys","11","Varsity","10/16","","","CMAC Conference XC Meet","tournament","https://www.mshsaa.org/MySchool/Schedule.aspx?s=26&alg=11","https://www.mshsaa.org/MySchool/Tournament.aspx?s=26&alg=11&tournament=578486"
"26","Camdenton High School","Cross Country Girls","12","Varsity","10/16","","","CMAC Conference XC Meet","tournament","https://www.mshsaa.org/MySchool/Schedule.aspx?s=26&alg=12","https://www.mshsaa.org/MySchool/Tournament.aspx?s=26&alg=12&tournament=578933"
"26","Camdenton High School","Football","19","Varsity","10/16","7:00 pm","","Capital City","home","https://www.mshsaa.org/MySchool/Schedule.aspx?s=26&alg=19","https://www.mshsaa.org/MySchool/Matchup.aspx?s=26&alg=19&comp=2696908"
"26","Camdenton High School","Soccer Boys","33","Varsity","10/16","6:30 pm","","Central (Springfield)","away","https://www.mshsaa.org/MySchool/Schedule.aspx?s=26&alg=33","https://www.mshsaa.org/MySchool/Matchup.aspx?s=26&alg=33&comp=2779591"
"1540","Capital City High School","Cross Country Boys","11","Varsity","10/16","9:00 am","","CMAC Conference","tournament","https://www.mshsaa.org/MySchool/Schedule.aspx?s=1540&alg=11","https://www.mshsaa.org/MySchool/Tournament.aspx?s=1540&alg=11&tournament=572812"
"1540","Capital City High School","Cross Country Girls","12","Varsity","10/16","9:30 am","","CMAC Conference","tournament","https://www.mshsaa.org/MySchool/Schedule.aspx?s=1540&alg=12","https://www.mshsaa.org/MySchool/Tournament.aspx?s=1540&alg=12&tournament=572820"
"1540","Capital City High School","Football","19","Varsity","10/16","7:00 pm","","Camdenton","away","https://www.mshsaa.org/MySchool/Schedule.aspx?s=1540&alg=19","https://www.mshsaa.org/MySchool/Matchup.aspx?s=1540&alg=19&comp=2622662"
"1540","Capital City High School","Speech and Debate","41","Varsity","10/16-17","","","Tiger Talk Kick Off","tournament","https://www.mshsaa.org/MySchool/Schedule.aspx?s=1540&alg=41","https://www.mshsaa.org/MySchool/Tournament.aspx?s=1540&alg=41&tournament=584642"
"53","Centralia High School","Football","19","Varsity","10/16","7:00 pm","","Palmyra","away","https://www.mshsaa.org/MySchool/Schedule.aspx?s=53&alg=19","https://www.mshsaa.org/MySchool/Matchup.aspx?s=53&alg=19&comp=2584459"
"1099","Christian Fellowship","Soccer Boys","33","Varsity","10/16","6:00 pm","","Barstow","home","https://www.mshsaa.org/MySchool/Schedule.aspx?s=1099&alg=33","https://www.mshsaa.org/MySchool/Matchup.aspx?s=1099&alg=33&comp=2720962"
"278","Eldon High School","Football","19","Varsity","10/16","7:00 pm","","Blair Oaks","home","https://www.mshsaa.org/MySchool/Schedule.aspx?s=278&alg=19","https://www.mshsaa.org/MySchool/Matchup.aspx?s=278&alg=19&comp=2628613"
"917","Father Tolton","Football","19","Varsity","10/16","7:00 pm","","Hayti","away","https://www.mshsaa.org/MySchool/Schedule.aspx?s=917&alg=19","https://www.mshsaa.org/MySchool/Matchup.aspx?s=917&alg=19&comp=2621736"
"294","Fayette High School","Football","19","Varsity","10/16","7:00 pm","","South Callaway","away","https://www.mshsaa.org/MySchool/Schedule.aspx?s=294&alg=19","https://www.mshsaa.org/MySchool/Matchup.aspx?s=294&alg=19&comp=2644964"
"80","Fulton High School","Football","19","Varsity","10/16","7:00 pm","","California","home","https://www.mshsaa.org/MySchool/Schedule.aspx?s=80&alg=19","https://www.mshsaa.org/MySchool/Matchup.aspx?s=80&alg=19&comp=2589278"
"302","Glasgow High School","Cross Country Boys","11","Varsity","10/16","","","Monroe City HSXC Invite","tournament","https://www.mshsaa.org/MySchool/Schedule.aspx?s=302&alg=11","https://www.mshsaa.org/MySchool/Tournament.aspx?s=302&alg=11&tournament=582472"
"302","Glasgow High School","Cross Country Girls","12","Varsity","10/16","","","Monroe City HSXC Invite","tournament","https://www.mshsaa.org/MySchool/Schedule.aspx?s=302&alg=12","https://www.mshsaa.org/MySchool/Tournament.aspx?s=302&alg=12&tournament=582471"
"311","Hallsville High School","Football","19","Varsity","10/16","7:00 pm","","Southern Boone","home","https://www.mshsaa.org/MySchool/Schedule.aspx?s=311&alg=19","https://www.mshsaa.org/MySchool/Matchup.aspx?s=311&alg=19&comp=2589272"
"311","Hallsville High School","Soccer Boys","33","Varsity","10/16","6:00 pm","","Barstow","home","https://www.mshsaa.org/MySchool/Schedule.aspx?s=311&alg=33","https://www.mshsaa.org/MySchool/Matchup.aspx?s=311&alg=33&comp=2720962"
"313","Harrisburg High School","Football","19","Varsity","10/16","7:00 pm","","Russellville","home","https://www.mshsaa.org/MySchool/Schedule.aspx?s=313&alg=19","https://www.mshsaa.org/MySchool/Matchup.aspx?s=313&alg=19&comp=2633499"
"522","Helias High School","Cross Country Boys","11","Varsity","10/16","8:00 am","","CMAC Conference Meet","tournament","https://www.mshsaa.org/MySchool/Schedule.aspx?s=522&alg=11","https://www.mshsaa.org/MySchool/Tournament.aspx?s=522&alg=11&tournament=544816"
"522","Helias High School","Cross Country Girls","12","Varsity","10/16","8:00 am","","CMAC Conference Meet","tournament","https://www.mshsaa.org/MySchool/Schedule.aspx?s=522&alg=12","https://www.mshsaa.org/MySchool/Tournament.aspx?s=522&alg=12&tournament=544825"
"85","Hickman High School","Cross Country Boys","11","Varsity","10/16","","","CMAC Meet","tournament","https://www.mshsaa.org/MySchool/Schedule.aspx?s=85&alg=11","https://www.mshsaa.org/MySchool/Tournament.aspx?s=85&alg=11&tournament=587515"
"85","Hickman High School","Cross Country Girls","12","Varsity","10/16","","","CMAC Meet","tournament","https://www.mshsaa.org/MySchool/Schedule.aspx?s=85&alg=12","https://www.mshsaa.org/MySchool/Tournament.aspx?s=85&alg=12&tournament=587602"
"85","Hickman High School","Football","19","Varsity","10/16","7:00 pm","","Rock Bridge","away","https://www.mshsaa.org/MySchool/Schedule.aspx?s=85&alg=19","https://www.mshsaa.org/MySchool/Matchup.aspx?s=85&alg=19&comp=2646533"
"85","Hickman High School","Swimming and Diving Boys","44","Varsity","10/16","4:30 pm","","BlueMO Invite- Diving","tournament","https://www.mshsaa.org/MySchool/Schedule.aspx?s=85&alg=44","https://www.mshsaa.org/MySchool/Tournament.aspx?s=85&alg=44&tournament=592808"
"84","Jefferson City High School","Cross Country Boys","11","Varsity","10/16","","","CMAC Conference Meet","tournament","https://www.mshsaa.org/MySchool/Schedule.aspx?s=84&alg=11","https://www.mshsaa.org/MySchool/Tournament.aspx?s=84&alg=11&tournament=540381"
"84","Jefferson City High School","Cross Country Girls","12","Varsity","10/16","","","CMAC Conference Meet","tournament","https://www.mshsaa.org/MySchool/Schedule.aspx?s=84&alg=12","https://www.mshsaa.org/MySchool/Tournament.aspx?s=84&alg=12&tournament=566509"
"84","Jefferson City High School","Football","19","Varsity","10/16","7:00 pm","","Battle","home","https://www.mshsaa.org/MySchool/Schedule.aspx?s=84&alg=19","https://www.mshsaa.org/MySchool/Matchup.aspx?s=84&alg=19&comp=2560887"
"360","Marshall High School","Football","19","Varsity","10/16","7:00 pm","","Rolla","home","https://www.mshsaa.org/MySchool/Schedule.aspx?s=360&alg=19","https://www.mshsaa.org/MySchool/Matchup.aspx?s=360&alg=19&comp=2617915"
"360","Marshall High School","Speech and Debate","41","Varsity","10/16-17","","","Debate - Columbia","tournament","https://www.mshsaa.org/MySchool/Schedule.aspx?s=360&alg=41","https://www.mshsaa.org/MySchool/Tournament.aspx?s=360&alg=41&tournament=593080"
"128","Mexico High School","Football","19","Varsity","10/16","7:00 pm","","Bowling Green","away","https://www.mshsaa.org/MySchool/Schedule.aspx?s=128&alg=19","https://www.mshsaa.org/MySchool/Matchup.aspx?s=128&alg=19&comp=2586280"
"569","Missouri Military Academy","Football","19","Varsity","10/16","7:00 pm","","Doniphan","away","https://www.mshsaa.org/MySchool/Schedule.aspx?s=569&alg=19","https://www.mshsaa.org/MySchool/Matchup.aspx?s=569&alg=19&comp=2600476"
"132","Moberly High School","Football","19","Varsity","10/16","7:00 pm","","Chillicothe","away","https://www.mshsaa.org/MySchool/Schedule.aspx?s=132&alg=19","https://www.mshsaa.org/MySchool/Matchup.aspx?s=132&alg=19&comp=2663294"
"139","North Callaway High School","Football","19","Varsity","10/16","7:00 pm","","Van-Far","home","https://www.mshsaa.org/MySchool/Schedule.aspx?s=139&alg=19","https://www.mshsaa.org/MySchool/Matchup.aspx?s=139&alg=19&comp=2591224"
"152","Osage High School","Football","19","Varsity","10/16","7:00 pm","","Boonville","home","https://www.mshsaa.org/MySchool/Schedule.aspx?s=152&alg=19","https://www.mshsaa.org/MySchool/Matchup.aspx?s=152&alg=19&comp=2519000"
"578","Rock Bridge High School","Cross Country Boys","11","Varsity","10/16","","","CMAC Conference Meet","tournament","https://www.mshsaa.org/MySchool/Schedule.aspx?s=578&alg=11","https://www.mshsaa.org/MySchool/Tournament.aspx?s=578&alg=11&tournament=596590"
"578","Rock Bridge High School","Cross Country Girls","12","Varsity","10/16","","","CMAC Conference Meet","tournament","https://www.mshsaa.org/MySchool/Schedule.aspx?s=578&alg=12","https://www.mshsaa.org/MySchool/Tournament.aspx?s=578&alg=12&tournament=596604"
"578","Rock Bridge High School","Football","19","Varsity","10/16","7:00 pm","","Hickman","home","https://www.mshsaa.org/MySchool/Schedule.aspx?s=578&alg=19","https://www.mshsaa.org/MySchool/Matchup.aspx?s=578&alg=19&comp=2673274"
"430","Russellville High School","Football","19","Varsity","10/16","7:00 pm","","Harrisburg","away","https://www.mshsaa.org/MySchool/Schedule.aspx?s=430&alg=19","https://www.mshsaa.org/MySchool/Matchup.aspx?s=430&alg=19&comp=2633145"
"431","Salisbury High School","Football","19","Varsity","10/16","7:00 pm","","Crest Ridge with Chilhowee","home","https://www.mshsaa.org/MySchool/Schedule.aspx?s=431&alg=19","https://www.mshsaa.org/MySchool/Matchup.aspx?s=431&alg=19&comp=2661511"
"194","Smith-Cotton High School","Cross Country Boys","11","Varsity","10/16","","","CMAC Championship","tournament","https://www.mshsaa.org/MySchool/Schedule.aspx?s=194&alg=11","https://www.mshsaa.org/MySchool/Tournament.aspx?s=194&alg=11&tournament=556798"
"194","Smith-Cotton High School","Cross Country Girls","12","Varsity","10/16","","","CMAC Championship","tournament","https://www.mshsaa.org/MySchool/Schedule.aspx?s=194&alg=12","https://www.mshsaa.org/MySchool/Tournament.aspx?s=194&alg=12&tournament=558629"
"197","South Callaway High School","Football","19","Varsity","10/16","7:00 pm","","Fayette","home","https://www.mshsaa.org/MySchool/Schedule.aspx?s=197&alg=19","https://www.mshsaa.org/MySchool/Matchup.aspx?s=197&alg=19&comp=2639317"
"2","Southern Boone High School","Football","19","Varsity","10/16","7:00 pm","","Hallsville","away","https://www.mshsaa.org/MySchool/Schedule.aspx?s=2&alg=19","https://www.mshsaa.org/MySchool/Matchup.aspx?s=2&alg=19&comp=2599050"
"474","Tipton High School","Football","19","Varsity","10/16","7:00 pm","","Linn","away","https://www.mshsaa.org/MySchool/Schedule.aspx?s=474&alg=19","https://www.mshsaa.org/MySchool/Matchup.aspx?s=474&alg=19&comp=2633254"
"485","Versailles High School","Football","19","Varsity","10/16","7:00 pm","","Butler","home","https://www.mshsaa.org/MySchool/Schedule.aspx?s=485&alg=19","https://www.mshsaa.org/MySchool/Matchup.aspx?s=485&alg=19&comp=2495083"
"953","Battle High School","Swimming and Diving Boys","44","Varsity","10/17","","","Tiger Invitational","tournament","https://www.mshsaa.org/MySchool/Schedule.aspx?s=953&alg=44","https://www.mshsaa.org/MySchool/Tournament.aspx?s=953&alg=44&tournament=589115"
"16","Boonville High School","Soccer Boys","33","Varsity","10/17","","","Stover Classic","tournament","https://www.mshsaa.org/MySchool/Schedule.aspx?s=16&alg=33","https://www.mshsaa.org/MySchool/Tournament.aspx?s=16&alg=33&tournament=566447"
"26","Camdenton High School","Swimming and Diving Boys","44","Varsity","10/17","","","Tiger Invitational","tournament","https://www.mshsaa.org/MySchool/Schedule.aspx?s=26&alg=44","https://www.mshsaa.org/MySchool/Tournament.aspx?s=26&alg=44&tournament=590445"
"1540","Capital City High School","Swimming and Diving Boys","44","Varsity","10/17","","","Tiger Invitational","tournament","https://www.mshsaa.org/MySchool/Schedule.aspx?s=1540&alg=44","https://www.mshsaa.org/MySchool/Tournament.aspx?s=1540&alg=44&tournament=563829"
"53","Centralia High School","Volleyball Girls","57","Varsity","10/17","","","Eugene Invitational","tournament","https://www.mshsaa.org/MySchool/Schedule.aspx?s=53&alg=57","https://www.mshsaa.org/MySchool/Tournament.aspx?s=53&alg=57&tournament=552323"
"1099","Christian Fellowship","Swimming and Diving Boys","44","Varsity","10/17","","","Tiger Invitational","tournament","https://www.mshsaa.org/MySchool/Schedule.aspx?s=1099&alg=44","https://www.mshsaa.org/MySchool/Tournament.aspx?s=1099&alg=44&tournament=594249"
"566","Columbia Independent","Swimming and Diving Boys","44","Varsity","10/17","","","Tiger Invitational","tournament","https://www.mshsaa.org/MySchool/Schedule.aspx?s=566&alg=44","https://www.mshsaa.org/MySchool/Tournament.aspx?s=566&alg=44&tournament=594249"
"566","Columbia Independent","Volleyball Girls","57","Varsity","10/17","","","Eugene Invitational","tournament","https://www.mshsaa.org/MySchool/Schedule.aspx?s=566&alg=57","https://www.mshsaa.org/MySchool/Tournament.aspx?s=566&alg=57&tournament=551887"
"917","Father Tolton","Soccer Boys","33","Varsity","10/17","1:00 pm","","Barstow","home","https://www.mshsaa.org/MySchool/Schedule.aspx?s=917&alg=33","https://www.mshsaa.org/MySchool/Matchup.aspx?s=917&alg=33&comp=2665275"
"917","Father Tolton","Swimming and Diving Boys","44","Varsity","10/17","","","Tiger Invitational","tournament","https://www.mshsaa.org/MySchool/Schedule.aspx?s=917&alg=44","https://www.mshsaa.org/MySchool/Tournament.aspx?s=917&alg=44&tournament=589115"
"80","Fulton High School","Volleyball Girls","57","Varsity","10/17","","","Versailles Invitational Tournament","tournament","https://www.mshsaa.org/MySchool/Schedule.aspx?s=80&alg=57","https://www.mshsaa.org/MySchool/Tournament.aspx?s=80&alg=57&tournament=548114"
"302","Glasgow High School","Cross Country Boys","11","Varsity","10/17","","","Sturgeon Scorcher","tournament","https://www.mshsaa.org/MySchool/Schedule.aspx?s=302&alg=11","https://www.mshsaa.org/MySchool/Tournament.aspx?s=302&alg=11&tournament=591218"
"302","Glasgow High School","Cross Country Girls","12","Varsity","10/17","","","Sturgeon Scorcher","tournament","https://www.mshsaa.org/MySchool/Schedule.aspx?s=302&alg=12","https://www.mshsaa.org/MySchool/Tournament.aspx?s=302&alg=12&tournament=591219"
"311","Hallsville High School","Volleyball Girls","57","Varsity","10/17","","","Versailles Invitational Tournament","tournament","https://www.mshsaa.org/MySchool/Schedule.aspx?s=311&alg=57","https://www.mshsaa.org/MySchool/Tournament.aspx?s=311&alg=57&tournament=551869"
"313","Harrisburg High School","Cross Country Boys","11","Varsity","10/17","","","Smithton Pumpkin Invite","tournament","https://www.mshsaa.org/MySchool/Schedule.aspx?s=313&alg=11","https://www.mshsaa.org/MySchool/Tournament.aspx?s=313&alg=11&tournament=580834"
"313","Harrisburg High School","Cross Country Girls","12","Varsity","10/17","","","Smithton Pumpkin Invite","tournament","https://www.mshsaa.org/MySchool/Schedule.aspx?s=313&alg=12","https://www.mshsaa.org/MySchool/Tournament.aspx?s=313&alg=12&tournament=580841"
"522","Helias High School","Football","19","Varsity","10/17","7:00 pm","","Smith-Cotton","home","https://www.mshsaa.org/MySchool/Schedule.aspx?s=522&alg=19","https://www.mshsaa.org/MySchool/Matchup.aspx?s=522&alg=19&comp=2646648"
"85","Hickman High School","Soccer Boys","33","Varsity","10/17","2:00 pm","","Moberly","away","https://www.mshsaa.org/MySchool/Schedule.aspx?s=85&alg=33","https://www.mshsaa.org/MySchool/Matchup.aspx?s=85&alg=33&comp=2787138"
"85","Hickman High School","Swimming and Diving Boys","44","Varsity","10/17","10:00 am","","BlueMo Invite-Swimming","tournament","https://www.mshsaa.org/MySchool/Schedule.aspx?s=85&alg=44","https://www.mshsaa.org/MySchool/Tournament.aspx?s=85&alg=44&tournament=592809"
"317","Higbee High School","Cross Country Girls","12","Varsity","10/17","","","Sturgeon Scorcher","tournament","https://www.mshsaa.org/MySchool/Schedule.aspx?s=317&alg=12","https://www.mshsaa.org/MySchool/Tournament.aspx?s=317&alg=12&tournament=589107"
"84","Jefferson City High School","Swimming and Diving Boys","44","Varsity","10/17","","","Tiger Invitational","tournament","https://www.mshsaa.org/MySchool/Schedule.aspx?s=84&alg=44","https://www.mshsaa.org/MySchool/Tournament.aspx?s=84&alg=44&tournament=593352"
"360","Marshall High School","Cross Country Boys","11","Varsity","10/17","","","NCMC Cross Country","tournament","https://www.mshsaa.org/MySchool/Schedule.aspx?s=360&alg=11","https://www.mshsaa.org/MySchool/Tournament.aspx?s=360&alg=11&tournament=563996"
"360","Marshall High School","Cross Country Girls","12","Varsity","10/17","","","NCMC Cross Country","tournament","https://www.mshsaa.org/MySchool/Schedule.aspx?s=360&alg=12","https://www.mshsaa.org/MySchool/Tournament.aspx?s=360&alg=12&tournament=584473"
"360","Marshall High School","Swimming and Diving Boys","44","Varsity","10/17","","","Tiger Invitational","tournament","https://www.mshsaa.org/MySchool/Schedule.aspx?s=360&alg=44","https://www.mshsaa.org/MySchool/Tournament.aspx?s=360&alg=44&tournament=575920"
"569","Missouri Military Academy","Cross Country Boys","11","Varsity","10/17","","","Sturgeon Scorcher","tournament","https://www.mshsaa.org/MySchool/Schedule.aspx?s=569&alg=11","https://www.mshsaa.org/MySchool/Tournament.aspx?s=569&alg=11&tournament=589573"
"569","Missouri Military Academy","Swimming and Diving Boys","44","Varsity","10/17","","","Tiger Invitational","tournament","https://www.mshsaa.org/MySchool/Schedule.aspx?s=569&alg=44","https://www.mshsaa.org/MySchool/Tournament.aspx?s=569&alg=44&tournament=576034"
"132","Moberly High School","Cross Country Boys","11","Varsity","10/17","","","Frank Lemons Invitational","tournament","https://www.mshsaa.org/MySchool/Schedule.aspx?s=132&alg=11","https://www.mshsaa.org/MySchool/Tournament.aspx?s=132&alg=11&tournament=583467"
"132","Moberly High School","Cross Country Girls","12","Varsity","10/17","","","Frank Lemons Invitational","tournament","https://www.mshsaa.org/MySchool/Schedule.aspx?s=132&alg=12","https://www.mshsaa.org/MySchool/Tournament.aspx?s=132&alg=12&tournament=585355"
"132","Moberly High School","Soccer Boys","33","Varsity","10/17","2:00 pm","","Hickman","home","https://www.mshsaa.org/MySchool/Schedule.aspx?s=132&alg=33","https://www.mshsaa.org/MySchool/Matchup.aspx?s=132&alg=33&comp=2786807"
"139","North Callaway High School","Cross Country Boys","11","Varsity","10/17","","","EMO Conference Meet","tournament","https://www.mshsaa.org/MySchool/Schedule.aspx?s=139&alg=11","https://www.mshsaa.org/MySchool/Tournament.aspx?s=139&alg=11&tournament=552837"
"139","North Callaway High School","Cross Country Girls","12","Varsity","10/17","","","EMO Conference Meet","tournament","https://www.mshsaa.org/MySchool/Schedule.aspx?s=139&alg=12","https://www.mshsaa.org/MySchool/Tournament.aspx?s=139&alg=12&tournament=552843"
"152","Osage High School","Volleyball Girls","57","Varsity","10/17","","","Versailles Invitational Tournament","tournament","https://www.mshsaa.org/MySchool/Schedule.aspx?s=152&alg=57","https://www.mshsaa.org/MySchool/Tournament.aspx?s=152&alg=57&tournament=551842"
"578","Rock Bridge High School","Soccer Boys","33","Varsity","10/17","11:45 am","","Marquette","away","https://www.mshsaa.org/MySchool/Schedule.aspx?s=578&alg=33","https://www.mshsaa.org/MySchool/Matchup.aspx?s=578&alg=33&comp=2743252"
"430","Russellville High School","Cross Country Boys","11","Varsity","10/17","","","Smithton Pumpkin Run","tournament","https://www.mshsaa.org/MySchool/Schedule.aspx?s=430&alg=11","https://www.mshsaa.org/MySchool/Tournament.aspx?s=430&alg=11&tournament=594500"
"430","Russellville High School","Volleyball Girls","57","Varsity","10/17","","","Eugene Invitational","tournament","https://www.mshsaa.org/MySchool/Schedule.aspx?s=430&alg=57","https://www.mshsaa.org/MySchool/Tournament.aspx?s=430&alg=57&tournament=541506"
"194","Smith-Cotton High School","Football","19","Varsity","10/17","7:00 pm","","Helias Catholic","away","https://www.mshsaa.org/MySchool/Schedule.aspx?s=194&alg=19","https://www.mshsaa.org/MySchool/Matchup.aspx?s=194&alg=19&comp=2690157"
"194","Smith-Cotton High School","Swimming and Diving Boys","44","Varsity","10/17","","","Tiger Invitational","tournament","https://www.mshsaa.org/MySchool/Schedule.aspx?s=194&alg=44","https://www.mshsaa.org/MySchool/Tournament.aspx?s=194&alg=44&tournament=575869"
"197","South Callaway High School","Cross Country Boys","11","Varsity","10/17","9:00 am","","Smithton","away","https://www.mshsaa.org/MySchool/Schedule.aspx?s=197&alg=11","https://www.mshsaa.org/MySchool/Matchup.aspx?s=197&alg=11&comp=2726986"
"197","South Callaway High School","Cross Country Girls","12","Varsity","10/17","9:00 am","","Smithton","away","https://www.mshsaa.org/MySchool/Schedule.aspx?s=197&alg=12","https://www.mshsaa.org/MySchool/Matchup.aspx?s=197&alg=12&comp=2726986"
"474","Tipton High School","Volleyball Girls","57","Varsity","10/17","","","Versailles Invitational Tournament","tournament","https://www.mshsaa.org/MySchool/Schedule.aspx?s=474&alg=57","https://www.mshsaa.org/MySchool/Tournament.aspx?s=474&alg=57&tournament=546492"
"485","Versailles High School","Volleyball Girls","57","Varsity","10/17","","","Versailles Invitational Tournament","tournament","https://www.mshsaa.org/MySchool/Schedule.aspx?s=485&alg=57","https://www.mshsaa.org/MySchool/Tournament.aspx?s=485&alg=57&tournament=548429"
"26","Camdenton High School","Soccer Boys","33","Varsity","10/19","5:00 pm","","Father Tolton","home","https://www.mshsaa.org/MySchool/Schedule.aspx?s=26&alg=33","https://www.mshsaa.org/MySchool/Matchup.aspx?s=26&alg=33&comp=2715184"
"1099","Christian Fellowship","Soccer Boys","33","Varsity","10/19","7:00 pm","","Green Ridge with Cole Camp","away","https://www.mshsaa.org/MySchool/Schedule.aspx?s=1099&alg=33","https://www.mshsaa.org/MySchool/Matchup.aspx?s=1099&alg=33&comp=2667301"
"278","Eldon High School","Golf Girls","24","Varsity","10/19-20","","","State Tournament","tournament","https://www.mshsaa.org/MySchool/Schedule.aspx?s=278&alg=24","https://www.mshsaa.org/MySchool/Tournament.aspx?s=278&alg=24&tournament=545007"
"278","Eldon High School","Volleyball Girls","57","Varsity","10/19","6:30 pm","","Helias Catholic","home","https://www.mshsaa.org/MySchool/Schedule.aspx?s=278&alg=57","https://www.mshsaa.org/MySchool/Matchup.aspx?s=278&alg=57&comp=2623033"
"917","Father Tolton","Soccer Boys","33","Varsity","10/19","5:00 pm","","Camdenton","away","https://www.mshsaa.org/MySchool/Schedule.aspx?s=917&alg=33","https://www.mshsaa.org/MySchool/Matchup.aspx?s=917&alg=33&comp=2665269"
"917","Father Tolton","Volleyball Girls","57","Varsity","10/19","7:30 pm","","Southern Boone","home","https://www.mshsaa.org/MySchool/Schedule.aspx?s=917&alg=57","https://www.mshsaa.org/MySchool/Matchup.aspx?s=917&alg=57&comp=2695471"
"294","Fayette High School","Cross Country Boys","11","Varsity","10/19","","","Robert Kelsay Invitational-Salisbury","tournament","https://www.mshsaa.org/MySchool/Schedule.aspx?s=294&alg=11","https://www.mshsaa.org/MySchool/Tournament.aspx?s=294&alg=11&tournament=592254"
"80","Fulton High School","Golf Girls","24","Varsity","10/19","","","MSHSAA State Championships","tournament","https://www.mshsaa.org/MySchool/Schedule.aspx?s=80&alg=24","https://www.mshsaa.org/MySchool/Tournament.aspx?s=80&alg=24&tournament=579528"
"80","Fulton High School","Soccer Boys","33","Varsity","10/19","5:00 pm","","Smithton","home","https://www.mshsaa.org/MySchool/Schedule.aspx?s=80&alg=33","https://www.mshsaa.org/MySchool/Matchup.aspx?s=80&alg=33&comp=2758505"
"302","Glasgow High School","Cross Country Boys","11","Varsity","10/19","","","Robert Kelsay Invitational-Salisbury","tournament","https://www.mshsaa.org/MySchool/Schedule.aspx?s=302&alg=11","https://www.mshsaa.org/MySchool/Tournament.aspx?s=302&alg=11&tournament=593335"
"302","Glasgow High School","Cross Country Girls","12","Varsity","10/19","","","Robert Kelsay Invitational-Salisbury","tournament","https://www.mshsaa.org/MySchool/Schedule.aspx?s=302&alg=12","https://www.mshsaa.org/MySchool/Tournament.aspx?s=302&alg=12&tournament=593334"
"311","Hallsville High School","Cross Country Boys","11","Varsity","10/19","","","Robert Kelsay Invitational-Salisbury","tournament","https://www.mshsaa.org/MySchool/Schedule.aspx?s=311&alg=11","https://www.mshsaa.org/MySchool/Tournament.aspx?s=311&alg=11&tournament=593441"
"311","Hallsville High School","Cross Country Girls","12","Varsity","10/19","","","Robert Kelsay Invitational-Salisbury","tournament","https://www.mshsaa.org/MySchool/Schedule.aspx?s=311&alg=12","https://www.mshsaa.org/MySchool/Tournament.aspx?s=311&alg=12&tournament=593440"
"311","Hallsville High School","Soccer Boys","33","Varsity","10/19","7:00 pm","","Green Ridge with Cole Camp","away","https://www.mshsaa.org/MySchool/Schedule.aspx?s=311&alg=33","https://www.mshsaa.org/MySchool/Matchup.aspx?s=311&alg=33&comp=2667301"
"522","Helias High School","Soccer Boys","33","Varsity","10/19","6:45 pm","","Osage","away","https://www.mshsaa.org/MySchool/Schedule.aspx?s=522&alg=33","https://www.mshsaa.org/MySchool/Matchup.aspx?s=522&alg=33&comp=2677239"
"522","Helias High School","Volleyball Girls","57","Varsity","10/19","6:30 pm","","Eldon","away","https://www.mshsaa.org/MySchool/Schedule.aspx?s=522&alg=57","https://www.mshsaa.org/MySchool/Matchup.aspx?s=522&alg=57&comp=2640997"
"85","Hickman High School","Volleyball Girls","57","Varsity","10/19","7:00 pm","","Rock Bridge","away","https://www.mshsaa.org/MySchool/Schedule.aspx?s=85&alg=57","https://www.mshsaa.org/MySchool/Matchup.aspx?s=85&alg=57&comp=2744139"
"317","Higbee High School","Cross Country Girls","12","Varsity","10/19","","","Robert Kelsay Invitational-Salisbury","tournament","https://www.mshsaa.org/MySchool/Schedule.aspx?s=317&alg=12","https://www.mshsaa.org/MySchool/Tournament.aspx?s=317&alg=12&tournament=594303"
"128","Mexico High School","Soccer Boys","33","Varsity","10/19","6:45 pm","","Moberly","away","https://www.mshsaa.org/MySchool/Schedule.aspx?s=128&alg=33","https://www.mshsaa.org/MySchool/Matchup.aspx?s=128&alg=33&comp=2762038"
"132","Moberly High School","Soccer Boys","33","Varsity","10/19","6:45 pm","","Mexico","home","https://www.mshsaa.org/MySchool/Schedule.aspx?s=132&alg=33","https://www.mshsaa.org/MySchool/Matchup.aspx?s=132&alg=33&comp=2762094"
"152","Osage High School","Soccer Boys","33","Varsity","10/19","6:45 pm","","Helias Catholic","home","https://www.mshsaa.org/MySchool/Schedule.aspx?s=152&alg=33","https://www.mshsaa.org/MySchool/Matchup.aspx?s=152&alg=33&comp=2677209"
"578","Rock Bridge High School","Volleyball Girls","57","Varsity","10/19","7:00 pm","","Hickman","home","https://www.mshsaa.org/MySchool/Schedule.aspx?s=578&alg=57","https://www.mshsaa.org/MySchool/Matchup.aspx?s=578&alg=57&comp=2743486"
"430","Russellville High School","Volleyball Girls","57","Varsity","10/19","6:00 pm","","Otterville","away","https://www.mshsaa.org/MySchool/Schedule.aspx?s=430&alg=57","https://www.mshsaa.org/MySchool/Matchup.aspx?s=430&alg=57&comp=2612896"
"431","Salisbury High School","Cross Country Boys","11","Varsity","10/19","4:30 pm","","Robert Kelsay Invitational-Salisbury","tournament","https://www.mshsaa.org/MySchool/Schedule.aspx?s=431&alg=11","https://www.mshsaa.org/MySchool/Tournament.aspx?s=431&alg=11&tournament=545827"
"431","Salisbury High School","Cross Country Girls","12","Varsity","10/19","4:30 pm","","Robert Kelsay Invitational-Salisbury","tournament","https://www.mshsaa.org/MySchool/Schedule.aspx?s=431&alg=12","https://www.mshsaa.org/MySchool/Tournament.aspx?s=431&alg=12&tournament=545837"
"2","Southern Boone High School","Volleyball Girls","57","Varsity","10/19","7:30 pm","","Father Tolton","away","https://www.mshsaa.org/MySchool/Schedule.aspx?s=2&alg=57","https://www.mshsaa.org/MySchool/Matchup.aspx?s=2&alg=57&comp=2653895"
"953","Battle High School","Soccer Boys","33","Varsity","10/20","6:30 pm","","Smith-Cotton","away","https://www.mshsaa.org/MySchool/Schedule.aspx?s=953&alg=33","https://www.mshsaa.org/MySchool/Matchup.aspx?s=953&alg=33&comp=2722350"
"953","Battle High School","Tennis Girls","49","Varsity","10/20-29","","","Class 2 State Team Tournament","tournament","https://www.mshsaa.org/MySchool/Schedule.aspx?s=953&alg=49","https://www.mshsaa.org/Activities/DistrictWinners.aspx?alg=49&class=2&year=2026"
"16","Boonville High School","Cross Country Boys","11","Varsity","10/20","","","Mexico Autumn Classic - Boonville, Centralia, Clark County, Eldon, Helias, Kirksville, Marion County, MMA, Moberly, St. Dominic","tournament","https://www.mshsaa.org/MySchool/Schedule.aspx?s=16&alg=11","https://www.mshsaa.org/MySchool/Tournament.aspx?s=16&alg=11&tournament=592324"
"16","Boonville High School","Cross Country Girls","12","Varsity","10/20","","","Mexico Autumn Classic - Boonville, Centralia, Clark County, Eldon, Helias, Kirksville, Marion County, MMA, Moberly, St. Dominic","tournament","https://www.mshsaa.org/MySchool/Schedule.aspx?s=16&alg=12","https://www.mshsaa.org/MySchool/Tournament.aspx?s=16&alg=12&tournament=592328"
"16","Boonville High School","Tennis Girls","49","Varsity","10/20-30","","","Class 1 State Team Tournament","tournament","https://www.mshsaa.org/MySchool/Schedule.aspx?s=16&alg=49","https://www.mshsaa.org/Activities/DistrictWinners.aspx?alg=49&class=1&year=2026"
"26","Camdenton High School","Soccer Boys","33","Varsity","10/20","7:00 pm","","Jefferson City","home","https://www.mshsaa.org/MySchool/Schedule.aspx?s=26&alg=33","https://www.mshsaa.org/MySchool/Matchup.aspx?s=26&alg=33&comp=2777696"
"26","Camdenton High School","Tennis Girls","49","Varsity","10/20-29","","","Class 2 State Team Tournament","tournament","https://www.mshsaa.org/MySchool/Schedule.aspx?s=26&alg=49","https://www.mshsaa.org/Activities/DistrictWinners.aspx?alg=49&class=2&year=2026"
"1540","Capital City High School","Soccer Boys","33","Varsity","10/20","6:30 pm","","Hickman","home","https://www.mshsaa.org/MySchool/Schedule.aspx?s=1540&alg=33","https://www.mshsaa.org/MySchool/Matchup.aspx?s=1540&alg=33&comp=2662539"
"1540","Capital City High School","Tennis Girls","49","Varsity","10/20-29","","","Class 2 State Team Tournament","tournament","https://www.mshsaa.org/MySchool/Schedule.aspx?s=1540&alg=49","https://www.mshsaa.org/Activities/DistrictWinners.aspx?alg=49&class=2&year=2026"
"566","Columbia Independent","Soccer Boys","33","Varsity","10/20","6:30 pm","","Smith-Cotton","away","https://www.mshsaa.org/MySchool/Schedule.aspx?s=566&alg=33","https://www.mshsaa.org/MySchool/Matchup.aspx?s=566&alg=33&comp=2722350"
"566","Columbia Independent","Tennis Girls","49","Varsity","10/20-30","","","Class 1 State Team Tournament","tournament","https://www.mshsaa.org/MySchool/Schedule.aspx?s=566&alg=49","https://www.mshsaa.org/Activities/DistrictWinners.aspx?alg=49&class=1&year=2026"
"278","Eldon High School","Cross Country Boys","11","Varsity","10/20","","","Mexico Autumn Classic - Boonville, Centralia, Clark County, Eldon, Helias, Kirksville, Marion County, MMA, Moberly, St. Dominic","tournament","https://www.mshsaa.org/MySchool/Schedule.aspx?s=278&alg=11","https://www.mshsaa.org/MySchool/Tournament.aspx?s=278&alg=11&tournament=544988"
"278","Eldon High School","Cross Country Girls","12","Varsity","10/20","","","Mexico Autumn Classic","tournament","https://www.mshsaa.org/MySchool/Schedule.aspx?s=278&alg=12","https://www.mshsaa.org/MySchool/Tournament.aspx?s=278&alg=12&tournament=544997"
"917","Father Tolton","Tennis Girls","49","Varsity","10/20-30","","","Class 3 State Team Tournament","tournament","https://www.mshsaa.org/MySchool/Schedule.aspx?s=917&alg=49","https://www.mshsaa.org/Activities/DistrictWinners.aspx?alg=49&class=3&year=2026"
"80","Fulton High School","Soccer Boys","33","Varsity","10/20","5:00 pm","","Winfield","home","https://www.mshsaa.org/MySchool/Schedule.aspx?s=80&alg=33","https://www.mshsaa.org/MySchool/Matchup.aspx?s=80&alg=33&comp=2647640"
"80","Fulton High School","Tennis Girls","49","Varsity","10/20-30","","","Class 1 State Team Tournament","tournament","https://www.mshsaa.org/MySchool/Schedule.aspx?s=80&alg=49","https://www.mshsaa.org/Activities/DistrictWinners.aspx?alg=49&class=1&year=2026"
"522","Helias High School","Soccer Boys","33","Varsity","10/20","6:45 pm","","Rock Bridge","home","https://www.mshsaa.org/MySchool/Schedule.aspx?s=522&alg=33","https://www.mshsaa.org/MySchool/Matchup.aspx?s=522&alg=33&comp=2744804"
"522","Helias High School","Tennis Girls","49","Varsity","10/20-29","","","Class 2 State Team Tournament","tournament","https://www.mshsaa.org/MySchool/Schedule.aspx?s=522&alg=49","https://www.mshsaa.org/Activities/DistrictWinners.aspx?alg=49&class=2&year=2026"
"85","Hickman High School","Soccer Boys","33","Varsity","10/20","6:30 pm","","Capital City","away","https://www.mshsaa.org/MySchool/Schedule.aspx?s=85&alg=33","https://www.mshsaa.org/MySchool/Matchup.aspx?s=85&alg=33&comp=2675500"
"85","Hickman High School","Tennis Girls","49","Varsity","10/20-30","","","Class 3 State Team Tournament","tournament","https://www.mshsaa.org/MySchool/Schedule.aspx?s=85&alg=49","https://www.mshsaa.org/Activities/DistrictWinners.aspx?alg=49&class=3&year=2026"
"84","Jefferson City High School","Soccer Boys","33","Varsity","10/20","7:00 pm","","Camdenton","away","https://www.mshsaa.org/MySchool/Schedule.aspx?s=84&alg=33","https://www.mshsaa.org/MySchool/Matchup.aspx?s=84&alg=33&comp=2660278"
"84","Jefferson City High School","Tennis Girls","49","Varsity","10/20-29","","","Class 2 State Team Tournament","tournament","https://www.mshsaa.org/MySchool/Schedule.aspx?s=84&alg=49","https://www.mshsaa.org/Activities/DistrictWinners.aspx?alg=49&class=2&year=2026"
"360","Marshall High School","Cross Country Boys","11","Varsity","10/20","4:00 pm","","Mexico","away","https://www.mshsaa.org/MySchool/Schedule.aspx?s=360&alg=11","https://www.mshsaa.org/MySchool/Matchup.aspx?s=360&alg=11&comp=2785572"
"360","Marshall High School","Cross Country Girls","12","Varsity","10/20","4:00 pm","","Mexico","away","https://www.mshsaa.org/MySchool/Schedule.aspx?s=360&alg=12","https://www.mshsaa.org/MySchool/Matchup.aspx?s=360&alg=12&comp=2785572"
"360","Marshall High School","Swimming and Diving Boys","44","Varsity","10/20","","","Warrensburg","tournament","https://www.mshsaa.org/MySchool/Schedule.aspx?s=360&alg=44","https://www.mshsaa.org/MySchool/Tournament.aspx?s=360&alg=44&tournament=592977"
"360","Marshall High School","Tennis Girls","49","Varsity","10/20-30","","","Class 1 State Team Tournament","tournament","https://www.mshsaa.org/MySchool/Schedule.aspx?s=360&alg=49","https://www.mshsaa.org/Activities/DistrictWinners.aspx?alg=49&class=1&year=2026"
"128","Mexico High School","Cross Country Boys","11","Varsity","10/20","4:00 pm","","Mexico Autumn Classic - Boonville, Centralia, Clark County, Eldon, Helias, Kirksville, Marion County, MMA, Moberly, St. Dominic","tournament","https://www.mshsaa.org/MySchool/Schedule.aspx?s=128&alg=11","https://www.mshsaa.org/MySchool/Tournament.aspx?s=128&alg=11&tournament=569376"
"128","Mexico High School","Cross Country Girls","12","Varsity","10/20","4:00 pm","","Mexico Autumn Classic - Boonville, Centralia, Clark County, Eldon, Helias, Kirksville, Marion County, MMA, Moberly, St. Dominic","tournament","https://www.mshsaa.org/MySchool/Schedule.aspx?s=128&alg=12","https://www.mshsaa.org/MySchool/Tournament.aspx?s=128&alg=12&tournament=588299"
"128","Mexico High School","Soccer Boys","33","Varsity","10/20","4:30 pm","","Wright City","home","https://www.mshsaa.org/MySchool/Schedule.aspx?s=128&alg=33","https://www.mshsaa.org/MySchool/Matchup.aspx?s=128&alg=33&comp=2643192"
"128","Mexico High School","Tennis Girls","49","Varsity","10/20-30","","","Class 1 State Team Tournament","tournament","https://www.mshsaa.org/MySchool/Schedule.aspx?s=128&alg=49","https://www.mshsaa.org/Activities/DistrictWinners.aspx?alg=49&class=1&year=2026"
"569","Missouri Military Academy","Soccer Boys","33","Varsity","10/20","6:45 pm","","Ft. Zumwalt North","away","https://www.mshsaa.org/MySchool/Schedule.aspx?s=569&alg=33","https://www.mshsaa.org/MySchool/Matchup.aspx?s=569&alg=33&comp=2769441"
"132","Moberly High School","Cross Country Boys","11","Varsity","10/20","","","Mexico Autumn Classic - Boonville, Centralia, Clark County, Eldon, Helias, Kirksville, Marion County, MMA, Moberly, St. Dominic","tournament","https://www.mshsaa.org/MySchool/Schedule.aspx?s=132&alg=11","https://www.mshsaa.org/MySchool/Tournament.aspx?s=132&alg=11&tournament=584825"
"132","Moberly High School","Cross Country Girls","12","Varsity","10/20","","","Mexico Autumn Classic - Boonville, Centralia, Clark County, Eldon, Helias, Kirksville, Marion County, MMA, Moberly, St. Dominic","tournament","https://www.mshsaa.org/MySchool/Schedule.aspx?s=132&alg=12","https://www.mshsaa.org/MySchool/Tournament.aspx?s=132&alg=12&tournament=585356"
"132","Moberly High School","Tennis Girls","49","Varsity","10/20-30","","","Class 1 State Team Tournament","tournament","https://www.mshsaa.org/MySchool/Schedule.aspx?s=132&alg=49","https://www.mshsaa.org/Activities/DistrictWinners.aspx?alg=49&class=1&year=2026"
"152","Osage High School","Cross Country Boys","11","Varsity","10/20","","","Mexico Autumn Classic - Boonville, Centralia, Clark County, Eldon, Helias, Kirksville, Marion County, MMA, Moberly, St. Dominic","tournament","https://www.mshsaa.org/MySchool/Schedule.aspx?s=152&alg=11","https://www.mshsaa.org/MySchool/Tournament.aspx?s=152&alg=11&tournament=578480"
"152","Osage High School","Cross Country Girls","12","Varsity","10/20","4:00 pm","","Mexico","away","https://www.mshsaa.org/MySchool/Schedule.aspx?s=152&alg=12","https://www.mshsaa.org/MySchool/Matchup.aspx?s=152&alg=12&comp=2742678"
"152","Osage High School","Tennis Girls","49","Varsity","10/20-30","","","Class 1 State Team Tournament","tournament","https://www.mshsaa.org/MySchool/Schedule.aspx?s=152&alg=49","https://www.mshsaa.org/Activities/DistrictWinners.aspx?alg=49&class=1&year=2026"
"578","Rock Bridge High School","Soccer Boys","33","Varsity","10/20","6:45 pm","","Helias Catholic","away","https://www.mshsaa.org/MySchool/Schedule.aspx?s=578&alg=33","https://www.mshsaa.org/MySchool/Matchup.aspx?s=578&alg=33&comp=2743255"
"578","Rock Bridge High School","Tennis Girls","49","Varsity","10/20-30","","","Class 3 State Team Tournament","tournament","https://www.mshsaa.org/MySchool/Schedule.aspx?s=578&alg=49","https://www.mshsaa.org/Activities/DistrictWinners.aspx?alg=49&class=3&year=2026"
"194","Smith-Cotton High School","Soccer Boys","33","Varsity","10/20","6:30 pm","","Battle with Columbia Independent","home","https://www.mshsaa.org/MySchool/Schedule.aspx?s=194&alg=33","https://www.mshsaa.org/MySchool/Matchup.aspx?s=194&alg=33&comp=2677004"
"194","Smith-Cotton High School","Swimming and Diving Boys","44","Varsity","10/20","4:00 pm","","Warrensburg","away","https://www.mshsaa.org/MySchool/Schedule.aspx?s=194&alg=44","https://www.mshsaa.org/MySchool/Matchup.aspx?s=194&alg=44&comp=2732488"
"194","Smith-Cotton High School","Tennis Girls","49","Varsity","10/20-30","","","Class 3 State Team Tournament","tournament","https://www.mshsaa.org/MySchool/Schedule.aspx?s=194&alg=49","https://www.mshsaa.org/Activities/DistrictWinners.aspx?alg=49&class=3&year=2026"
"485","Versailles High School","Cross Country Boys","11","Varsity","10/20","","","Eldo Bulldog Meet","tournament","https://www.mshsaa.org/MySchool/Schedule.aspx?s=485&alg=11","https://www.mshsaa.org/MySchool/Tournament.aspx?s=485&alg=11&tournament=583096"
"485","Versailles High School","Cross Country Girls","12","Varsity","10/20","","","Eldo Bulldog Meet","tournament","https://www.mshsaa.org/MySchool/Schedule.aspx?s=485&alg=12","https://www.mshsaa.org/MySchool/Tournament.aspx?s=485&alg=12&tournament=583097"
"953","Battle High School","Soccer Boys","33","Varsity","10/21","6:30 pm","","Southern Boone","home","https://www.mshsaa.org/MySchool/Schedule.aspx?s=953&alg=33","https://www.mshsaa.org/MySchool/Matchup.aspx?s=953&alg=33&comp=2766226"
"566","Columbia Independent","Soccer Boys","33","Varsity","10/21","6:30 pm","","Southern Boone","home","https://www.mshsaa.org/MySchool/Schedule.aspx?s=566&alg=33","https://www.mshsaa.org/MySchool/Matchup.aspx?s=566&alg=33&comp=2766226"
"2","Southern Boone High School","Soccer Boys","33","Varsity","10/21","6:30 pm","","Battle with Columbia Independent","away","https://www.mshsaa.org/MySchool/Schedule.aspx?s=2&alg=33","https://www.mshsaa.org/MySchool/Matchup.aspx?s=2&alg=33&comp=2632904"
"953","Battle High School","Soccer Boys","33","Varsity","10/22","5:00 pm","","Missouri Military Academy","home","https://www.mshsaa.org/MySchool/Schedule.aspx?s=953&alg=33","https://www.mshsaa.org/MySchool/Matchup.aspx?s=953&alg=33&comp=2767060"
"953","Battle High School","Swimming and Diving Boys","44","Varsity","10/22","","","CMAC Championship","tournament","https://www.mshsaa.org/MySchool/Schedule.aspx?s=953&alg=44","https://www.mshsaa.org/MySchool/Tournament.aspx?s=953&alg=44&tournament=589113"
"16","Boonville High School","Soccer Boys","33","Varsity","10/22","5:00 pm","","Christian Fellowship Sr. with Hallsville","away","https://www.mshsaa.org/MySchool/Schedule.aspx?s=16&alg=33","https://www.mshsaa.org/MySchool/Matchup.aspx?s=16&alg=33&comp=2718648"
"26","Camdenton High School","Soccer Boys","33","Varsity","10/22","5:00 pm","","Hillcrest","away","https://www.mshsaa.org/MySchool/Schedule.aspx?s=26&alg=33","https://www.mshsaa.org/MySchool/Matchup.aspx?s=26&alg=33&comp=2715185"
"26","Camdenton High School","Swimming and Diving Boys","44","Varsity","10/22","","","CMAC Championship","tournament","https://www.mshsaa.org/MySchool/Schedule.aspx?s=26&alg=44","https://www.mshsaa.org/MySchool/Tournament.aspx?s=26&alg=44&tournament=590459"
"1540","Capital City High School","Soccer Boys","33","Varsity","10/22","6:45 pm","","Warrensburg","home","https://www.mshsaa.org/MySchool/Schedule.aspx?s=1540&alg=33","https://www.mshsaa.org/MySchool/Matchup.aspx?s=1540&alg=33&comp=2662540"
"1540","Capital City High School","Swimming and Diving Boys","44","Varsity","10/22","","","CMAC Championship","tournament","https://www.mshsaa.org/MySchool/Schedule.aspx?s=1540&alg=44","https://www.mshsaa.org/MySchool/Tournament.aspx?s=1540&alg=44&tournament=577162"
"1099","Christian Fellowship","Soccer Boys","33","Varsity","10/22","6:30 pm","","Boonville","home","https://www.mshsaa.org/MySchool/Schedule.aspx?s=1099&alg=33","https://www.mshsaa.org/MySchool/Matchup.aspx?s=1099&alg=33&comp=2718646"
"566","Columbia Independent","Soccer Boys","33","Varsity","10/22","5:00 pm","","Missouri Military Academy","home","https://www.mshsaa.org/MySchool/Schedule.aspx?s=566&alg=33","https://www.mshsaa.org/MySchool/Matchup.aspx?s=566&alg=33&comp=2767060"
"917","Father Tolton","Soccer Boys","33","Varsity","10/22","7:00 pm","","Marshall","home","https://www.mshsaa.org/MySchool/Schedule.aspx?s=917&alg=33","https://www.mshsaa.org/MySchool/Matchup.aspx?s=917&alg=33&comp=2665270"
"917","Father Tolton","Swimming and Diving Boys","44","Varsity","10/22","","","CMAC Championship","tournament","https://www.mshsaa.org/MySchool/Schedule.aspx?s=917&alg=44","https://www.mshsaa.org/MySchool/Tournament.aspx?s=917&alg=44&tournament=589113"
"80","Fulton High School","Soccer Boys","33","Varsity","10/22","6:45 pm","","Moberly","away","https://www.mshsaa.org/MySchool/Schedule.aspx?s=80&alg=33","https://www.mshsaa.org/MySchool/Matchup.aspx?s=80&alg=33&comp=2647580"
"311","Hallsville High School","Soccer Boys","33","Varsity","10/22","6:30 pm","","Boonville","home","https://www.mshsaa.org/MySchool/Schedule.aspx?s=311&alg=33","https://www.mshsaa.org/MySchool/Matchup.aspx?s=311&alg=33&comp=2718646"
"85","Hickman High School","Swimming and Diving Boys","44","Varsity","10/22","","","CMAC Championship","tournament","https://www.mshsaa.org/MySchool/Schedule.aspx?s=85&alg=44","https://www.mshsaa.org/MySchool/Tournament.aspx?s=85&alg=44&tournament=575876"
"84","Jefferson City High School","Swimming and Diving Boys","44","Varsity","10/22","3:30 pm","","CMAC Championship","tournament","https://www.mshsaa.org/MySchool/Schedule.aspx?s=84&alg=44","https://www.mshsaa.org/MySchool/Tournament.aspx?s=84&alg=44&tournament=593353"
"360","Marshall High School","Soccer Boys","33","Varsity","10/22","7:00 pm","","Father Tolton","away","https://www.mshsaa.org/MySchool/Schedule.aspx?s=360&alg=33","https://www.mshsaa.org/MySchool/Matchup.aspx?s=360&alg=33&comp=2661591"
"569","Missouri Military Academy","Soccer Boys","33","Varsity","10/22","5:00 pm","","Battle with Columbia Independent","away","https://www.mshsaa.org/MySchool/Schedule.aspx?s=569&alg=33","https://www.mshsaa.org/MySchool/Matchup.aspx?s=569&alg=33&comp=2767242"
"132","Moberly High School","Soccer Boys","33","Varsity","10/22","6:45 pm","","Fulton","home","https://www.mshsaa.org/MySchool/Schedule.aspx?s=132&alg=33","https://www.mshsaa.org/MySchool/Matchup.aspx?s=132&alg=33&comp=2718402"
"152","Osage High School","Soccer Boys","33","Varsity","10/22","5:30 pm","","Fatima","away","https://www.mshsaa.org/MySchool/Schedule.aspx?s=152&alg=33","https://www.mshsaa.org/MySchool/Matchup.aspx?s=152&alg=33&comp=2690313"
"578","Rock Bridge High School","Swimming and Diving Boys","44","Varsity","10/22","","","CMAC Championship","tournament","https://www.mshsaa.org/MySchool/Schedule.aspx?s=578&alg=44","https://www.mshsaa.org/MySchool/Tournament.aspx?s=578&alg=44&tournament=575875"
"194","Smith-Cotton High School","Cross Country Boys","11","Varsity","10/22","","","Waynesville District Warm-up","tournament","https://www.mshsaa.org/MySchool/Schedule.aspx?s=194&alg=11","https://www.mshsaa.org/MySchool/Tournament.aspx?s=194&alg=11&tournament=590321"
"194","Smith-Cotton High School","Cross Country Girls","12","Varsity","10/22","","","Waynesville District Warm-up","tournament","https://www.mshsaa.org/MySchool/Schedule.aspx?s=194&alg=12","https://www.mshsaa.org/MySchool/Tournament.aspx?s=194&alg=12&tournament=593756"
"194","Smith-Cotton High School","Soccer Boys","33","Varsity","10/22","6:30 pm","","Oak Grove","away","https://www.mshsaa.org/MySchool/Schedule.aspx?s=194&alg=33","https://www.mshsaa.org/MySchool/Matchup.aspx?s=194&alg=33&comp=2764189"
"194","Smith-Cotton High School","Swimming and Diving Boys","44","Varsity","10/22","4:00 pm","","CMAC Championship","tournament","https://www.mshsaa.org/MySchool/Schedule.aspx?s=194&alg=44","https://www.mshsaa.org/MySchool/Tournament.aspx?s=194&alg=44&tournament=575870"
"953","Battle High School","Football","19","Varsity","10/23","7:00 pm","","Gateway with Soldan International Studies","away","https://www.mshsaa.org/MySchool/Schedule.aspx?s=953&alg=19","https://www.mshsaa.org/MySchool/Matchup.aspx?s=953&alg=19&comp=2643311"
"217","Blair Oaks High School","Football","19","Varsity","10/23","7:00 pm","","Hallsville","home","https://www.mshsaa.org/MySchool/Schedule.aspx?s=217&alg=19","https://www.mshsaa.org/MySchool/Matchup.aspx?s=217&alg=19&comp=2617413"
"16","Boonville High School","Football","19","Varsity","10/23","7:00 pm","","Fulton","home","https://www.mshsaa.org/MySchool/Schedule.aspx?s=16&alg=19","https://www.mshsaa.org/MySchool/Matchup.aspx?s=16&alg=19&comp=2595334"
"582","California High School","Football","19","Varsity","10/23","7:00 pm","","Eldon","home","https://www.mshsaa.org/MySchool/Schedule.aspx?s=582&alg=19","https://www.mshsaa.org/MySchool/Matchup.aspx?s=582&alg=19&comp=2519685"
"26","Camdenton High School","Football","19","Varsity","10/23","7:00 pm","","Rolla","away","https://www.mshsaa.org/MySchool/Schedule.aspx?s=26&alg=19","https://www.mshsaa.org/MySchool/Matchup.aspx?s=26&alg=19&comp=2563992"
"1540","Capital City High School","Football","19","Varsity","10/23","7:00 pm","","Miller Career Academy with Sumner","home","https://www.mshsaa.org/MySchool/Schedule.aspx?s=1540&alg=19","https://www.mshsaa.org/MySchool/Matchup.aspx?s=1540&alg=19&comp=2639207"
"1540","Capital City High School","Speech and Debate","41","Varsity","10/23-24","","","Capital City Classic","tournament","https://www.mshsaa.org/MySchool/Schedule.aspx?s=1540&alg=41","https://www.mshsaa.org/MySchool/Tournament.aspx?s=1540&alg=41&tournament=584643"
"53","Centralia High School","Cross Country Boys","11","Varsity","10/23","","","Bowling Green High School Cross Country Invite","tournament","https://www.mshsaa.org/MySchool/Schedule.aspx?s=53&alg=11","https://www.mshsaa.org/MySchool/Tournament.aspx?s=53&alg=11&tournament=552242"
"53","Centralia High School","Cross Country Girls","12","Varsity","10/23","","","Bowling Green High School Cross Country Invite","tournament","https://www.mshsaa.org/MySchool/Schedule.aspx?s=53&alg=12","https://www.mshsaa.org/MySchool/Tournament.aspx?s=53&alg=12&tournament=552249"
"53","Centralia High School","Football","19","Varsity","10/23","7:00 pm","","South Shelby","home","https://www.mshsaa.org/MySchool/Schedule.aspx?s=53&alg=19","https://www.mshsaa.org/MySchool/Matchup.aspx?s=53&alg=19&comp=2584440"
"1099","Christian Fellowship","Cross Country Boys","11","Varsity","10/23","","","Bowling Green High School Cross Country Invite","tournament","https://www.mshsaa.org/MySchool/Schedule.aspx?s=1099&alg=11","https://www.mshsaa.org/MySchool/Tournament.aspx?s=1099&alg=11&tournament=581562"
"1099","Christian Fellowship","Cross Country Girls","12","Varsity","10/23","","","Bowling Green High School Cross Country Invite","tournament","https://www.mshsaa.org/MySchool/Schedule.aspx?s=1099&alg=12","https://www.mshsaa.org/MySchool/Tournament.aspx?s=1099&alg=12&tournament=589578"
"566","Columbia Independent","Cross Country Boys","11","Varsity","10/23","","","Bowling Green Invitational","tournament","https://www.mshsaa.org/MySchool/Schedule.aspx?s=566&alg=11","https://www.mshsaa.org/MySchool/Tournament.aspx?s=566&alg=11&tournament=594224"
"566","Columbia Independent","Cross Country Girls","12","Varsity","10/23","","","Bowling Green Invitational","tournament","https://www.mshsaa.org/MySchool/Schedule.aspx?s=566&alg=12","https://www.mshsaa.org/MySchool/Tournament.aspx?s=566&alg=12&tournament=594230"
"278","Eldon High School","Football","19","Varsity","10/23","7:00 pm","","California","away","https://www.mshsaa.org/MySchool/Schedule.aspx?s=278&alg=19","https://www.mshsaa.org/MySchool/Matchup.aspx?s=278&alg=19&comp=2609440"
"917","Father Tolton","Cross Country Boys","11","Varsity","10/23","","","Bowling Green High School Cross Country Invite","tournament","https://www.mshsaa.org/MySchool/Schedule.aspx?s=917&alg=11","https://www.mshsaa.org/MySchool/Tournament.aspx?s=917&alg=11&tournament=581489"
"917","Father Tolton","Cross Country Girls","12","Varsity","10/23","","","Bowling Green High School Cross Country Invite","tournament","https://www.mshsaa.org/MySchool/Schedule.aspx?s=917&alg=12","https://www.mshsaa.org/MySchool/Tournament.aspx?s=917&alg=12&tournament=588192"
"917","Father Tolton","Football","19","Varsity","10/23","7:00 pm","","St. Michael the Archangel","home","https://www.mshsaa.org/MySchool/Schedule.aspx?s=917&alg=19","https://www.mshsaa.org/MySchool/Matchup.aspx?s=917&alg=19&comp=2571425"
"294","Fayette High School","Football","19","Varsity","10/23","7:00 pm","","Harrisburg","home","https://www.mshsaa.org/MySchool/Schedule.aspx?s=294&alg=19","https://www.mshsaa.org/MySchool/Matchup.aspx?s=294&alg=19&comp=2634454"
"80","Fulton High School","Cross Country Boys","11","Varsity","10/23","","","Bowling Green High School Cross Country Invite","tournament","https://www.mshsaa.org/MySchool/Schedule.aspx?s=80&alg=11","https://www.mshsaa.org/MySchool/Tournament.aspx?s=80&alg=11&tournament=580271"
"80","Fulton High School","Cross Country Girls","12","Varsity","10/23","","","Bowling Green High School Cross Country Invite","tournament","https://www.mshsaa.org/MySchool/Schedule.aspx?s=80&alg=12","https://www.mshsaa.org/MySchool/Tournament.aspx?s=80&alg=12&tournament=594837"
"80","Fulton High School","Football","19","Varsity","10/23","7:00 pm","","Boonville","away","https://www.mshsaa.org/MySchool/Schedule.aspx?s=80&alg=19","https://www.mshsaa.org/MySchool/Matchup.aspx?s=80&alg=19&comp=2589277"
"311","Hallsville High School","Football","19","Varsity","10/23","7:00 pm","","Blair Oaks","away","https://www.mshsaa.org/MySchool/Schedule.aspx?s=311&alg=19","https://www.mshsaa.org/MySchool/Matchup.aspx?s=311&alg=19&comp=2616934"
"313","Harrisburg High School","Football","19","Varsity","10/23","7:00 pm","","Fayette","away","https://www.mshsaa.org/MySchool/Schedule.aspx?s=313&alg=19","https://www.mshsaa.org/MySchool/Matchup.aspx?s=313&alg=19&comp=2633498"
"522","Helias High School","Football","19","Varsity","10/23","7:00 pm","","Lincoln College Prep","home","https://www.mshsaa.org/MySchool/Schedule.aspx?s=522&alg=19","https://www.mshsaa.org/MySchool/Matchup.aspx?s=522&alg=19&comp=2688411"
"85","Hickman High School","Soccer Boys","33","Varsity","10/23-24","","","Rock Bridge Shootout","tournament","https://www.mshsaa.org/MySchool/Schedule.aspx?s=85&alg=33","https://www.mshsaa.org/MySchool/Tournament.aspx?s=85&alg=33&tournament=558290"
"85","Hickman High School","Soccer Boys","33","Varsity","⤷ 10/23","TBD","","Kirkwood","tournament","https://www.mshsaa.org/MySchool/Schedule.aspx?s=85&alg=33","https://www.mshsaa.org/MySchool/Matchup.aspx?s=85&alg=33&comp=2785098"
"84","Jefferson City High School","Football","19","Varsity","10/23","7:00 pm","","MICDS","home","https://www.mshsaa.org/MySchool/Schedule.aspx?s=84&alg=19","https://www.mshsaa.org/MySchool/Matchup.aspx?s=84&alg=19&comp=2560862"
"84","Jefferson City High School","Soccer Boys","33","Varsity","10/23","6:30 pm","","Sullivan","away","https://www.mshsaa.org/MySchool/Schedule.aspx?s=84&alg=33","https://www.mshsaa.org/MySchool/Matchup.aspx?s=84&alg=33&comp=2771851"
"360","Marshall High School","Football","19","Varsity","10/23","7:00 pm","","Smith-Cotton","away","https://www.mshsaa.org/MySchool/Schedule.aspx?s=360&alg=19","https://www.mshsaa.org/MySchool/Matchup.aspx?s=360&alg=19&comp=2450278"
"128","Mexico High School","Cross Country Girls","12","Varsity","10/23","","","Bowling Green High School Cross Country Invite","tournament","https://www.mshsaa.org/MySchool/Schedule.aspx?s=128&alg=12","https://www.mshsaa.org/MySchool/Tournament.aspx?s=128&alg=12&tournament=588300"
"128","Mexico High School","Football","19","Varsity","10/23","7:00 pm","","Moberly","away","https://www.mshsaa.org/MySchool/Schedule.aspx?s=128&alg=19","https://www.mshsaa.org/MySchool/Matchup.aspx?s=128&alg=19&comp=2539271"
"569","Missouri Military Academy","Cross Country Boys","11","Varsity","10/23","","","Bowling Green High School Cross Country Invite","tournament","https://www.mshsaa.org/MySchool/Schedule.aspx?s=569&alg=11","https://www.mshsaa.org/MySchool/Tournament.aspx?s=569&alg=11&tournament=581886"
"569","Missouri Military Academy","Football","19","Varsity","10/23","7:00 pm","","Pleasant Hope with Marion C. Early, Halfway","home","https://www.mshsaa.org/MySchool/Schedule.aspx?s=569&alg=19","https://www.mshsaa.org/MySchool/Matchup.aspx?s=569&alg=19&comp=2587242"
"569","Missouri Military Academy","Swimming and Diving Boys","44","Varsity","10/23","3:30 pm","","Ft. Zumwalt North","away","https://www.mshsaa.org/MySchool/Schedule.aspx?s=569&alg=44","https://www.mshsaa.org/MySchool/Matchup.aspx?s=569&alg=44&comp=2655599"
"132","Moberly High School","Football","19","Varsity","10/23","7:00 pm","","Mexico","home","https://www.mshsaa.org/MySchool/Schedule.aspx?s=132&alg=19","https://www.mshsaa.org/MySchool/Matchup.aspx?s=132&alg=19&comp=2518173"
"139","North Callaway High School","Cross Country Boys","11","Varsity","10/23","","","Bowling Green High School Cross Country Invite","tournament","https://www.mshsaa.org/MySchool/Schedule.aspx?s=139&alg=11","https://www.mshsaa.org/MySchool/Tournament.aspx?s=139&alg=11&tournament=552838"
"139","North Callaway High School","Cross Country Girls","12","Varsity","10/23","","","Bowling Green High School Cross Country Invite","tournament","https://www.mshsaa.org/MySchool/Schedule.aspx?s=139&alg=12","https://www.mshsaa.org/MySchool/Tournament.aspx?s=139&alg=12&tournament=552844"
"139","North Callaway High School","Football","19","Varsity","10/23","7:00 pm","","Wright City","away","https://www.mshsaa.org/MySchool/Schedule.aspx?s=139&alg=19","https://www.mshsaa.org/MySchool/Matchup.aspx?s=139&alg=19&comp=2591226"
"152","Osage High School","Football","19","Varsity","10/23","7:00 pm","","Southern Boone","home","https://www.mshsaa.org/MySchool/Schedule.aspx?s=152&alg=19","https://www.mshsaa.org/MySchool/Matchup.aspx?s=152&alg=19&comp=2519001"
"578","Rock Bridge High School","Cross Country Boys","11","Varsity","10/23","","","Clayton Invitational","tournament","https://www.mshsaa.org/MySchool/Schedule.aspx?s=578&alg=11","https://www.mshsaa.org/MySchool/Tournament.aspx?s=578&alg=11&tournament=596597"
"578","Rock Bridge High School","Cross Country Girls","12","Varsity","10/23","","","Clayton Invitational","tournament","https://www.mshsaa.org/MySchool/Schedule.aspx?s=578&alg=12","https://www.mshsaa.org/MySchool/Tournament.aspx?s=578&alg=12&tournament=596605"
"578","Rock Bridge High School","Football","19","Varsity","10/23","6:00 pm","","St. Mary's South Side","away","https://www.mshsaa.org/MySchool/Schedule.aspx?s=578&alg=19","https://www.mshsaa.org/MySchool/Matchup.aspx?s=578&alg=19&comp=2705589"
"578","Rock Bridge High School","Soccer Boys","33","Varsity","10/23-24","","","Rock Bridge Shootout","tournament","https://www.mshsaa.org/MySchool/Schedule.aspx?s=578&alg=33","https://www.mshsaa.org/MySchool/Tournament.aspx?s=578&alg=33&tournament=551353"
"578","Rock Bridge High School","Soccer Boys","33","Varsity","⤷ 10/23","TBD","","Park Hill South","tournament","https://www.mshsaa.org/MySchool/Schedule.aspx?s=578&alg=33","https://www.mshsaa.org/MySchool/Matchup.aspx?s=578&alg=33&comp=2793220"
"430","Russellville High School","Cross Country Boys","11","Varsity","10/23","","","Bowling Green High School Cross Country Invite","tournament","https://www.mshsaa.org/MySchool/Schedule.aspx?s=430&alg=11","https://www.mshsaa.org/MySchool/Tournament.aspx?s=430&alg=11&tournament=581716"
"430","Russellville High School","Football","19","Varsity","10/23","7:00 pm","","Tipton with Bunceton","away","https://www.mshsaa.org/MySchool/Schedule.aspx?s=430&alg=19","https://www.mshsaa.org/MySchool/Matchup.aspx?s=430&alg=19&comp=2633146"
"431","Salisbury High School","Football","19","Varsity","10/23","7:00 pm","","Westran","away","https://www.mshsaa.org/MySchool/Schedule.aspx?s=431&alg=19","https://www.mshsaa.org/MySchool/Matchup.aspx?s=431&alg=19&comp=2588056"
"194","Smith-Cotton High School","Football","19","Varsity","10/23","7:00 pm","","Marshall","home","https://www.mshsaa.org/MySchool/Schedule.aspx?s=194&alg=19","https://www.mshsaa.org/MySchool/Matchup.aspx?s=194&alg=19&comp=2669245"
"197","South Callaway High School","Football","19","Varsity","10/23","7:00 pm","","Linn","away","https://www.mshsaa.org/MySchool/Schedule.aspx?s=197&alg=19","https://www.mshsaa.org/MySchool/Matchup.aspx?s=197&alg=19&comp=2639318"
"2","Southern Boone High School","Cross Country Boys","11","Varsity","10/23","","","Bowling Green High School Cross Country Invite","tournament","https://www.mshsaa.org/MySchool/Schedule.aspx?s=2&alg=11","https://www.mshsaa.org/MySchool/Tournament.aspx?s=2&alg=11&tournament=559458"
"2","Southern Boone High School","Cross Country Girls","12","Varsity","10/23","","","Bowling Green High School Cross Country Invite","tournament","https://www.mshsaa.org/MySchool/Schedule.aspx?s=2&alg=12","https://www.mshsaa.org/MySchool/Tournament.aspx?s=2&alg=12&tournament=559465"
"2","Southern Boone High School","Football","19","Varsity","10/23","7:00 pm","","Osage","away","https://www.mshsaa.org/MySchool/Schedule.aspx?s=2&alg=19","https://www.mshsaa.org/MySchool/Matchup.aspx?s=2&alg=19&comp=2599052"
"2","Southern Boone High School","Soccer Boys","33","Varsity","10/23","5:30 pm","","Green Ridge with Cole Camp","away","https://www.mshsaa.org/MySchool/Schedule.aspx?s=2&alg=33","https://www.mshsaa.org/MySchool/Matchup.aspx?s=2&alg=33&comp=2632906"
"474","Tipton High School","Football","19","Varsity","10/23","7:00 pm","","Russellville","home","https://www.mshsaa.org/MySchool/Schedule.aspx?s=474&alg=19","https://www.mshsaa.org/MySchool/Matchup.aspx?s=474&alg=19&comp=2633245"
"485","Versailles High School","Football","19","Varsity","10/23","7:00 pm","","Sherwood","away","https://www.mshsaa.org/MySchool/Schedule.aspx?s=485&alg=19","https://www.mshsaa.org/MySchool/Matchup.aspx?s=485&alg=19&comp=2495812"
"953","Battle High School","Cross Country Boys","11","Varsity","10/24","","","Big River PR","tournament","https://www.mshsaa.org/MySchool/Schedule.aspx?s=953&alg=11","https://www.mshsaa.org/MySchool/Tournament.aspx?s=953&alg=11&tournament=597913"
"953","Battle High School","Cross Country Girls","12","Varsity","10/24","","","Big River PR","tournament","https://www.mshsaa.org/MySchool/Schedule.aspx?s=953&alg=12","https://www.mshsaa.org/MySchool/Tournament.aspx?s=953&alg=12&tournament=597919"
"953","Battle High School","Softball Fall Season","38","Varsity","10/24-30","","","Class 4 State Tournament","tournament","https://www.mshsaa.org/MySchool/Schedule.aspx?s=953&alg=38","https://www.mshsaa.org/Activities/DistrictWinners.aspx?alg=38&class=4&year=2026"
"217","Blair Oaks High School","Cross Country Boys","11","Varsity","10/24","","","Fatima Invitational","tournament","https://www.mshsaa.org/MySchool/Schedule.aspx?s=217&alg=11","https://www.mshsaa.org/MySchool/Tournament.aspx?s=217&alg=11&tournament=589649"
"217","Blair Oaks High School","Cross Country Girls","12","Varsity","10/24","","","Fatima Invitational","tournament","https://www.mshsaa.org/MySchool/Schedule.aspx?s=217&alg=12","https://www.mshsaa.org/MySchool/Tournament.aspx?s=217&alg=12&tournament=589652"
"217","Blair Oaks High School","Softball Fall Season","38","Varsity","10/24-31","","","Class 3 State Tournament","tournament","https://www.mshsaa.org/MySchool/Schedule.aspx?s=217&alg=38","https://www.mshsaa.org/Activities/DistrictWinners.aspx?alg=38&class=3&year=2026"
"16","Boonville High School","Softball Fall Season","38","Varsity","10/24-31","","","Class 3 State Tournament","tournament","https://www.mshsaa.org/MySchool/Schedule.aspx?s=16&alg=38","https://www.mshsaa.org/Activities/DistrictWinners.aspx?alg=38&class=3&year=2026"
"582","California High School","Cross Country Boys","11","Varsity","10/24","","","Fatima Invitational","tournament","https://www.mshsaa.org/MySchool/Schedule.aspx?s=582&alg=11","https://www.mshsaa.org/MySchool/Tournament.aspx?s=582&alg=11&tournament=544411"
"582","California High School","Softball Fall Season","38","Varsity","10/24-31","","","Class 3 State Tournament","tournament","https://www.mshsaa.org/MySchool/Schedule.aspx?s=582&alg=38","https://www.mshsaa.org/Activities/DistrictWinners.aspx?alg=38&class=3&year=2026"
"26","Camdenton High School","Softball Fall Season","38","Varsity","10/24-30","","","Class 4 State Tournament","tournament","https://www.mshsaa.org/MySchool/Schedule.aspx?s=26&alg=38","https://www.mshsaa.org/Activities/DistrictWinners.aspx?alg=38&class=4&year=2026"
"26","Camdenton High School","Swimming and Diving Boys","44","Varsity","10/24","1:30 pm","","Glendale","away","https://www.mshsaa.org/MySchool/Schedule.aspx?s=26&alg=44","https://www.mshsaa.org/MySchool/Matchup.aspx?s=26&alg=44&comp=2788300"
"1540","Capital City High School","Cross Country Boys","11","Varsity","10/24","","","Fatima Invitational","tournament","https://www.mshsaa.org/MySchool/Schedule.aspx?s=1540&alg=11","https://www.mshsaa.org/MySchool/Tournament.aspx?s=1540&alg=11&tournament=572813"
"1540","Capital City High School","Cross Country Girls","12","Varsity","10/24","","","Fatima Invitational","tournament","https://www.mshsaa.org/MySchool/Schedule.aspx?s=1540&alg=12","https://www.mshsaa.org/MySchool/Tournament.aspx?s=1540&alg=12&tournament=572821"
"1540","Capital City High School","Softball Fall Season","38","Varsity","10/24-30","","","Class 4 State Tournament","tournament","https://www.mshsaa.org/MySchool/Schedule.aspx?s=1540&alg=38","https://www.mshsaa.org/Activities/DistrictWinners.aspx?alg=38&class=4&year=2026"
"53","Centralia High School","Softball Fall Season","38","Varsity","10/24-31","","","Class 3 State Tournament","tournament","https://www.mshsaa.org/MySchool/Schedule.aspx?s=53&alg=38","https://www.mshsaa.org/Activities/DistrictWinners.aspx?alg=38&class=3&year=2026"
"1099","Christian Fellowship","Softball Fall Season","38","Varsity","10/24-31","","","Class 3 State Tournament","tournament","https://www.mshsaa.org/MySchool/Schedule.aspx?s=1099&alg=38","https://www.mshsaa.org/Activities/DistrictWinners.aspx?alg=38&class=3&year=2026"
"278","Eldon High School","Cross Country Girls","12","Varsity","10/24","","","Fatima Invitational","tournament","https://www.mshsaa.org/MySchool/Schedule.aspx?s=278&alg=12","https://www.mshsaa.org/MySchool/Tournament.aspx?s=278&alg=12&tournament=544998"
"278","Eldon High School","Softball Fall Season","38","Varsity","10/24-31","","","Class 3 State Tournament","tournament","https://www.mshsaa.org/MySchool/Schedule.aspx?s=278&alg=38","https://www.mshsaa.org/Activities/DistrictWinners.aspx?alg=38&class=3&year=2026"
"917","Father Tolton","Soccer Boys","33","Varsity","10/24","10:00 am","","Moberly","away","https://www.mshsaa.org/MySchool/Schedule.aspx?s=917&alg=33","https://www.mshsaa.org/MySchool/Matchup.aspx?s=917&alg=33&comp=2665271"
"917","Father Tolton","Softball Fall Season","38","Varsity","10/24-30","","","Class 5 State Tournament","tournament","https://www.mshsaa.org/MySchool/Schedule.aspx?s=917&alg=38","https://www.mshsaa.org/Activities/DistrictWinners.aspx?alg=38&class=5&year=2026"
"294","Fayette High School","Softball Fall Season","38","Varsity","10/24-31","","","Class 2 State Tournament","tournament","https://www.mshsaa.org/MySchool/Schedule.aspx?s=294&alg=38","https://www.mshsaa.org/Activities/DistrictWinners.aspx?alg=38&class=2&year=2026"
"80","Fulton High School","Softball Fall Season","38","Varsity","10/24-31","","","Class 3 State Tournament","tournament","https://www.mshsaa.org/MySchool/Schedule.aspx?s=80&alg=38","https://www.mshsaa.org/Activities/DistrictWinners.aspx?alg=38&class=3&year=2026"
"302","Glasgow High School","Softball Fall Season","38","Varsity","10/24-31","","","Class 1 State Tournament","tournament","https://www.mshsaa.org/MySchool/Schedule.aspx?s=302&alg=38","https://www.mshsaa.org/Activities/DistrictWinners.aspx?alg=38&class=1&year=2026"
"311","Hallsville High School","Cross Country Boys","11","Varsity","10/24","","","Fatima Invitational","tournament","https://www.mshsaa.org/MySchool/Schedule.aspx?s=311&alg=11","https://www.mshsaa.org/MySchool/Tournament.aspx?s=311&alg=11&tournament=587229"
"311","Hallsville High School","Cross Country Girls","12","Varsity","10/24","","","Fatima Invitational","tournament","https://www.mshsaa.org/MySchool/Schedule.aspx?s=311&alg=12","https://www.mshsaa.org/MySchool/Tournament.aspx?s=311&alg=12&tournament=587230"
"311","Hallsville High School","Softball Fall Season","38","Varsity","10/24-31","","","Class 3 State Tournament","tournament","https://www.mshsaa.org/MySchool/Schedule.aspx?s=311&alg=38","https://www.mshsaa.org/Activities/DistrictWinners.aspx?alg=38&class=3&year=2026"
"313","Harrisburg High School","Cross Country Boys","11","Varsity","10/24","9:00 am","","Big River PR Invite","tournament","https://www.mshsaa.org/MySchool/Schedule.aspx?s=313&alg=11","https://www.mshsaa.org/MySchool/Tournament.aspx?s=313&alg=11&tournament=591324"
"313","Harrisburg High School","Cross Country Girls","12","Varsity","10/24","9:00 am","","Big River PR Invite","tournament","https://www.mshsaa.org/MySchool/Schedule.aspx?s=313&alg=12","https://www.mshsaa.org/MySchool/Tournament.aspx?s=313&alg=12&tournament=591325"
"313","Harrisburg High School","Softball Fall Season","38","Varsity","10/24-31","","","Class 2 State Tournament","tournament","https://www.mshsaa.org/MySchool/Schedule.aspx?s=313&alg=38","https://www.mshsaa.org/Activities/DistrictWinners.aspx?alg=38&class=2&year=2026"
"522","Helias High School","Cross Country Boys","11","Varsity","10/24","8:00 am","","Fatima Invitational","tournament","https://www.mshsaa.org/MySchool/Schedule.aspx?s=522&alg=11","https://www.mshsaa.org/MySchool/Tournament.aspx?s=522&alg=11&tournament=544817"
"522","Helias High School","Cross Country Girls","12","Varsity","10/24","8:00 am","","Fatima Invitational","tournament","https://www.mshsaa.org/MySchool/Schedule.aspx?s=522&alg=12","https://www.mshsaa.org/MySchool/Tournament.aspx?s=522&alg=12&tournament=544826"
"522","Helias High School","Softball Fall Season","38","Varsity","10/24-30","","","Class 4 State Tournament","tournament","https://www.mshsaa.org/MySchool/Schedule.aspx?s=522&alg=38","https://www.mshsaa.org/Activities/DistrictWinners.aspx?alg=38&class=4&year=2026"
"85","Hickman High School","Football","19","Varsity","10/24","1:00 pm","","Lift for Life Academy Charter","away","https://www.mshsaa.org/MySchool/Schedule.aspx?s=85&alg=19","https://www.mshsaa.org/MySchool/Matchup.aspx?s=85&alg=19&comp=2687789"
"85","Hickman High School","Soccer Boys","33","Varsity","⤷ 10/24","TBD","","Park Hill South","tournament","https://www.mshsaa.org/MySchool/Schedule.aspx?s=85&alg=33","https://www.mshsaa.org/MySchool/Matchup.aspx?s=85&alg=33&comp=2785099"
"85","Hickman High School","Softball Fall Season","38","Varsity","10/24-30","","","Class 5 State Tournament","tournament","https://www.mshsaa.org/MySchool/Schedule.aspx?s=85&alg=38","https://www.mshsaa.org/Activities/DistrictWinners.aspx?alg=38&class=5&year=2026"
"85","Hickman High School","Swimming and Diving Boys","44","Varsity","10/24","1:00 pm","","Springfield Invite - John Foster Natatorium","tournament","https://www.mshsaa.org/MySchool/Schedule.aspx?s=85&alg=44","https://www.mshsaa.org/MySchool/Tournament.aspx?s=85&alg=44&tournament=592810"
"317","Higbee High School","Softball Fall Season","38","Varsity","10/24-31","","","Class 1 State Tournament","tournament","https://www.mshsaa.org/MySchool/Schedule.aspx?s=317&alg=38","https://www.mshsaa.org/Activities/DistrictWinners.aspx?alg=38&class=1&year=2026"
"84","Jefferson City High School","Cross Country Boys","11","Varsity","10/24","","","Fatima Invitational","tournament","https://www.mshsaa.org/MySchool/Schedule.aspx?s=84&alg=11","https://www.mshsaa.org/MySchool/Tournament.aspx?s=84&alg=11&tournament=540382"
"84","Jefferson City High School","Cross Country Girls","12","Varsity","10/24","","","Fatima Invitational","tournament","https://www.mshsaa.org/MySchool/Schedule.aspx?s=84&alg=12","https://www.mshsaa.org/MySchool/Tournament.aspx?s=84&alg=12&tournament=566510"
"84","Jefferson City High School","Softball Fall Season","38","Varsity","10/24-30","","","Class 4 State Tournament","tournament","https://www.mshsaa.org/MySchool/Schedule.aspx?s=84&alg=38","https://www.mshsaa.org/Activities/DistrictWinners.aspx?alg=38&class=4&year=2026"
"360","Marshall High School","Softball Fall Season","38","Varsity","10/24-30","","","Class 4 State Tournament","tournament","https://www.mshsaa.org/MySchool/Schedule.aspx?s=360&alg=38","https://www.mshsaa.org/Activities/DistrictWinners.aspx?alg=38&class=4&year=2026"
"128","Mexico High School","Softball Fall Season","38","Varsity","10/24-31","","","Class 3 State Tournament","tournament","https://www.mshsaa.org/MySchool/Schedule.aspx?s=128&alg=38","https://www.mshsaa.org/Activities/DistrictWinners.aspx?alg=38&class=3&year=2026"
"132","Moberly High School","Soccer Boys","33","Varsity","10/24","10:00 am","","Father Tolton","home","https://www.mshsaa.org/MySchool/Schedule.aspx?s=132&alg=33","https://www.mshsaa.org/MySchool/Matchup.aspx?s=132&alg=33&comp=2718403"
"132","Moberly High School","Softball Fall Season","38","Varsity","10/24-31","","","Class 3 State Tournament","tournament","https://www.mshsaa.org/MySchool/Schedule.aspx?s=132&alg=38","https://www.mshsaa.org/Activities/DistrictWinners.aspx?alg=38&class=3&year=2026"
"139","North Callaway High School","Softball Fall Season","38","Varsity","10/24-31","","","Class 2 State Tournament","tournament","https://www.mshsaa.org/MySchool/Schedule.aspx?s=139&alg=38","https://www.mshsaa.org/Activities/DistrictWinners.aspx?alg=38&class=2&year=2026"
"152","Osage High School","Softball Fall Season","38","Varsity","10/24-31","","","Class 3 State Tournament","tournament","https://www.mshsaa.org/MySchool/Schedule.aspx?s=152&alg=38","https://www.mshsaa.org/Activities/DistrictWinners.aspx?alg=38&class=3&year=2026"
"578","Rock Bridge High School","Soccer Boys","33","Varsity","⤷ 10/24","TBD","","Kirkwood","tournament","https://www.mshsaa.org/MySchool/Schedule.aspx?s=578&alg=33","https://www.mshsaa.org/MySchool/Matchup.aspx?s=578&alg=33&comp=2793222"
"578","Rock Bridge High School","Softball Fall Season","38","Varsity","10/24-30","","","Class 5 State Tournament","tournament","https://www.mshsaa.org/MySchool/Schedule.aspx?s=578&alg=38","https://www.mshsaa.org/Activities/DistrictWinners.aspx?alg=38&class=5&year=2026"
"430","Russellville High School","Softball Fall Season","38","Varsity","10/24-31","","","Class 1 State Tournament","tournament","https://www.mshsaa.org/MySchool/Schedule.aspx?s=430&alg=38","https://www.mshsaa.org/Activities/DistrictWinners.aspx?alg=38&class=1&year=2026"
"431","Salisbury High School","Softball Fall Season","38","Varsity","10/24-31","","","Class 2 State Tournament","tournament","https://www.mshsaa.org/MySchool/Schedule.aspx?s=431&alg=38","https://www.mshsaa.org/Activities/DistrictWinners.aspx?alg=38&class=2&year=2026"
"194","Smith-Cotton High School","Softball Fall Season","38","Varsity","10/24-30","","","Class 5 State Tournament","tournament","https://www.mshsaa.org/MySchool/Schedule.aspx?s=194&alg=38","https://www.mshsaa.org/Activities/DistrictWinners.aspx?alg=38&class=5&year=2026"
"197","South Callaway High School","Cross Country Boys","11","Varsity","10/24","","","Fatima Invitational","tournament","https://www.mshsaa.org/MySchool/Schedule.aspx?s=197&alg=11","https://www.mshsaa.org/MySchool/Tournament.aspx?s=197&alg=11&tournament=595768"
"197","South Callaway High School","Cross Country Girls","12","Varsity","10/24","","","Fatima Invitational","tournament","https://www.mshsaa.org/MySchool/Schedule.aspx?s=197&alg=12","https://www.mshsaa.org/MySchool/Tournament.aspx?s=197&alg=12&tournament=595772"
"197","South Callaway High School","Softball Fall Season","38","Varsity","10/24-31","","","Class 2 State Tournament","tournament","https://www.mshsaa.org/MySchool/Schedule.aspx?s=197&alg=38","https://www.mshsaa.org/Activities/DistrictWinners.aspx?alg=38&class=2&year=2026"
"2","Southern Boone High School","Softball Fall Season","38","Varsity","10/24-31","","","Class 3 State Tournament","tournament","https://www.mshsaa.org/MySchool/Schedule.aspx?s=2&alg=38","https://www.mshsaa.org/Activities/DistrictWinners.aspx?alg=38&class=3&year=2026"
"474","Tipton High School","Cross Country Boys","11","Varsity","10/24","","","Fatima Invitational","tournament","https://www.mshsaa.org/MySchool/Schedule.aspx?s=474&alg=11","https://www.mshsaa.org/MySchool/Tournament.aspx?s=474&alg=11&tournament=590898"
"474","Tipton High School","Cross Country Girls","12","Varsity","10/24","","","Fatima Invitational","tournament","https://www.mshsaa.org/MySchool/Schedule.aspx?s=474&alg=12","https://www.mshsaa.org/MySchool/Tournament.aspx?s=474&alg=12&tournament=590899"
"1099","Christian Fellowship","Soccer Boys","33","Varsity","10/26","6:30 pm","","Father Tolton","away","https://www.mshsaa.org/MySchool/Schedule.aspx?s=1099&alg=33","https://www.mshsaa.org/MySchool/Matchup.aspx?s=1099&alg=33&comp=2722339"
"917","Father Tolton","Soccer Boys","33","Varsity","10/26","5:00 pm","","Christian Fellowship Sr. with Hallsville","home","https://www.mshsaa.org/MySchool/Schedule.aspx?s=917&alg=33","https://www.mshsaa.org/MySchool/Matchup.aspx?s=917&alg=33&comp=2665272"
"311","Hallsville High School","Soccer Boys","33","Varsity","10/26","6:30 pm","","Father Tolton","away","https://www.mshsaa.org/MySchool/Schedule.aspx?s=311&alg=33","https://www.mshsaa.org/MySchool/Matchup.aspx?s=311&alg=33&comp=2722339"
"128","Mexico High School","Soccer Boys","33","Varsity","10/26","5:00 pm","","Canton","away","https://www.mshsaa.org/MySchool/Schedule.aspx?s=128&alg=33","https://www.mshsaa.org/MySchool/Matchup.aspx?s=128&alg=33&comp=2643193"
"194","Smith-Cotton High School","Soccer Boys","33","Varsity","10/26","6:30 pm","","St. Michael the Archangel","away","https://www.mshsaa.org/MySchool/Schedule.aspx?s=194&alg=33","https://www.mshsaa.org/MySchool/Matchup.aspx?s=194&alg=33&comp=2680645"
"2","Southern Boone High School","Soccer Boys","33","Varsity","10/26","5:00 pm","","Sacred Heart","away","https://www.mshsaa.org/MySchool/Schedule.aspx?s=2&alg=33","https://www.mshsaa.org/MySchool/Matchup.aspx?s=2&alg=33&comp=2632907"
"16","Boonville High School","Soccer Boys","33","Varsity","10/27","5:00 pm","","Eugene","home","https://www.mshsaa.org/MySchool/Schedule.aspx?s=16&alg=33","https://www.mshsaa.org/MySchool/Matchup.aspx?s=16&alg=33&comp=2696311"
"26","Camdenton High School","Soccer Boys","33","Varsity","10/27","6:30 pm","","Bolivar","home","https://www.mshsaa.org/MySchool/Schedule.aspx?s=26&alg=33","https://www.mshsaa.org/MySchool/Matchup.aspx?s=26&alg=33&comp=2715187"
"1540","Capital City High School","Soccer Boys","33","Varsity","10/27","6:45 pm","","Francis Howell Central","home","https://www.mshsaa.org/MySchool/Schedule.aspx?s=1540&alg=33","https://www.mshsaa.org/MySchool/Matchup.aspx?s=1540&alg=33&comp=2763913"
"1540","Capital City High School","Swimming and Diving Boys","44","Varsity","10/27","","","MMA Invite","tournament","https://www.mshsaa.org/MySchool/Schedule.aspx?s=1540&alg=44","https://www.mshsaa.org/MySchool/Tournament.aspx?s=1540&alg=44&tournament=592370"
"80","Fulton High School","Soccer Boys","33","Varsity","10/27","6:45 pm","","Osage","away","https://www.mshsaa.org/MySchool/Schedule.aspx?s=80&alg=33","https://www.mshsaa.org/MySchool/Matchup.aspx?s=80&alg=33&comp=2647582"
"522","Helias High School","Soccer Boys","33","Varsity","10/27","7:00 pm","","Moberly","home","https://www.mshsaa.org/MySchool/Schedule.aspx?s=522&alg=33","https://www.mshsaa.org/MySchool/Matchup.aspx?s=522&alg=33&comp=2637695"
"85","Hickman High School","Swimming and Diving Boys","44","Varsity","10/27","","","MMA Invite","tournament","https://www.mshsaa.org/MySchool/Schedule.aspx?s=85&alg=44","https://www.mshsaa.org/MySchool/Tournament.aspx?s=85&alg=44&tournament=592800"
"84","Jefferson City High School","Swimming and Diving Boys","44","Varsity","10/27","","","MMA","tournament","https://www.mshsaa.org/MySchool/Schedule.aspx?s=84&alg=44","https://www.mshsaa.org/MySchool/Tournament.aspx?s=84&alg=44&tournament=593354"
"360","Marshall High School","Swimming and Diving Boys","44","Varsity","10/27","","","Lees Summitt","tournament","https://www.mshsaa.org/MySchool/Schedule.aspx?s=360&alg=44","https://www.mshsaa.org/MySchool/Tournament.aspx?s=360&alg=44&tournament=592974"
"569","Missouri Military Academy","Swimming and Diving Boys","44","Varsity","10/27","4:00 pm","","MMA Invite","tournament","https://www.mshsaa.org/MySchool/Schedule.aspx?s=569&alg=44","https://www.mshsaa.org/MySchool/Tournament.aspx?s=569&alg=44&tournament=589864"
"132","Moberly High School","Soccer Boys","33","Varsity","10/27","6:45 pm","","Helias Catholic","away","https://www.mshsaa.org/MySchool/Schedule.aspx?s=132&alg=33","https://www.mshsaa.org/MySchool/Matchup.aspx?s=132&alg=33&comp=2685476"
"152","Osage High School","Soccer Boys","33","Varsity","10/27","6:45 pm","","Fulton","home","https://www.mshsaa.org/MySchool/Schedule.aspx?s=152&alg=33","https://www.mshsaa.org/MySchool/Matchup.aspx?s=152&alg=33&comp=2702066"
"578","Rock Bridge High School","Swimming and Diving Boys","44","Varsity","10/27","","","MMA Invite","tournament","https://www.mshsaa.org/MySchool/Schedule.aspx?s=578&alg=44","https://www.mshsaa.org/MySchool/Tournament.aspx?s=578&alg=44&tournament=594644"
"194","Smith-Cotton High School","Soccer Boys","33","Varsity","10/27","6:30 pm","","Center","away","https://www.mshsaa.org/MySchool/Schedule.aspx?s=194&alg=33","https://www.mshsaa.org/MySchool/Matchup.aspx?s=194&alg=33&comp=2705787"
"2","Southern Boone High School","Soccer Boys","33","Varsity","10/27","5:00 pm","","Smithton","away","https://www.mshsaa.org/MySchool/Schedule.aspx?s=2&alg=33","https://www.mshsaa.org/MySchool/Matchup.aspx?s=2&alg=33&comp=2632908"
"917","Father Tolton","Soccer Boys","33","Varsity","10/28","6:30 pm","","Jefferson City","home","https://www.mshsaa.org/MySchool/Schedule.aspx?s=917&alg=33","https://www.mshsaa.org/MySchool/Matchup.aspx?s=917&alg=33&comp=2665273"
"84","Jefferson City High School","Soccer Boys","33","Varsity","10/28","6:30 pm","","Father Tolton","away","https://www.mshsaa.org/MySchool/Schedule.aspx?s=84&alg=33","https://www.mshsaa.org/MySchool/Matchup.aspx?s=84&alg=33&comp=2660236"
"953","Battle High School","Soccer Boys","33","Varsity","10/29","6:30 pm","","Warrenton","away","https://www.mshsaa.org/MySchool/Schedule.aspx?s=953&alg=33","https://www.mshsaa.org/MySchool/Matchup.aspx?s=953&alg=33&comp=2766224"
"217","Blair Oaks High School","Volleyball Girls","57","Varsity","10/29-11/7","","","Class 3 State Tournament","tournament","https://www.mshsaa.org/MySchool/Schedule.aspx?s=217&alg=57","https://www.mshsaa.org/Activities/DistrictWinners.aspx?alg=57&class=3&year=2026"
"16","Boonville High School","Soccer Boys","33","Varsity","10/29","6:45 pm","","Moberly","home","https://www.mshsaa.org/MySchool/Schedule.aspx?s=16&alg=33","https://www.mshsaa.org/MySchool/Matchup.aspx?s=16&alg=33&comp=2729740"
"16","Boonville High School","Volleyball Girls","57","Varsity","10/29-11/7","","","Class 3 State Tournament","tournament","https://www.mshsaa.org/MySchool/Schedule.aspx?s=16&alg=57","https://www.mshsaa.org/Activities/DistrictWinners.aspx?alg=57&class=3&year=2026"
"582","California High School","Volleyball Girls","57","Varsity","10/29-11/7","","","Class 3 State Tournament","tournament","https://www.mshsaa.org/MySchool/Schedule.aspx?s=582&alg=57","https://www.mshsaa.org/Activities/DistrictWinners.aspx?alg=57&class=3&year=2026"
"1540","Capital City High School","Swimming and Diving Boys","44","Varsity","10/29","","","West Central Classic","tournament","https://www.mshsaa.org/MySchool/Schedule.aspx?s=1540&alg=44","https://www.mshsaa.org/MySchool/Tournament.aspx?s=1540&alg=44&tournament=563831"
"53","Centralia High School","Volleyball Girls","57","Varsity","10/29-11/7","","","Class 3 State Tournament","tournament","https://www.mshsaa.org/MySchool/Schedule.aspx?s=53&alg=57","https://www.mshsaa.org/Activities/DistrictWinners.aspx?alg=57&class=3&year=2026"
"1099","Christian Fellowship","Swimming and Diving Boys","44","Varsity","10/29","","","WCC Invitational","tournament","https://www.mshsaa.org/MySchool/Schedule.aspx?s=1099&alg=44","https://www.mshsaa.org/MySchool/Tournament.aspx?s=1099&alg=44&tournament=594250"
"1099","Christian Fellowship","Volleyball Girls","57","Varsity","10/29-11/5","","","Class 1 State Tournament","tournament","https://www.mshsaa.org/MySchool/Schedule.aspx?s=1099&alg=57","https://www.mshsaa.org/Activities/DistrictWinners.aspx?alg=57&class=1&year=2026"
"566","Columbia Independent","Soccer Boys","33","Varsity","10/29","6:30 pm","","Warrenton","away","https://www.mshsaa.org/MySchool/Schedule.aspx?s=566&alg=33","https://www.mshsaa.org/MySchool/Matchup.aspx?s=566&alg=33&comp=2766224"
"566","Columbia Independent","Swimming and Diving Boys","44","Varsity","10/29","","","WCC Invitational","tournament","https://www.mshsaa.org/MySchool/Schedule.aspx?s=566&alg=44","https://www.mshsaa.org/MySchool/Tournament.aspx?s=566&alg=44&tournament=594250"
"566","Columbia Independent","Volleyball Girls","57","Varsity","10/29-11/5","","","Class 1 State Tournament","tournament","https://www.mshsaa.org/MySchool/Schedule.aspx?s=566&alg=57","https://www.mshsaa.org/Activities/DistrictWinners.aspx?alg=57&class=1&year=2026"
"278","Eldon High School","Volleyball Girls","57","Varsity","10/29-11/7","","","Class 3 State Tournament","tournament","https://www.mshsaa.org/MySchool/Schedule.aspx?s=278&alg=57","https://www.mshsaa.org/Activities/DistrictWinners.aspx?alg=57&class=3&year=2026"
"917","Father Tolton","Volleyball Girls","57","Varsity","10/29-11/7","","","Class 3 State Tournament","tournament","https://www.mshsaa.org/MySchool/Schedule.aspx?s=917&alg=57","https://www.mshsaa.org/Activities/DistrictWinners.aspx?alg=57&class=3&year=2026"
"80","Fulton High School","Volleyball Girls","57","Varsity","10/29-11/7","","","Class 3 State Tournament","tournament","https://www.mshsaa.org/MySchool/Schedule.aspx?s=80&alg=57","https://www.mshsaa.org/Activities/DistrictWinners.aspx?alg=57&class=3&year=2026"
"311","Hallsville High School","Volleyball Girls","57","Varsity","10/29-11/7","","","Class 3 State Tournament","tournament","https://www.mshsaa.org/MySchool/Schedule.aspx?s=311&alg=57","https://www.mshsaa.org/Activities/DistrictWinners.aspx?alg=57&class=3&year=2026"
"85","Hickman High School","Swimming and Diving Boys","44","Varsity","10/29","4:00 pm","","West Central Classic","tournament","https://www.mshsaa.org/MySchool/Schedule.aspx?s=85&alg=44","https://www.mshsaa.org/MySchool/Tournament.aspx?s=85&alg=44&tournament=592811"
"84","Jefferson City High School","Swimming and Diving Boys","44","Varsity","10/29","","","West Central Classic","tournament","https://www.mshsaa.org/MySchool/Schedule.aspx?s=84&alg=44","https://www.mshsaa.org/MySchool/Tournament.aspx?s=84&alg=44&tournament=593355"
"360","Marshall High School","Swimming and Diving Boys","44","Varsity","10/29","","","West Central Classic","tournament","https://www.mshsaa.org/MySchool/Schedule.aspx?s=360&alg=44","https://www.mshsaa.org/MySchool/Tournament.aspx?s=360&alg=44&tournament=575921"
"128","Mexico High School","Volleyball Girls","57","Varsity","10/29-11/7","","","Class 3 State Tournament","tournament","https://www.mshsaa.org/MySchool/Schedule.aspx?s=128&alg=57","https://www.mshsaa.org/Activities/DistrictWinners.aspx?alg=57&class=3&year=2026"
"132","Moberly High School","Soccer Boys","33","Varsity","10/29","5:00 pm","","Boonville","away","https://www.mshsaa.org/MySchool/Schedule.aspx?s=132&alg=33","https://www.mshsaa.org/MySchool/Matchup.aspx?s=132&alg=33&comp=2718404"
"139","North Callaway High School","Volleyball Girls","57","Varsity","10/29-11/5","","","Class 2 State Tournament","tournament","https://www.mshsaa.org/MySchool/Schedule.aspx?s=139&alg=57","https://www.mshsaa.org/Activities/DistrictWinners.aspx?alg=57&class=2&year=2026"
"152","Osage High School","Soccer Boys","33","Varsity","10/29","6:00 pm","","Eugene","home","https://www.mshsaa.org/MySchool/Schedule.aspx?s=152&alg=33","https://www.mshsaa.org/MySchool/Matchup.aspx?s=152&alg=33&comp=2720206"
"152","Osage High School","Volleyball Girls","57","Varsity","10/29-11/7","","","Class 3 State Tournament","tournament","https://www.mshsaa.org/MySchool/Schedule.aspx?s=152&alg=57","https://www.mshsaa.org/Activities/DistrictWinners.aspx?alg=57&class=3&year=2026"
"430","Russellville High School","Volleyball Girls","57","Varsity","10/29-11/5","","","Class 1 State Tournament","tournament","https://www.mshsaa.org/MySchool/Schedule.aspx?s=430&alg=57","https://www.mshsaa.org/Activities/DistrictWinners.aspx?alg=57&class=1&year=2026"
"194","Smith-Cotton High School","Soccer Boys","33","Varsity","10/29","6:30 pm","","Ruskin","home","https://www.mshsaa.org/MySchool/Schedule.aspx?s=194&alg=33","https://www.mshsaa.org/MySchool/Matchup.aspx?s=194&alg=33&comp=2663101"
"194","Smith-Cotton High School","Swimming and Diving Boys","44","Varsity","10/29","","","West Central Classic","tournament","https://www.mshsaa.org/MySchool/Schedule.aspx?s=194&alg=44","https://www.mshsaa.org/MySchool/Tournament.aspx?s=194&alg=44&tournament=575871"
"2","Southern Boone High School","Volleyball Girls","57","Varsity","10/29-11/7","","","Class 3 State Tournament","tournament","https://www.mshsaa.org/MySchool/Schedule.aspx?s=2&alg=57","https://www.mshsaa.org/Activities/DistrictWinners.aspx?alg=57&class=3&year=2026"
"474","Tipton High School","Volleyball Girls","57","Varsity","10/29-11/5","","","Class 2 State Tournament","tournament","https://www.mshsaa.org/MySchool/Schedule.aspx?s=474&alg=57","https://www.mshsaa.org/Activities/DistrictWinners.aspx?alg=57&class=2&year=2026"
"485","Versailles High School","Volleyball Girls","57","Varsity","10/29-11/7","","","Class 3 State Tournament","tournament","https://www.mshsaa.org/MySchool/Schedule.aspx?s=485&alg=57","https://www.mshsaa.org/Activities/DistrictWinners.aspx?alg=57&class=3&year=2026"
"953","Battle High School","Football","19","Varsity","10/30-12/5","","","Class 5 State Tournament","tournament","https://www.mshsaa.org/MySchool/Schedule.aspx?s=953&alg=19","https://www.mshsaa.org/Activities/DistrictWinners.aspx?alg=19&class=5&year=2026"
"217","Blair Oaks High School","Football","19","Varsity","10/30-12/4","","","Class 2 State Tournament","tournament","https://www.mshsaa.org/MySchool/Schedule.aspx?s=217&alg=19","https://www.mshsaa.org/Activities/DistrictWinners.aspx?alg=19&class=2&year=2026"
"16","Boonville High School","Football","19","Varsity","10/30-12/5","","","Class 3 State Tournament","tournament","https://www.mshsaa.org/MySchool/Schedule.aspx?s=16&alg=19","https://www.mshsaa.org/Activities/DistrictWinners.aspx?alg=19&class=3&year=2026"
"582","California High School","Football","19","Varsity","10/30-12/4","","","Class 2 State Tournament","tournament","https://www.mshsaa.org/MySchool/Schedule.aspx?s=582&alg=19","https://www.mshsaa.org/Activities/DistrictWinners.aspx?alg=19&class=2&year=2026"
"26","Camdenton High School","Football","19","Varsity","10/30-12/5","","","Class 5 State Tournament","tournament","https://www.mshsaa.org/MySchool/Schedule.aspx?s=26&alg=19","https://www.mshsaa.org/Activities/DistrictWinners.aspx?alg=19&class=5&year=2026"
"1540","Capital City High School","Football","19","Varsity","10/30-12/5","","","Class 5 State Tournament","tournament","https://www.mshsaa.org/MySchool/Schedule.aspx?s=1540&alg=19","https://www.mshsaa.org/Activities/DistrictWinners.aspx?alg=19&class=5&year=2026"
"53","Centralia High School","Football","19","Varsity","10/30-12/4","","","Class 2 State Tournament","tournament","https://www.mshsaa.org/MySchool/Schedule.aspx?s=53&alg=19","https://www.mshsaa.org/Activities/DistrictWinners.aspx?alg=19&class=2&year=2026"
"278","Eldon High School","Football","19","Varsity","10/30-12/5","","","Class 3 State Tournament","tournament","https://www.mshsaa.org/MySchool/Schedule.aspx?s=278&alg=19","https://www.mshsaa.org/Activities/DistrictWinners.aspx?alg=19&class=3&year=2026"
"917","Father Tolton","Football","19","Varsity","10/30-12/4","","","Class 2 State Tournament","tournament","https://www.mshsaa.org/MySchool/Schedule.aspx?s=917&alg=19","https://www.mshsaa.org/Activities/DistrictWinners.aspx?alg=19&class=2&year=2026"
"294","Fayette High School","Football","19","Varsity","10/30-12/5","","","Class 1 State Tournament","tournament","https://www.mshsaa.org/MySchool/Schedule.aspx?s=294&alg=19","https://www.mshsaa.org/Activities/DistrictWinners.aspx?alg=19&class=1&year=2026"
"80","Fulton High School","Football","19","Varsity","10/30-12/5","","","Class 3 State Tournament","tournament","https://www.mshsaa.org/MySchool/Schedule.aspx?s=80&alg=19","https://www.mshsaa.org/Activities/DistrictWinners.aspx?alg=19&class=3&year=2026"
"311","Hallsville High School","Football","19","Varsity","10/30-12/5","","","Class 3 State Tournament","tournament","https://www.mshsaa.org/MySchool/Schedule.aspx?s=311&alg=19","https://www.mshsaa.org/Activities/DistrictWinners.aspx?alg=19&class=3&year=2026"
"313","Harrisburg High School","Football","19","Varsity","10/30-12/5","","","Class 1 State Tournament","tournament","https://www.mshsaa.org/MySchool/Schedule.aspx?s=313&alg=19","https://www.mshsaa.org/Activities/DistrictWinners.aspx?alg=19&class=1&year=2026"
"522","Helias High School","Football","19","Varsity","10/30-12/5","","","Class 5 State Tournament","tournament","https://www.mshsaa.org/MySchool/Schedule.aspx?s=522&alg=19","https://www.mshsaa.org/Activities/DistrictWinners.aspx?alg=19&class=5&year=2026"
"85","Hickman High School","Football","19","Varsity","10/30-12/4","","","Class 6 State Tournament","tournament","https://www.mshsaa.org/MySchool/Schedule.aspx?s=85&alg=19","https://www.mshsaa.org/Activities/DistrictWinners.aspx?alg=19&class=6&year=2026"
"84","Jefferson City High School","Football","19","Varsity","10/30-12/5","","","Class 5 State Tournament","tournament","https://www.mshsaa.org/MySchool/Schedule.aspx?s=84&alg=19","https://www.mshsaa.org/Activities/DistrictWinners.aspx?alg=19&class=5&year=2026"
"360","Marshall High School","Football","19","Varsity","10/30-12/4","","","Class 4 State Tournament","tournament","https://www.mshsaa.org/MySchool/Schedule.aspx?s=360&alg=19","https://www.mshsaa.org/Activities/DistrictWinners.aspx?alg=19&class=4&year=2026"
"128","Mexico High School","Football","19","Varsity","10/30-12/4","","","Class 4 State Tournament","tournament","https://www.mshsaa.org/MySchool/Schedule.aspx?s=128&alg=19","https://www.mshsaa.org/Activities/DistrictWinners.aspx?alg=19&class=4&year=2026"
"132","Moberly High School","Football","19","Varsity","10/30-12/4","","","Class 4 State Tournament","tournament","https://www.mshsaa.org/MySchool/Schedule.aspx?s=132&alg=19","https://www.mshsaa.org/Activities/DistrictWinners.aspx?alg=19&class=4&year=2026"
"139","North Callaway High School","Football","19","Varsity","10/30-12/4","","","Class 2 State Tournament","tournament","https://www.mshsaa.org/MySchool/Schedule.aspx?s=139&alg=19","https://www.mshsaa.org/Activities/DistrictWinners.aspx?alg=19&class=2&year=2026"
"152","Osage High School","Football","19","Varsity","10/30-12/4","","","Class 4 State Tournament","tournament","https://www.mshsaa.org/MySchool/Schedule.aspx?s=152&alg=19","https://www.mshsaa.org/Activities/DistrictWinners.aspx?alg=19&class=4&year=2026"
"578","Rock Bridge High School","Football","19","Varsity","10/30-12/4","","","Class 6 State Tournament","tournament","https://www.mshsaa.org/MySchool/Schedule.aspx?s=578&alg=19","https://www.mshsaa.org/Activities/DistrictWinners.aspx?alg=19&class=6&year=2026"
"430","Russellville High School","Football","19","Varsity","10/30-12/5","","","Class 1 State Tournament","tournament","https://www.mshsaa.org/MySchool/Schedule.aspx?s=430&alg=19","https://www.mshsaa.org/Activities/DistrictWinners.aspx?alg=19&class=1&year=2026"
"431","Salisbury High School","Football","19","Varsity","10/30-12/5","","","Class 1 State Tournament","tournament","https://www.mshsaa.org/MySchool/Schedule.aspx?s=431&alg=19","https://www.mshsaa.org/Activities/DistrictWinners.aspx?alg=19&class=1&year=2026"
"194","Smith-Cotton High School","Football","19","Varsity","10/30-12/5","","","Class 5 State Tournament","tournament","https://www.mshsaa.org/MySchool/Schedule.aspx?s=194&alg=19","https://www.mshsaa.org/Activities/DistrictWinners.aspx?alg=19&class=5&year=2026"
"197","South Callaway High School","Football","19","Varsity","10/30-12/4","","","Class 2 State Tournament","tournament","https://www.mshsaa.org/MySchool/Schedule.aspx?s=197&alg=19","https://www.mshsaa.org/Activities/DistrictWinners.aspx?alg=19&class=2&year=2026"
"2","Southern Boone High School","Football","19","Varsity","10/30-12/5","","","Class 3 State Tournament","tournament","https://www.mshsaa.org/MySchool/Schedule.aspx?s=2&alg=19","https://www.mshsaa.org/Activities/DistrictWinners.aspx?alg=19&class=3&year=2026"
"474","Tipton High School","Football","19","Varsity","10/30-12/5","","","Class 1 State Tournament","tournament","https://www.mshsaa.org/MySchool/Schedule.aspx?s=474&alg=19","https://www.mshsaa.org/Activities/DistrictWinners.aspx?alg=19&class=1&year=2026"
"485","Versailles High School","Football","19","Varsity","10/30-12/4","","","Class 2 State Tournament","tournament","https://www.mshsaa.org/MySchool/Schedule.aspx?s=485&alg=19","https://www.mshsaa.org/Activities/DistrictWinners.aspx?alg=19&class=2&year=2026"
"953","Battle High School","Volleyball Girls","57","Varsity","10/31-11/7","","","Class 5 State Tournament","tournament","https://www.mshsaa.org/MySchool/Schedule.aspx?s=953&alg=57","https://www.mshsaa.org/Activities/DistrictWinners.aspx?alg=57&class=5&year=2026"
"26","Camdenton High School","Volleyball Girls","57","Varsity","10/31-11/6","","","Class 4 State Tournament","tournament","https://www.mshsaa.org/MySchool/Schedule.aspx?s=26&alg=57","https://www.mshsaa.org/Activities/DistrictWinners.aspx?alg=57&class=4&year=2026"
"1540","Capital City High School","Swimming and Diving Boys","44","Varsity","10/31","10:00 am","","Hickman","home","https://www.mshsaa.org/MySchool/Schedule.aspx?s=1540&alg=44","https://www.mshsaa.org/MySchool/Matchup.aspx?s=1540&alg=44&comp=2692799"
"1540","Capital City High School","Volleyball Girls","57","Varsity","10/31-11/6","","","Class 4 State Tournament","tournament","https://www.mshsaa.org/MySchool/Schedule.aspx?s=1540&alg=57","https://www.mshsaa.org/Activities/DistrictWinners.aspx?alg=57&class=4&year=2026"
"1099","Christian Fellowship","Swimming and Diving Boys","44","Varsity","10/31","","","COMO Senior Day","tournament","https://www.mshsaa.org/MySchool/Schedule.aspx?s=1099&alg=44","https://www.mshsaa.org/MySchool/Tournament.aspx?s=1099&alg=44&tournament=594251"
"566","Columbia Independent","Swimming and Diving Boys","44","Varsity","10/31","","","COMO Senior Day","tournament","https://www.mshsaa.org/MySchool/Schedule.aspx?s=566&alg=44","https://www.mshsaa.org/MySchool/Tournament.aspx?s=566&alg=44&tournament=594251"
"917","Father Tolton","Cross Country Boys","11","Varsity","10/31","","","District Meet","tournament","https://www.mshsaa.org/MySchool/Schedule.aspx?s=917&alg=11","https://www.mshsaa.org/MySchool/Tournament.aspx?s=917&alg=11&tournament=595713"
"917","Father Tolton","Cross Country Girls","12","Varsity","10/31","","","District Meet","tournament","https://www.mshsaa.org/MySchool/Schedule.aspx?s=917&alg=12","https://www.mshsaa.org/MySchool/Tournament.aspx?s=917&alg=12&tournament=595712"
"80","Fulton High School","Cross Country Boys","11","Varsity","10/31","","","Class 3 Districts","tournament","https://www.mshsaa.org/MySchool/Schedule.aspx?s=80&alg=11","https://www.mshsaa.org/MySchool/Tournament.aspx?s=80&alg=11&tournament=580272"
"80","Fulton High School","Cross Country Girls","12","Varsity","10/31","","","Class 3 Districts","tournament","https://www.mshsaa.org/MySchool/Schedule.aspx?s=80&alg=12","https://www.mshsaa.org/MySchool/Tournament.aspx?s=80&alg=12&tournament=594838"
"522","Helias High School","Volleyball Girls","57","Varsity","10/31-11/6","","","Class 4 State Tournament","tournament","https://www.mshsaa.org/MySchool/Schedule.aspx?s=522&alg=57","https://www.mshsaa.org/Activities/DistrictWinners.aspx?alg=57&class=4&year=2026"
"85","Hickman High School","Swimming and Diving Boys","44","Varsity","10/31","","","Senior Day","tournament","https://www.mshsaa.org/MySchool/Schedule.aspx?s=85&alg=44","https://www.mshsaa.org/MySchool/Tournament.aspx?s=85&alg=44&tournament=592812"
"85","Hickman High School","Volleyball Girls","57","Varsity","10/31-11/7","","","Class 5 State Tournament","tournament","https://www.mshsaa.org/MySchool/Schedule.aspx?s=85&alg=57","https://www.mshsaa.org/Activities/DistrictWinners.aspx?alg=57&class=5&year=2026"
"84","Jefferson City High School","Cross Country Boys","11","Varsity","10/31","","","District Meet","tournament","https://www.mshsaa.org/MySchool/Schedule.aspx?s=84&alg=11","https://www.mshsaa.org/MySchool/Tournament.aspx?s=84&alg=11&tournament=540383"
"84","Jefferson City High School","Cross Country Girls","12","Varsity","10/31","","","District Meet","tournament","https://www.mshsaa.org/MySchool/Schedule.aspx?s=84&alg=12","https://www.mshsaa.org/MySchool/Tournament.aspx?s=84&alg=12&tournament=566511"
"84","Jefferson City High School","Swimming and Diving Boys","44","Varsity","10/31","","","Hickman High School","tournament","https://www.mshsaa.org/MySchool/Schedule.aspx?s=84&alg=44","https://www.mshsaa.org/MySchool/Tournament.aspx?s=84&alg=44&tournament=593356"
"84","Jefferson City High School","Volleyball Girls","57","Varsity","10/31-11/6","","","Class 4 State Tournament","tournament","https://www.mshsaa.org/MySchool/Schedule.aspx?s=84&alg=57","https://www.mshsaa.org/Activities/DistrictWinners.aspx?alg=57&class=4&year=2026"
"360","Marshall High School","Volleyball Girls","57","Varsity","10/31-11/6","","","Class 4 State Tournament","tournament","https://www.mshsaa.org/MySchool/Schedule.aspx?s=360&alg=57","https://www.mshsaa.org/Activities/DistrictWinners.aspx?alg=57&class=4&year=2026"
"578","Rock Bridge High School","Volleyball Girls","57","Varsity","10/31-11/7","","","Class 5 State Tournament","tournament","https://www.mshsaa.org/MySchool/Schedule.aspx?s=578&alg=57","https://www.mshsaa.org/Activities/DistrictWinners.aspx?alg=57&class=5&year=2026"
"194","Smith-Cotton High School","Volleyball Girls","57","Varsity","10/31-11/7","","","Class 5 State Tournament","tournament","https://www.mshsaa.org/MySchool/Schedule.aspx?s=194&alg=57","https://www.mshsaa.org/Activities/DistrictWinners.aspx?alg=57&class=5&year=2026"
